institution,period,table_type,table_title,section_no,line_no,row_lvl1,row_lvl2,row_lvl3,row_lvl4,row_lvl5,row_depth,col_lvl1,col_lvl2,col_depth,value_num,value_raw,cell_state,is_shade,colspan,concept_key,geo_key,row_header_id,col_header_id,doc_id,table_id,row_id,col_id,row_hierarchy
Oversea-Chinese Banking Corporation Limited,2024-12-31,nsfr,NSFR Disclosure Template,,1,ASF Item,Capital:,,,,2,Unweighted value by residual maturity,No Maturity,2,52898.0,"52,898",reported,0,1,asf_capital,,2,1,ocbc_4q24_p3,nsfr_dec24,2,1,1
Oversea-Chinese Banking Corporation Limited,2024-12-31,nsfr,NSFR Disclosure Template,,1,ASF Item,Capital:,,,,2,Unweighted value by residual maturity,< 6 months,2,,-,null,0,1,asf_capital,,2,2,ocbc_4q24_p3,nsfr_dec24,2,2,1
Oversea-Chinese Banking Corporation Limited,2024-12-31,nsfr,NSFR Disclosure Template,,1,ASF Item,Capital:,,,,2,Unweighted value by residual maturity,6 months to <1 yr,2,1326.0,"1,326",reported,0,1,asf_capital,,2,3,ocbc_4q24_p3,nsfr_dec24,2,3,1
Oversea-Chinese Banking Corporation Limited,2024-12-31,nsfr,NSFR Disclosure Template,,1,ASF Item,Capital:,,,,2,Unweighted value by residual maturity,≥ 1yr,2,4699.0,"4,699",reported,0,1,asf_capital,,2,4,ocbc_4q24_p3,nsfr_dec24,2,4,1
Oversea-Chinese Banking Corporation Limited,2024-12-31,nsfr,NSFR Disclosure Template,,1,ASF Item,Capital:,,,,2,Weighted value,,1,58260.0,"58,260",reported,0,1,asf_capital,,2,5,ocbc_4q24_p3,nsfr_dec24,2,5,1
Oversea-Chinese Banking Corporation Limited,2024-12-31,nsfr,NSFR Disclosure Template,,2,ASF Item,Capital:,Regulatory capital,,,3,Unweighted value by residual maturity,No Maturity,2,52898.0,"52,898",reported,0,1,asf_capital_reg,,3,1,ocbc_4q24_p3,nsfr_dec24,3,1,2
Oversea-Chinese Banking Corporation Limited,2024-12-31,nsfr,NSFR Disclosure Template,,2,ASF Item,Capital:,Regulatory capital,,,3,Unweighted value by residual maturity,< 6 months,2,,-,null,0,1,asf_capital_reg,,3,2,ocbc_4q24_p3,nsfr_dec24,3,2,2
Oversea-Chinese Banking Corporation Limited,2024-12-31,nsfr,NSFR Disclosure Template,,2,ASF Item,Capital:,Regulatory capital,,,3,Unweighted value by residual maturity,6 months to <1 yr,2,,-,null,0,1,asf_capital_reg,,3,3,ocbc_4q24_p3,nsfr_dec24,3,3,2
Oversea-Chinese Banking Corporation Limited,2024-12-31,nsfr,NSFR Disclosure Template,,2,ASF Item,Capital:,Regulatory capital,,,3,Unweighted value by residual maturity,≥ 1yr,2,4699.0,"4,699",reported,0,1,asf_capital_reg,,3,4,ocbc_4q24_p3,nsfr_dec24,3,4,2
Oversea-Chinese Banking Corporation Limited,2024-12-31,nsfr,NSFR Disclosure Template,,2,ASF Item,Capital:,Regulatory capital,,,3,Weighted value,,1,57597.0,"57,597",reported,0,1,asf_capital_reg,,3,5,ocbc_4q24_p3,nsfr_dec24,3,5,2
Oversea-Chinese Banking Corporation Limited,2024-12-31,nsfr,NSFR Disclosure Template,,3,ASF Item,Capital:,Other capital instruments,,,3,Unweighted value by residual maturity,No Maturity,2,,-,null,0,1,asf_capital_other,,4,1,ocbc_4q24_p3,nsfr_dec24,4,1,2
Oversea-Chinese Banking Corporation Limited,2024-12-31,nsfr,NSFR Disclosure Template,,3,ASF Item,Capital:,Other capital instruments,,,3,Unweighted value by residual maturity,< 6 months,2,,-,null,0,1,asf_capital_other,,4,2,ocbc_4q24_p3,nsfr_dec24,4,2,2
Oversea-Chinese Banking Corporation Limited,2024-12-31,nsfr,NSFR Disclosure Template,,3,ASF Item,Capital:,Other capital instruments,,,3,Unweighted value by residual maturity,6 months to <1 yr,2,1326.0,"1,326",reported,0,1,asf_capital_other,,4,3,ocbc_4q24_p3,nsfr_dec24,4,3,2
Oversea-Chinese Banking Corporation Limited,2024-12-31,nsfr,NSFR Disclosure Template,,3,ASF Item,Capital:,Other capital instruments,,,3,Unweighted value by residual maturity,≥ 1yr,2,,-,null,0,1,asf_capital_other,,4,4,ocbc_4q24_p3,nsfr_dec24,4,4,2
Oversea-Chinese Banking Corporation Limited,2024-12-31,nsfr,NSFR Disclosure Template,,3,ASF Item,Capital:,Other capital instruments,,,3,Weighted value,,1,663.0,663,reported,0,1,asf_capital_other,,4,5,ocbc_4q24_p3,nsfr_dec24,4,5,2
Oversea-Chinese Banking Corporation Limited,2024-12-31,nsfr,NSFR Disclosure Template,,4,ASF Item,Retail deposits and deposits from small business customers:,,,,2,Unweighted value by residual maturity,No Maturity,2,119040.0,"119,040",reported,0,1,asf_retail,,5,1,ocbc_4q24_p3,nsfr_dec24,5,1,1
Oversea-Chinese Banking Corporation Limited,2024-12-31,nsfr,NSFR Disclosure Template,,4,ASF Item,Retail deposits and deposits from small business customers:,,,,2,Unweighted value by residual maturity,< 6 months,2,78415.0,"78,415",reported,0,1,asf_retail,,5,2,ocbc_4q24_p3,nsfr_dec24,5,2,1
Oversea-Chinese Banking Corporation Limited,2024-12-31,nsfr,NSFR Disclosure Template,,4,ASF Item,Retail deposits and deposits from small business customers:,,,,2,Unweighted value by residual maturity,6 months to <1 yr,2,4206.0,"4,206",reported,0,1,asf_retail,,5,3,ocbc_4q24_p3,nsfr_dec24,5,3,1
Oversea-Chinese Banking Corporation Limited,2024-12-31,nsfr,NSFR Disclosure Template,,4,ASF Item,Retail deposits and deposits from small business customers:,,,,2,Unweighted value by residual maturity,≥ 1yr,2,707.0,707,reported,0,1,asf_retail,,5,4,ocbc_4q24_p3,nsfr_dec24,5,4,1
Oversea-Chinese Banking Corporation Limited,2024-12-31,nsfr,NSFR Disclosure Template,,4,ASF Item,Retail deposits and deposits from small business customers:,,,,2,Weighted value,,1,185318.0,"185,318",reported,0,1,asf_retail,,5,5,ocbc_4q24_p3,nsfr_dec24,5,5,1
Oversea-Chinese Banking Corporation Limited,2024-12-31,nsfr,NSFR Disclosure Template,,5,ASF Item,Retail deposits and deposits from small business customers:,Stable deposits,,,3,Unweighted value by residual maturity,No Maturity,2,53372.0,"53,372",reported,0,1,asf_retail_stable,,6,1,ocbc_4q24_p3,nsfr_dec24,6,1,2
Oversea-Chinese Banking Corporation Limited,2024-12-31,nsfr,NSFR Disclosure Template,,5,ASF Item,Retail deposits and deposits from small business customers:,Stable deposits,,,3,Unweighted value by residual maturity,< 6 months,2,8925.0,"8,925",reported,0,1,asf_retail_stable,,6,2,ocbc_4q24_p3,nsfr_dec24,6,2,2
Oversea-Chinese Banking Corporation Limited,2024-12-31,nsfr,NSFR Disclosure Template,,5,ASF Item,Retail deposits and deposits from small business customers:,Stable deposits,,,3,Unweighted value by residual maturity,6 months to <1 yr,2,30.0,30,reported,0,1,asf_retail_stable,,6,3,ocbc_4q24_p3,nsfr_dec24,6,3,2
Oversea-Chinese Banking Corporation Limited,2024-12-31,nsfr,NSFR Disclosure Template,,5,ASF Item,Retail deposits and deposits from small business customers:,Stable deposits,,,3,Unweighted value by residual maturity,≥ 1yr,2,,-,null,0,1,asf_retail_stable,,6,4,ocbc_4q24_p3,nsfr_dec24,6,4,2
Oversea-Chinese Banking Corporation Limited,2024-12-31,nsfr,NSFR Disclosure Template,,5,ASF Item,Retail deposits and deposits from small business customers:,Stable deposits,,,3,Weighted value,,1,59211.0,"59,211",reported,0,1,asf_retail_stable,,6,5,ocbc_4q24_p3,nsfr_dec24,6,5,2
Oversea-Chinese Banking Corporation Limited,2024-12-31,nsfr,NSFR Disclosure Template,,6,ASF Item,Retail deposits and deposits from small business customers:,Less stable deposits,,,3,Unweighted value by residual maturity,No Maturity,2,65669.0,"65,669",reported,0,1,asf_retail_less,,7,1,ocbc_4q24_p3,nsfr_dec24,7,1,2
Oversea-Chinese Banking Corporation Limited,2024-12-31,nsfr,NSFR Disclosure Template,,6,ASF Item,Retail deposits and deposits from small business customers:,Less stable deposits,,,3,Unweighted value by residual maturity,< 6 months,2,69490.0,"69,490",reported,0,1,asf_retail_less,,7,2,ocbc_4q24_p3,nsfr_dec24,7,2,2
Oversea-Chinese Banking Corporation Limited,2024-12-31,nsfr,NSFR Disclosure Template,,6,ASF Item,Retail deposits and deposits from small business customers:,Less stable deposits,,,3,Unweighted value by residual maturity,6 months to <1 yr,2,4176.0,"4,176",reported,0,1,asf_retail_less,,7,3,ocbc_4q24_p3,nsfr_dec24,7,3,2
Oversea-Chinese Banking Corporation Limited,2024-12-31,nsfr,NSFR Disclosure Template,,6,ASF Item,Retail deposits and deposits from small business customers:,Less stable deposits,,,3,Unweighted value by residual maturity,≥ 1yr,2,707.0,707,reported,0,1,asf_retail_less,,7,4,ocbc_4q24_p3,nsfr_dec24,7,4,2
Oversea-Chinese Banking Corporation Limited,2024-12-31,nsfr,NSFR Disclosure Template,,6,ASF Item,Retail deposits and deposits from small business customers:,Less stable deposits,,,3,Weighted value,,1,126108.0,"126,108",reported,0,1,asf_retail_less,,7,5,ocbc_4q24_p3,nsfr_dec24,7,5,2
Oversea-Chinese Banking Corporation Limited,2024-12-31,nsfr,NSFR Disclosure Template,,7,ASF Item,Wholesale funding:,,,,2,Unweighted value by residual maturity,No Maturity,2,77394.0,"77,394",reported,0,1,asf_wholesale,,8,1,ocbc_4q24_p3,nsfr_dec24,8,1,1
Oversea-Chinese Banking Corporation Limited,2024-12-31,nsfr,NSFR Disclosure Template,,7,ASF Item,Wholesale funding:,,,,2,Unweighted value by residual maturity,< 6 months,2,142613.0,"142,613",reported,0,1,asf_wholesale,,8,2,ocbc_4q24_p3,nsfr_dec24,8,2,1
Oversea-Chinese Banking Corporation Limited,2024-12-31,nsfr,NSFR Disclosure Template,,7,ASF Item,Wholesale funding:,,,,2,Unweighted value by residual maturity,6 months to <1 yr,2,8111.0,"8,111",reported,0,1,asf_wholesale,,8,3,ocbc_4q24_p3,nsfr_dec24,8,3,1
Oversea-Chinese Banking Corporation Limited,2024-12-31,nsfr,NSFR Disclosure Template,,7,ASF Item,Wholesale funding:,,,,2,Unweighted value by residual maturity,≥ 1yr,2,4509.0,"4,509",reported,0,1,asf_wholesale,,8,4,ocbc_4q24_p3,nsfr_dec24,8,4,1
Oversea-Chinese Banking Corporation Limited,2024-12-31,nsfr,NSFR Disclosure Template,,7,ASF Item,Wholesale funding:,,,,2,Weighted value,,1,75550.0,"75,550",reported,0,1,asf_wholesale,,8,5,ocbc_4q24_p3,nsfr_dec24,8,5,1
Oversea-Chinese Banking Corporation Limited,2024-12-31,nsfr,NSFR Disclosure Template,,8,ASF Item,Wholesale funding:,Operational deposits,,,3,Unweighted value by residual maturity,No Maturity,2,42024.0,"42,024",reported,0,1,asf_ws_op,,9,1,ocbc_4q24_p3,nsfr_dec24,9,1,2
Oversea-Chinese Banking Corporation Limited,2024-12-31,nsfr,NSFR Disclosure Template,,8,ASF Item,Wholesale funding:,Operational deposits,,,3,Unweighted value by residual maturity,< 6 months,2,,-,null,0,1,asf_ws_op,,9,2,ocbc_4q24_p3,nsfr_dec24,9,2,2
Oversea-Chinese Banking Corporation Limited,2024-12-31,nsfr,NSFR Disclosure Template,,8,ASF Item,Wholesale funding:,Operational deposits,,,3,Unweighted value by residual maturity,6 months to <1 yr,2,,-,null,0,1,asf_ws_op,,9,3,ocbc_4q24_p3,nsfr_dec24,9,3,2
Oversea-Chinese Banking Corporation Limited,2024-12-31,nsfr,NSFR Disclosure Template,,8,ASF Item,Wholesale funding:,Operational deposits,,,3,Unweighted value by residual maturity,≥ 1yr,2,,-,null,0,1,asf_ws_op,,9,4,ocbc_4q24_p3,nsfr_dec24,9,4,2
Oversea-Chinese Banking Corporation Limited,2024-12-31,nsfr,NSFR Disclosure Template,,8,ASF Item,Wholesale funding:,Operational deposits,,,3,Weighted value,,1,21012.0,"21,012",reported,0,1,asf_ws_op,,9,5,ocbc_4q24_p3,nsfr_dec24,9,5,2
Oversea-Chinese Banking Corporation Limited,2024-12-31,nsfr,NSFR Disclosure Template,,9,ASF Item,Wholesale funding:,Other wholesale funding,,,3,Unweighted value by residual maturity,No Maturity,2,35370.0,"35,370",reported,0,1,asf_ws_other,,10,1,ocbc_4q24_p3,nsfr_dec24,10,1,2
Oversea-Chinese Banking Corporation Limited,2024-12-31,nsfr,NSFR Disclosure Template,,9,ASF Item,Wholesale funding:,Other wholesale funding,,,3,Unweighted value by residual maturity,< 6 months,2,142613.0,"142,613",reported,0,1,asf_ws_other,,10,2,ocbc_4q24_p3,nsfr_dec24,10,2,2
Oversea-Chinese Banking Corporation Limited,2024-12-31,nsfr,NSFR Disclosure Template,,9,ASF Item,Wholesale funding:,Other wholesale funding,,,3,Unweighted value by residual maturity,6 months to <1 yr,2,8111.0,"8,111",reported,0,1,asf_ws_other,,10,3,ocbc_4q24_p3,nsfr_dec24,10,3,2
Oversea-Chinese Banking Corporation Limited,2024-12-31,nsfr,NSFR Disclosure Template,,9,ASF Item,Wholesale funding:,Other wholesale funding,,,3,Unweighted value by residual maturity,≥ 1yr,2,4509.0,"4,509",reported,0,1,asf_ws_other,,10,4,ocbc_4q24_p3,nsfr_dec24,10,4,2
Oversea-Chinese Banking Corporation Limited,2024-12-31,nsfr,NSFR Disclosure Template,,9,ASF Item,Wholesale funding:,Other wholesale funding,,,3,Weighted value,,1,54538.0,"54,538",reported,0,1,asf_ws_other,,10,5,ocbc_4q24_p3,nsfr_dec24,10,5,2
Oversea-Chinese Banking Corporation Limited,2024-12-31,nsfr,NSFR Disclosure Template,,10,ASF Item,Liabilities with matching interdependent assets,,,,2,Unweighted value by residual maturity,No Maturity,2,,-,null,0,1,asf_interdep,,11,1,ocbc_4q24_p3,nsfr_dec24,11,1,1
Oversea-Chinese Banking Corporation Limited,2024-12-31,nsfr,NSFR Disclosure Template,,10,ASF Item,Liabilities with matching interdependent assets,,,,2,Unweighted value by residual maturity,< 6 months,2,,-,null,0,1,asf_interdep,,11,2,ocbc_4q24_p3,nsfr_dec24,11,2,1
Oversea-Chinese Banking Corporation Limited,2024-12-31,nsfr,NSFR Disclosure Template,,10,ASF Item,Liabilities with matching interdependent assets,,,,2,Unweighted value by residual maturity,6 months to <1 yr,2,,-,null,0,1,asf_interdep,,11,3,ocbc_4q24_p3,nsfr_dec24,11,3,1
Oversea-Chinese Banking Corporation Limited,2024-12-31,nsfr,NSFR Disclosure Template,,10,ASF Item,Liabilities with matching interdependent assets,,,,2,Unweighted value by residual maturity,≥ 1yr,2,,-,null,0,1,asf_interdep,,11,4,ocbc_4q24_p3,nsfr_dec24,11,4,1
Oversea-Chinese Banking Corporation Limited,2024-12-31,nsfr,NSFR Disclosure Template,,10,ASF Item,Liabilities with matching interdependent assets,,,,2,Weighted value,,1,,-,null,0,1,asf_interdep,,11,5,ocbc_4q24_p3,nsfr_dec24,11,5,1
Oversea-Chinese Banking Corporation Limited,2024-12-31,nsfr,NSFR Disclosure Template,,11,ASF Item,Other liabilities:,,,,2,Unweighted value by residual maturity,No Maturity,2,5558.0,"5,558",reported,0,1,asf_other,,12,1,ocbc_4q24_p3,nsfr_dec24,12,1,1
Oversea-Chinese Banking Corporation Limited,2024-12-31,nsfr,NSFR Disclosure Template,,11,ASF Item,Other liabilities:,,,,2,Unweighted value by residual maturity,< 6 months,2,11518.0,"11,518",reported,0,3,asf_other,,12,2,ocbc_4q24_p3,nsfr_dec24,12,2,1
Oversea-Chinese Banking Corporation Limited,2024-12-31,nsfr,NSFR Disclosure Template,,11,ASF Item,Other liabilities:,,,,2,Weighted value,,1,158.0,158,reported,0,1,asf_other,,12,5,ocbc_4q24_p3,nsfr_dec24,12,5,1
Oversea-Chinese Banking Corporation Limited,2024-12-31,nsfr,NSFR Disclosure Template,,12,ASF Item,Other liabilities:,NSFR derivative liabilities,,,3,Unweighted value by residual maturity,No Maturity,2,,,empty,1,1,asf_other_deriv,,13,1,ocbc_4q24_p3,nsfr_dec24,13,1,2
Oversea-Chinese Banking Corporation Limited,2024-12-31,nsfr,NSFR Disclosure Template,,12,ASF Item,Other liabilities:,NSFR derivative liabilities,,,3,Unweighted value by residual maturity,< 6 months,2,5046.0,"5,046",reported,0,3,asf_other_deriv,,13,2,ocbc_4q24_p3,nsfr_dec24,13,2,2
Oversea-Chinese Banking Corporation Limited,2024-12-31,nsfr,NSFR Disclosure Template,,12,ASF Item,Other liabilities:,NSFR derivative liabilities,,,3,Weighted value,,1,,,empty,1,1,asf_other_deriv,,13,5,ocbc_4q24_p3,nsfr_dec24,13,5,2
Oversea-Chinese Banking Corporation Limited,2024-12-31,nsfr,NSFR Disclosure Template,,13,ASF Item,Other liabilities:,All other liabilities and equity not included in the above categories,,,3,Unweighted value by residual maturity,No Maturity,2,5558.0,"5,558",reported,0,1,asf_other_rest,,14,1,ocbc_4q24_p3,nsfr_dec24,14,1,2
Oversea-Chinese Banking Corporation Limited,2024-12-31,nsfr,NSFR Disclosure Template,,13,ASF Item,Other liabilities:,All other liabilities and equity not included in the above categories,,,3,Unweighted value by residual maturity,< 6 months,2,6311.0,"6,311",reported,0,1,asf_other_rest,,14,2,ocbc_4q24_p3,nsfr_dec24,14,2,2
Oversea-Chinese Banking Corporation Limited,2024-12-31,nsfr,NSFR Disclosure Template,,13,ASF Item,Other liabilities:,All other liabilities and equity not included in the above categories,,,3,Unweighted value by residual maturity,6 months to <1 yr,2,,-,null,0,1,asf_other_rest,,14,3,ocbc_4q24_p3,nsfr_dec24,14,3,2
Oversea-Chinese Banking Corporation Limited,2024-12-31,nsfr,NSFR Disclosure Template,,13,ASF Item,Other liabilities:,All other liabilities and equity not included in the above categories,,,3,Unweighted value by residual maturity,≥ 1yr,2,161.0,161,reported,0,1,asf_other_rest,,14,4,ocbc_4q24_p3,nsfr_dec24,14,4,2
Oversea-Chinese Banking Corporation Limited,2024-12-31,nsfr,NSFR Disclosure Template,,13,ASF Item,Other liabilities:,All other liabilities and equity not included in the above categories,,,3,Weighted value,,1,158.0,158,reported,0,1,asf_other_rest,,14,5,ocbc_4q24_p3,nsfr_dec24,14,5,2
Oversea-Chinese Banking Corporation Limited,2024-12-31,nsfr,NSFR Disclosure Template,,14,ASF Item,Total ASF,,,,2,Unweighted value by residual maturity,No Maturity,2,,,empty,1,4,asf_total,,15,1,ocbc_4q24_p3,nsfr_dec24,15,1,1
Oversea-Chinese Banking Corporation Limited,2024-12-31,nsfr,NSFR Disclosure Template,,14,ASF Item,Total ASF,,,,2,Weighted value,,1,319286.0,"319,286",reported,0,1,asf_total,,15,5,ocbc_4q24_p3,nsfr_dec24,15,5,1
Oversea-Chinese Banking Corporation Limited,2024-12-31,nsfr,NSFR Disclosure Template,,15,RSF Item,Total NSFR HQLA,,,,2,Unweighted value by residual maturity,No Maturity,2,,,empty,1,4,,,17,1,ocbc_4q24_p3,nsfr_dec24,17,1,1
Oversea-Chinese Banking Corporation Limited,2024-12-31,nsfr,NSFR Disclosure Template,,15,RSF Item,Total NSFR HQLA,,,,2,Weighted value,,1,7784.0,"7,784",reported,0,1,,,17,5,ocbc_4q24_p3,nsfr_dec24,17,5,1
Oversea-Chinese Banking Corporation Limited,2024-12-31,nsfr,NSFR Disclosure Template,,16,RSF Item,Deposits held at other financial institutions for operational purposes,,,,2,Unweighted value by residual maturity,No Maturity,2,,-,null,0,1,rsf_fi_op,,18,1,ocbc_4q24_p3,nsfr_dec24,18,1,1
Oversea-Chinese Banking Corporation Limited,2024-12-31,nsfr,NSFR Disclosure Template,,16,RSF Item,Deposits held at other financial institutions for operational purposes,,,,2,Unweighted value by residual maturity,< 6 months,2,,-,null,0,1,rsf_fi_op,,18,2,ocbc_4q24_p3,nsfr_dec24,18,2,1
Oversea-Chinese Banking Corporation Limited,2024-12-31,nsfr,NSFR Disclosure Template,,16,RSF Item,Deposits held at other financial institutions for operational purposes,,,,2,Unweighted value by residual maturity,6 months to <1 yr,2,,-,null,0,1,rsf_fi_op,,18,3,ocbc_4q24_p3,nsfr_dec24,18,3,1
Oversea-Chinese Banking Corporation Limited,2024-12-31,nsfr,NSFR Disclosure Template,,16,RSF Item,Deposits held at other financial institutions for operational purposes,,,,2,Unweighted value by residual maturity,≥ 1yr,2,,-,null,0,1,rsf_fi_op,,18,4,ocbc_4q24_p3,nsfr_dec24,18,4,1
Oversea-Chinese Banking Corporation Limited,2024-12-31,nsfr,NSFR Disclosure Template,,16,RSF Item,Deposits held at other financial institutions for operational purposes,,,,2,Weighted value,,1,,-,null,0,1,rsf_fi_op,,18,5,ocbc_4q24_p3,nsfr_dec24,18,5,1
Oversea-Chinese Banking Corporation Limited,2024-12-31,nsfr,NSFR Disclosure Template,,17,RSF Item,Performing loans and securities:,,,,2,Unweighted value by residual maturity,No Maturity,2,8516.0,"8,516",reported,0,1,rsf_perf,,19,1,ocbc_4q24_p3,nsfr_dec24,19,1,1
Oversea-Chinese Banking Corporation Limited,2024-12-31,nsfr,NSFR Disclosure Template,,17,RSF Item,Performing loans and securities:,,,,2,Unweighted value by residual maturity,< 6 months,2,128367.0,"128,367",reported,0,1,rsf_perf,,19,2,ocbc_4q24_p3,nsfr_dec24,19,2,1
Oversea-Chinese Banking Corporation Limited,2024-12-31,nsfr,NSFR Disclosure Template,,17,RSF Item,Performing loans and securities:,,,,2,Unweighted value by residual maturity,6 months to <1 yr,2,34603.0,"34,603",reported,0,1,rsf_perf,,19,3,ocbc_4q24_p3,nsfr_dec24,19,3,1
Oversea-Chinese Banking Corporation Limited,2024-12-31,nsfr,NSFR Disclosure Template,,17,RSF Item,Performing loans and securities:,,,,2,Unweighted value by residual maturity,≥ 1yr,2,215292.0,"215,292",reported,0,1,rsf_perf,,19,4,ocbc_4q24_p3,nsfr_dec24,19,4,1
Oversea-Chinese Banking Corporation Limited,2024-12-31,nsfr,NSFR Disclosure Template,,17,RSF Item,Performing loans and securities:,,,,2,Weighted value,,1,246578.0,"246,578",reported,0,1,rsf_perf,,19,5,ocbc_4q24_p3,nsfr_dec24,19,5,1
Oversea-Chinese Banking Corporation Limited,2024-12-31,nsfr,NSFR Disclosure Template,,18,RSF Item,Performing loans and securities:,Performing loans to financial institutions secured by Level 1 HQLA,,,3,Unweighted value by residual maturity,No Maturity,2,,-,null,0,1,,,20,1,ocbc_4q24_p3,nsfr_dec24,20,1,2
Oversea-Chinese Banking Corporation Limited,2024-12-31,nsfr,NSFR Disclosure Template,,18,RSF Item,Performing loans and securities:,Performing loans to financial institutions secured by Level 1 HQLA,,,3,Unweighted value by residual maturity,< 6 months,2,4717.0,"4,717",reported,0,1,,,20,2,ocbc_4q24_p3,nsfr_dec24,20,2,2
Oversea-Chinese Banking Corporation Limited,2024-12-31,nsfr,NSFR Disclosure Template,,18,RSF Item,Performing loans and securities:,Performing loans to financial institutions secured by Level 1 HQLA,,,3,Unweighted value by residual maturity,6 months to <1 yr,2,116.0,116,reported,0,1,,,20,3,ocbc_4q24_p3,nsfr_dec24,20,3,2
Oversea-Chinese Banking Corporation Limited,2024-12-31,nsfr,NSFR Disclosure Template,,18,RSF Item,Performing loans and securities:,Performing loans to financial institutions secured by Level 1 HQLA,,,3,Unweighted value by residual maturity,≥ 1yr,2,,-,null,0,1,,,20,4,ocbc_4q24_p3,nsfr_dec24,20,4,2
Oversea-Chinese Banking Corporation Limited,2024-12-31,nsfr,NSFR Disclosure Template,,18,RSF Item,Performing loans and securities:,Performing loans to financial institutions secured by Level 1 HQLA,,,3,Weighted value,,1,839.0,839,reported,0,1,,,20,5,ocbc_4q24_p3,nsfr_dec24,20,5,2
Oversea-Chinese Banking Corporation Limited,2024-12-31,nsfr,NSFR Disclosure Template,,19,RSF Item,Performing loans and securities:,Performing loans to financial institutions secured by non-Level 1 HQLA and unsecured performing loans to financial institutions,,,3,Unweighted value by residual maturity,No Maturity,2,2410.0,"2,410",reported,0,1,,,21,1,ocbc_4q24_p3,nsfr_dec24,21,1,2
Oversea-Chinese Banking Corporation Limited,2024-12-31,nsfr,NSFR Disclosure Template,,19,RSF Item,Performing loans and securities:,Performing loans to financial institutions secured by non-Level 1 HQLA and unsecured performing loans to financial institutions,,,3,Unweighted value by residual maturity,< 6 months,2,23168.0,"23,168",reported,0,1,,,21,2,ocbc_4q24_p3,nsfr_dec24,21,2,2
Oversea-Chinese Banking Corporation Limited,2024-12-31,nsfr,NSFR Disclosure Template,,19,RSF Item,Performing loans and securities:,Performing loans to financial institutions secured by non-Level 1 HQLA and unsecured performing loans to financial institutions,,,3,Unweighted value by residual maturity,6 months to <1 yr,2,5424.0,"5,424",reported,0,1,,,21,3,ocbc_4q24_p3,nsfr_dec24,21,3,2
Oversea-Chinese Banking Corporation Limited,2024-12-31,nsfr,NSFR Disclosure Template,,19,RSF Item,Performing loans and securities:,Performing loans to financial institutions secured by non-Level 1 HQLA and unsecured performing loans to financial institutions,,,3,Unweighted value by residual maturity,≥ 1yr,2,13504.0,"13,504",reported,0,1,,,21,4,ocbc_4q24_p3,nsfr_dec24,21,4,2
Oversea-Chinese Banking Corporation Limited,2024-12-31,nsfr,NSFR Disclosure Template,,19,RSF Item,Performing loans and securities:,Performing loans to financial institutions secured by non-Level 1 HQLA and unsecured performing loans to financial institutions,,,3,Weighted value,,1,20348.0,"20,348",reported,0,1,,,21,5,ocbc_4q24_p3,nsfr_dec24,21,5,2
Oversea-Chinese Banking Corporation Limited,2024-12-31,nsfr,NSFR Disclosure Template,,20,RSF Item,Performing loans and securities:,"Performing loans to non-financial corporate clients, loans to retail and small business customers, and loans to sovereigns, central banks and PSEs, of which:",,,3,Unweighted value by residual maturity,No Maturity,2,4578.0,"4,578",reported,0,1,,,22,1,ocbc_4q24_p3,nsfr_dec24,22,1,2
Oversea-Chinese Banking Corporation Limited,2024-12-31,nsfr,NSFR Disclosure Template,,20,RSF Item,Performing loans and securities:,"Performing loans to non-financial corporate clients, loans to retail and small business customers, and loans to sovereigns, central banks and PSEs, of which:",,,3,Unweighted value by residual maturity,< 6 months,2,81974.0,"81,974",reported,0,1,,,22,2,ocbc_4q24_p3,nsfr_dec24,22,2,2
Oversea-Chinese Banking Corporation Limited,2024-12-31,nsfr,NSFR Disclosure Template,,20,RSF Item,Performing loans and securities:,"Performing loans to non-financial corporate clients, loans to retail and small business customers, and loans to sovereigns, central banks and PSEs, of which:",,,3,Unweighted value by residual maturity,6 months to <1 yr,2,16181.0,"16,181",reported,0,1,,,22,3,ocbc_4q24_p3,nsfr_dec24,22,3,2
Oversea-Chinese Banking Corporation Limited,2024-12-31,nsfr,NSFR Disclosure Template,,20,RSF Item,Performing loans and securities:,"Performing loans to non-financial corporate clients, loans to retail and small business customers, and loans to sovereigns, central banks and PSEs, of which:",,,3,Unweighted value by residual maturity,≥ 1yr,2,122000.0,"122,000",reported,0,1,,,22,4,ocbc_4q24_p3,nsfr_dec24,22,4,2
Oversea-Chinese Banking Corporation Limited,2024-12-31,nsfr,NSFR Disclosure Template,,20,RSF Item,Performing loans and securities:,"Performing loans to non-financial corporate clients, loans to retail and small business customers, and loans to sovereigns, central banks and PSEs, of which:",,,3,Weighted value,,1,152266.0,"152,266",reported,0,1,,,22,5,ocbc_4q24_p3,nsfr_dec24,22,5,2
Oversea-Chinese Banking Corporation Limited,2024-12-31,nsfr,NSFR Disclosure Template,,21,RSF Item,Performing loans and securities:,"Performing loans to non-financial corporate clients, loans to retail and small business customers, and loans to sovereigns, central banks and PSEs, of which:",With a risk weight of less than or equal to 35% under MAS Notice 637's standardised approach to credit risk,,4,Unweighted value by residual maturity,No Maturity,2,294.0,294,reported,0,1,,,23,1,ocbc_4q24_p3,nsfr_dec24,23,1,3
Oversea-Chinese Banking Corporation Limited,2024-12-31,nsfr,NSFR Disclosure Template,,21,RSF Item,Performing loans and securities:,"Performing loans to non-financial corporate clients, loans to retail and small business customers, and loans to sovereigns, central banks and PSEs, of which:",With a risk weight of less than or equal to 35% under MAS Notice 637's standardised approach to credit risk,,4,Unweighted value by residual maturity,< 6 months,2,1255.0,"1,255",reported,0,1,,,23,2,ocbc_4q24_p3,nsfr_dec24,23,2,3
Oversea-Chinese Banking Corporation Limited,2024-12-31,nsfr,NSFR Disclosure Template,,21,RSF Item,Performing loans and securities:,"Performing loans to non-financial corporate clients, loans to retail and small business customers, and loans to sovereigns, central banks and PSEs, of which:",With a risk weight of less than or equal to 35% under MAS Notice 637's standardised approach to credit risk,,4,Unweighted value by residual maturity,6 months to <1 yr,2,424.0,424,reported,0,1,,,23,3,ocbc_4q24_p3,nsfr_dec24,23,3,3
Oversea-Chinese Banking Corporation Limited,2024-12-31,nsfr,NSFR Disclosure Template,,21,RSF Item,Performing loans and securities:,"Performing loans to non-financial corporate clients, loans to retail and small business customers, and loans to sovereigns, central banks and PSEs, of which:",With a risk weight of less than or equal to 35% under MAS Notice 637's standardised approach to credit risk,,4,Unweighted value by residual maturity,≥ 1yr,2,1353.0,"1,353",reported,0,1,,,23,4,ocbc_4q24_p3,nsfr_dec24,23,4,3
Oversea-Chinese Banking Corporation Limited,2024-12-31,nsfr,NSFR Disclosure Template,,21,RSF Item,Performing loans and securities:,"Performing loans to non-financial corporate clients, loans to retail and small business customers, and loans to sovereigns, central banks and PSEs, of which:",With a risk weight of less than or equal to 35% under MAS Notice 637's standardised approach to credit risk,,4,Weighted value,,1,2095.0,"2,095",reported,0,1,,,23,5,ocbc_4q24_p3,nsfr_dec24,23,5,3
Oversea-Chinese Banking Corporation Limited,2024-12-31,nsfr,NSFR Disclosure Template,,22,RSF Item,Performing loans and securities:,"Performing residential mortgages, of which:",,,3,Unweighted value by residual maturity,No Maturity,2,223.0,223,reported,0,1,,,24,1,ocbc_4q24_p3,nsfr_dec24,24,1,2
Oversea-Chinese Banking Corporation Limited,2024-12-31,nsfr,NSFR Disclosure Template,,22,RSF Item,Performing loans and securities:,"Performing residential mortgages, of which:",,,3,Unweighted value by residual maturity,< 6 months,2,3371.0,"3,371",reported,0,1,,,24,2,ocbc_4q24_p3,nsfr_dec24,24,2,2
Oversea-Chinese Banking Corporation Limited,2024-12-31,nsfr,NSFR Disclosure Template,,22,RSF Item,Performing loans and securities:,"Performing residential mortgages, of which:",,,3,Unweighted value by residual maturity,6 months to <1 yr,2,1710.0,"1,710",reported,0,1,,,24,3,ocbc_4q24_p3,nsfr_dec24,24,3,2
Oversea-Chinese Banking Corporation Limited,2024-12-31,nsfr,NSFR Disclosure Template,,22,RSF Item,Performing loans and securities:,"Performing residential mortgages, of which:",,,3,Unweighted value by residual maturity,≥ 1yr,2,68678.0,"68,678",reported,0,1,,,24,4,ocbc_4q24_p3,nsfr_dec24,24,4,2
Oversea-Chinese Banking Corporation Limited,2024-12-31,nsfr,NSFR Disclosure Template,,22,RSF Item,Performing loans and securities:,"Performing residential mortgages, of which:",,,3,Weighted value,,1,49294.0,"49,294",reported,0,1,,,24,5,ocbc_4q24_p3,nsfr_dec24,24,5,2
Oversea-Chinese Banking Corporation Limited,2024-12-31,nsfr,NSFR Disclosure Template,,23,RSF Item,Performing loans and securities:,"Performing residential mortgages, of which:",With a risk weight of less than or equal to 35% under MAS Notice 637's standardised approach to credit risk,,4,Unweighted value by residual maturity,No Maturity,2,180.0,180,reported,0,1,,,25,1,ocbc_4q24_p3,nsfr_dec24,25,1,3
Oversea-Chinese Banking Corporation Limited,2024-12-31,nsfr,NSFR Disclosure Template,,23,RSF Item,Performing loans and securities:,"Performing residential mortgages, of which:",With a risk weight of less than or equal to 35% under MAS Notice 637's standardised approach to credit risk,,4,Unweighted value by residual maturity,< 6 months,2,2201.0,"2,201",reported,0,1,,,25,2,ocbc_4q24_p3,nsfr_dec24,25,2,3
Oversea-Chinese Banking Corporation Limited,2024-12-31,nsfr,NSFR Disclosure Template,,23,RSF Item,Performing loans and securities:,"Performing residential mortgages, of which:",With a risk weight of less than or equal to 35% under MAS Notice 637's standardised approach to credit risk,,4,Unweighted value by residual maturity,6 months to <1 yr,2,1435.0,"1,435",reported,0,1,,,25,3,ocbc_4q24_p3,nsfr_dec24,25,3,3
Oversea-Chinese Banking Corporation Limited,2024-12-31,nsfr,NSFR Disclosure Template,,23,RSF Item,Performing loans and securities:,"Performing residential mortgages, of which:",With a risk weight of less than or equal to 35% under MAS Notice 637's standardised approach to credit risk,,4,Unweighted value by residual maturity,≥ 1yr,2,62226.0,"62,226",reported,0,1,,,25,4,ocbc_4q24_p3,nsfr_dec24,25,4,3
Oversea-Chinese Banking Corporation Limited,2024-12-31,nsfr,NSFR Disclosure Template,,23,RSF Item,Performing loans and securities:,"Performing residential mortgages, of which:",With a risk weight of less than or equal to 35% under MAS Notice 637's standardised approach to credit risk,,4,Weighted value,,1,43050.0,"43,050",reported,0,1,,,25,5,ocbc_4q24_p3,nsfr_dec24,25,5,3
Oversea-Chinese Banking Corporation Limited,2024-12-31,nsfr,NSFR Disclosure Template,,24,RSF Item,Performing loans and securities:,"Securities that are not in default and do not qualify as HQLA, including exchange-traded equities",,,3,Unweighted value by residual maturity,No Maturity,2,1305.0,"1,305",reported,0,1,,,26,1,ocbc_4q24_p3,nsfr_dec24,26,1,2
Oversea-Chinese Banking Corporation Limited,2024-12-31,nsfr,NSFR Disclosure Template,,24,RSF Item,Performing loans and securities:,"Securities that are not in default and do not qualify as HQLA, including exchange-traded equities",,,3,Unweighted value by residual maturity,< 6 months,2,15137.0,"15,137",reported,0,1,,,26,2,ocbc_4q24_p3,nsfr_dec24,26,2,2
Oversea-Chinese Banking Corporation Limited,2024-12-31,nsfr,NSFR Disclosure Template,,24,RSF Item,Performing loans and securities:,"Securities that are not in default and do not qualify as HQLA, including exchange-traded equities",,,3,Unweighted value by residual maturity,6 months to <1 yr,2,11172.0,"11,172",reported,0,1,,,26,3,ocbc_4q24_p3,nsfr_dec24,26,3,2
Oversea-Chinese Banking Corporation Limited,2024-12-31,nsfr,NSFR Disclosure Template,,24,RSF Item,Performing loans and securities:,"Securities that are not in default and do not qualify as HQLA, including exchange-traded equities",,,3,Unweighted value by residual maturity,≥ 1yr,2,11109.0,"11,109",reported,0,1,,,26,4,ocbc_4q24_p3,nsfr_dec24,26,4,2
Oversea-Chinese Banking Corporation Limited,2024-12-31,nsfr,NSFR Disclosure Template,,24,RSF Item,Performing loans and securities:,"Securities that are not in default and do not qualify as HQLA, including exchange-traded equities",,,3,Weighted value,,1,23832.0,"23,832",reported,0,1,,,26,5,ocbc_4q24_p3,nsfr_dec24,26,5,2
Oversea-Chinese Banking Corporation Limited,2024-12-31,nsfr,NSFR Disclosure Template,,25,RSF Item,Assets with matching interdependent liabilities,,,,2,Unweighted value by residual maturity,No Maturity,2,,-,null,0,1,,,27,1,ocbc_4q24_p3,nsfr_dec24,27,1,1
Oversea-Chinese Banking Corporation Limited,2024-12-31,nsfr,NSFR Disclosure Template,,25,RSF Item,Assets with matching interdependent liabilities,,,,2,Unweighted value by residual maturity,< 6 months,2,,-,null,0,1,,,27,2,ocbc_4q24_p3,nsfr_dec24,27,2,1
Oversea-Chinese Banking Corporation Limited,2024-12-31,nsfr,NSFR Disclosure Template,,25,RSF Item,Assets with matching interdependent liabilities,,,,2,Unweighted value by residual maturity,6 months to <1 yr,2,,-,null,0,1,,,27,3,ocbc_4q24_p3,nsfr_dec24,27,3,1
Oversea-Chinese Banking Corporation Limited,2024-12-31,nsfr,NSFR Disclosure Template,,25,RSF Item,Assets with matching interdependent liabilities,,,,2,Unweighted value by residual maturity,≥ 1yr,2,,-,null,0,1,,,27,4,ocbc_4q24_p3,nsfr_dec24,27,4,1
Oversea-Chinese Banking Corporation Limited,2024-12-31,nsfr,NSFR Disclosure Template,,25,RSF Item,Assets with matching interdependent liabilities,,,,2,Weighted value,,1,,-,null,0,1,,,27,5,ocbc_4q24_p3,nsfr_dec24,27,5,1
Oversea-Chinese Banking Corporation Limited,2024-12-31,nsfr,NSFR Disclosure Template,,26,RSF Item,Other assets:,,,,2,Unweighted value by residual maturity,No Maturity,2,19230.0,"19,230",reported,0,1,,,28,1,ocbc_4q24_p3,nsfr_dec24,28,1,1
Oversea-Chinese Banking Corporation Limited,2024-12-31,nsfr,NSFR Disclosure Template,,26,RSF Item,Other assets:,,,,2,Unweighted value by residual maturity,< 6 months,2,22570.0,"22,570",reported,0,3,,,28,2,ocbc_4q24_p3,nsfr_dec24,28,2,1
Oversea-Chinese Banking Corporation Limited,2024-12-31,nsfr,NSFR Disclosure Template,,26,RSF Item,Other assets:,,,,2,Weighted value,,1,26012.0,"26,012",reported,0,1,,,28,5,ocbc_4q24_p3,nsfr_dec24,28,5,1
Oversea-Chinese Banking Corporation Limited,2024-12-31,nsfr,NSFR Disclosure Template,,27,RSF Item,Other assets:,"Physical trade commodities, including gold",,,3,Unweighted value by residual maturity,No Maturity,2,967.0,967,reported,0,1,,,29,1,ocbc_4q24_p3,nsfr_dec24,29,1,2
Oversea-Chinese Banking Corporation Limited,2024-12-31,nsfr,NSFR Disclosure Template,,27,RSF Item,Other assets:,"Physical trade commodities, including gold",,,3,Unweighted value by residual maturity,< 6 months,2,,,empty,1,3,,,29,2,ocbc_4q24_p3,nsfr_dec24,29,2,2
Oversea-Chinese Banking Corporation Limited,2024-12-31,nsfr,NSFR Disclosure Template,,27,RSF Item,Other assets:,"Physical trade commodities, including gold",,,3,Weighted value,,1,822.0,822,reported,0,1,,,29,5,ocbc_4q24_p3,nsfr_dec24,29,5,2
Oversea-Chinese Banking Corporation Limited,2024-12-31,nsfr,NSFR Disclosure Template,,28,RSF Item,Other assets:,Assets posted as initial margin for derivative contracts and contributions to default funds of CCPs,,,3,Unweighted value by residual maturity,No Maturity,2,,,empty,1,1,,,30,1,ocbc_4q24_p3,nsfr_dec24,30,1,2
Oversea-Chinese Banking Corporation Limited,2024-12-31,nsfr,NSFR Disclosure Template,,28,RSF Item,Other assets:,Assets posted as initial margin for derivative contracts and contributions to default funds of CCPs,,,3,Unweighted value by residual maturity,< 6 months,2,1288.0,"1,288",reported,0,3,,,30,2,ocbc_4q24_p3,nsfr_dec24,30,2,2
Oversea-Chinese Banking Corporation Limited,2024-12-31,nsfr,NSFR Disclosure Template,,28,RSF Item,Other assets:,Assets posted as initial margin for derivative contracts and contributions to default funds of CCPs,,,3,Weighted value,,1,1094.0,"1,094",reported,0,1,,,30,5,ocbc_4q24_p3,nsfr_dec24,30,5,2
Oversea-Chinese Banking Corporation Limited,2024-12-31,nsfr,NSFR Disclosure Template,,29,RSF Item,Other assets:,NSFR derivative assets,,,3,Unweighted value by residual maturity,No Maturity,2,,,empty,1,1,,,31,1,ocbc_4q24_p3,nsfr_dec24,31,1,2
Oversea-Chinese Banking Corporation Limited,2024-12-31,nsfr,NSFR Disclosure Template,,29,RSF Item,Other assets:,NSFR derivative assets,,,3,Unweighted value by residual maturity,< 6 months,2,8078.0,"8,078",reported,0,3,,,31,2,ocbc_4q24_p3,nsfr_dec24,31,2,2
Oversea-Chinese Banking Corporation Limited,2024-12-31,nsfr,NSFR Disclosure Template,,29,RSF Item,Other assets:,NSFR derivative assets,,,3,Weighted value,,1,3032.0,"3,032",reported,0,1,,,31,5,ocbc_4q24_p3,nsfr_dec24,31,5,2
Oversea-Chinese Banking Corporation Limited,2024-12-31,nsfr,NSFR Disclosure Template,,30,RSF Item,Other assets:,NSFR derivative liabilities before deduction of variation margin posted,,,3,Unweighted value by residual maturity,No Maturity,2,,,empty,1,1,,,32,1,ocbc_4q24_p3,nsfr_dec24,32,1,2
Oversea-Chinese Banking Corporation Limited,2024-12-31,nsfr,NSFR Disclosure Template,,30,RSF Item,Other assets:,NSFR derivative liabilities before deduction of variation margin posted,,,3,Unweighted value by residual maturity,< 6 months,2,6840.0,"6,840",reported,0,3,,,32,2,ocbc_4q24_p3,nsfr_dec24,32,2,2
Oversea-Chinese Banking Corporation Limited,2024-12-31,nsfr,NSFR Disclosure Template,,30,RSF Item,Other assets:,NSFR derivative liabilities before deduction of variation margin posted,,,3,Weighted value,,1,342.0,342,reported,0,1,,,32,5,ocbc_4q24_p3,nsfr_dec24,32,5,2
Oversea-Chinese Banking Corporation Limited,2024-12-31,nsfr,NSFR Disclosure Template,,31,RSF Item,Other assets:,All other assets not included in the above categories,,,3,Unweighted value by residual maturity,No Maturity,2,18262.0,"18,262",reported,0,1,,,33,1,ocbc_4q24_p3,nsfr_dec24,33,1,2
Oversea-Chinese Banking Corporation Limited,2024-12-31,nsfr,NSFR Disclosure Template,,31,RSF Item,Other assets:,All other assets not included in the above categories,,,3,Unweighted value by residual maturity,< 6 months,2,4884.0,"4,884",reported,0,1,,,33,2,ocbc_4q24_p3,nsfr_dec24,33,2,2
Oversea-Chinese Banking Corporation Limited,2024-12-31,nsfr,NSFR Disclosure Template,,31,RSF Item,Other assets:,All other assets not included in the above categories,,,3,Unweighted value by residual maturity,6 months to <1 yr,2,223.0,223,reported,0,1,,,33,3,ocbc_4q24_p3,nsfr_dec24,33,3,2
Oversea-Chinese Banking Corporation Limited,2024-12-31,nsfr,NSFR Disclosure Template,,31,RSF Item,Other assets:,All other assets not included in the above categories,,,3,Unweighted value by residual maturity,≥ 1yr,2,1258.0,"1,258",reported,0,1,,,33,4,ocbc_4q24_p3,nsfr_dec24,33,4,2
Oversea-Chinese Banking Corporation Limited,2024-12-31,nsfr,NSFR Disclosure Template,,31,RSF Item,Other assets:,All other assets not included in the above categories,,,3,Weighted value,,1,20722.0,"20,722",reported,0,1,,,33,5,ocbc_4q24_p3,nsfr_dec24,33,5,2
Oversea-Chinese Banking Corporation Limited,2024-12-31,nsfr,NSFR Disclosure Template,,32,RSF Item,Off-balance sheet items,,,,2,Unweighted value by residual maturity,No Maturity,2,,,empty,1,1,,,34,1,ocbc_4q24_p3,nsfr_dec24,34,1,1
Oversea-Chinese Banking Corporation Limited,2024-12-31,nsfr,NSFR Disclosure Template,,32,RSF Item,Off-balance sheet items,,,,2,Unweighted value by residual maturity,< 6 months,2,246532.0,"246,532",reported,0,3,,,34,2,ocbc_4q24_p3,nsfr_dec24,34,2,1
Oversea-Chinese Banking Corporation Limited,2024-12-31,nsfr,NSFR Disclosure Template,,32,RSF Item,Off-balance sheet items,,,,2,Weighted value,,1,2204.0,"2,204",reported,0,1,,,34,5,ocbc_4q24_p3,nsfr_dec24,34,5,1
Oversea-Chinese Banking Corporation Limited,2024-12-31,nsfr,NSFR Disclosure Template,,33,RSF Item,Total RSF,,,,2,Unweighted value by residual maturity,No Maturity,2,,,empty,1,4,rsf_total,,35,1,ocbc_4q24_p3,nsfr_dec24,35,1,1
Oversea-Chinese Banking Corporation Limited,2024-12-31,nsfr,NSFR Disclosure Template,,33,RSF Item,Total RSF,,,,2,Weighted value,,1,282578.0,"282,578",reported,0,1,rsf_total,,35,5,ocbc_4q24_p3,nsfr_dec24,35,5,1
Oversea-Chinese Banking Corporation Limited,2024-12-31,nsfr,NSFR Disclosure Template,,34,RSF Item,NSFR (%),,,,2,Unweighted value by residual maturity,No Maturity,2,,,empty,1,4,,,36,1,ocbc_4q24_p3,nsfr_dec24,36,1,1
Oversea-Chinese Banking Corporation Limited,2024-12-31,nsfr,NSFR Disclosure Template,,34,RSF Item,NSFR (%),,,,2,Weighted value,,1,113.0,113,reported,0,1,,,36,5,ocbc_4q24_p3,nsfr_dec24,36,5,1
Oversea-Chinese Banking Corporation Limited,2024-09-30,nsfr,NSFR Disclosure Template,,1,ASF Item,Capital:,,,,2,Unweighted value by residual maturity,No Maturity,2,51057.0,"51,057",reported,0,1,asf_capital,,2,1,ocbc_4q24_p3,nsfr_sep24,2,1,1
Oversea-Chinese Banking Corporation Limited,2024-09-30,nsfr,NSFR Disclosure Template,,1,ASF Item,Capital:,,,,2,Unweighted value by residual maturity,< 6 months,2,,-,null,0,1,asf_capital,,2,2,ocbc_4q24_p3,nsfr_sep24,2,2,1
Oversea-Chinese Banking Corporation Limited,2024-09-30,nsfr,NSFR Disclosure Template,,1,ASF Item,Capital:,,,,2,Unweighted value by residual maturity,6 months to <1 yr,2,1242.0,"1,242",reported,0,1,asf_capital,,2,3,ocbc_4q24_p3,nsfr_sep24,2,3,1
Oversea-Chinese Banking Corporation Limited,2024-09-30,nsfr,NSFR Disclosure Template,,1,ASF Item,Capital:,,,,2,Unweighted value by residual maturity,≥ 1yr,2,4554.0,"4,554",reported,0,1,asf_capital,,2,4,ocbc_4q24_p3,nsfr_sep24,2,4,1
Oversea-Chinese Banking Corporation Limited,2024-09-30,nsfr,NSFR Disclosure Template,,1,ASF Item,Capital:,,,,2,Weighted value,,1,56232.0,"56,232",reported,0,1,asf_capital,,2,5,ocbc_4q24_p3,nsfr_sep24,2,5,1
Oversea-Chinese Banking Corporation Limited,2024-09-30,nsfr,NSFR Disclosure Template,,2,ASF Item,Capital:,Regulatory capital,,,3,Unweighted value by residual maturity,No Maturity,2,51057.0,"51,057",reported,0,1,asf_capital_reg,,3,1,ocbc_4q24_p3,nsfr_sep24,3,1,2
Oversea-Chinese Banking Corporation Limited,2024-09-30,nsfr,NSFR Disclosure Template,,2,ASF Item,Capital:,Regulatory capital,,,3,Unweighted value by residual maturity,< 6 months,2,,-,null,0,1,asf_capital_reg,,3,2,ocbc_4q24_p3,nsfr_sep24,3,2,2
Oversea-Chinese Banking Corporation Limited,2024-09-30,nsfr,NSFR Disclosure Template,,2,ASF Item,Capital:,Regulatory capital,,,3,Unweighted value by residual maturity,6 months to <1 yr,2,,-,null,0,1,asf_capital_reg,,3,3,ocbc_4q24_p3,nsfr_sep24,3,3,2
Oversea-Chinese Banking Corporation Limited,2024-09-30,nsfr,NSFR Disclosure Template,,2,ASF Item,Capital:,Regulatory capital,,,3,Unweighted value by residual maturity,≥ 1yr,2,4554.0,"4,554",reported,0,1,asf_capital_reg,,3,4,ocbc_4q24_p3,nsfr_sep24,3,4,2
Oversea-Chinese Banking Corporation Limited,2024-09-30,nsfr,NSFR Disclosure Template,,2,ASF Item,Capital:,Regulatory capital,,,3,Weighted value,,1,55611.0,"55,611",reported,0,1,asf_capital_reg,,3,5,ocbc_4q24_p3,nsfr_sep24,3,5,2
Oversea-Chinese Banking Corporation Limited,2024-09-30,nsfr,NSFR Disclosure Template,,3,ASF Item,Capital:,Other capital instruments,,,3,Unweighted value by residual maturity,No Maturity,2,,-,null,0,1,asf_capital_other,,4,1,ocbc_4q24_p3,nsfr_sep24,4,1,2
Oversea-Chinese Banking Corporation Limited,2024-09-30,nsfr,NSFR Disclosure Template,,3,ASF Item,Capital:,Other capital instruments,,,3,Unweighted value by residual maturity,< 6 months,2,,-,null,0,1,asf_capital_other,,4,2,ocbc_4q24_p3,nsfr_sep24,4,2,2
Oversea-Chinese Banking Corporation Limited,2024-09-30,nsfr,NSFR Disclosure Template,,3,ASF Item,Capital:,Other capital instruments,,,3,Unweighted value by residual maturity,6 months to <1 yr,2,1242.0,"1,242",reported,0,1,asf_capital_other,,4,3,ocbc_4q24_p3,nsfr_sep24,4,3,2
Oversea-Chinese Banking Corporation Limited,2024-09-30,nsfr,NSFR Disclosure Template,,3,ASF Item,Capital:,Other capital instruments,,,3,Unweighted value by residual maturity,≥ 1yr,2,,-,null,0,1,asf_capital_other,,4,4,ocbc_4q24_p3,nsfr_sep24,4,4,2
Oversea-Chinese Banking Corporation Limited,2024-09-30,nsfr,NSFR Disclosure Template,,3,ASF Item,Capital:,Other capital instruments,,,3,Weighted value,,1,621.0,621,reported,0,1,asf_capital_other,,4,5,ocbc_4q24_p3,nsfr_sep24,4,5,2
Oversea-Chinese Banking Corporation Limited,2024-09-30,nsfr,NSFR Disclosure Template,,4,ASF Item,Retail deposits and deposits from small business customers:,,,,2,Unweighted value by residual maturity,No Maturity,2,113191.0,"113,191",reported,0,1,asf_retail,,5,1,ocbc_4q24_p3,nsfr_sep24,5,1,1
Oversea-Chinese Banking Corporation Limited,2024-09-30,nsfr,NSFR Disclosure Template,,4,ASF Item,Retail deposits and deposits from small business customers:,,,,2,Unweighted value by residual maturity,< 6 months,2,72252.0,"72,252",reported,0,1,asf_retail,,5,2,ocbc_4q24_p3,nsfr_sep24,5,2,1
Oversea-Chinese Banking Corporation Limited,2024-09-30,nsfr,NSFR Disclosure Template,,4,ASF Item,Retail deposits and deposits from small business customers:,,,,2,Unweighted value by residual maturity,6 months to <1 yr,2,5718.0,"5,718",reported,0,1,asf_retail,,5,3,ocbc_4q24_p3,nsfr_sep24,5,3,1
Oversea-Chinese Banking Corporation Limited,2024-09-30,nsfr,NSFR Disclosure Template,,4,ASF Item,Retail deposits and deposits from small business customers:,,,,2,Unweighted value by residual maturity,≥ 1yr,2,1032.0,"1,032",reported,0,1,asf_retail,,5,4,ocbc_4q24_p3,nsfr_sep24,5,4,1
Oversea-Chinese Banking Corporation Limited,2024-09-30,nsfr,NSFR Disclosure Template,,4,ASF Item,Retail deposits and deposits from small business customers:,,,,2,Weighted value,,1,176087.0,"176,087",reported,0,1,asf_retail,,5,5,ocbc_4q24_p3,nsfr_sep24,5,5,1
Oversea-Chinese Banking Corporation Limited,2024-09-30,nsfr,NSFR Disclosure Template,,5,ASF Item,Retail deposits and deposits from small business customers:,Stable deposits,,,3,Unweighted value by residual maturity,No Maturity,2,51565.0,"51,565",reported,0,1,asf_retail_stable,,6,1,ocbc_4q24_p3,nsfr_sep24,6,1,2
Oversea-Chinese Banking Corporation Limited,2024-09-30,nsfr,NSFR Disclosure Template,,5,ASF Item,Retail deposits and deposits from small business customers:,Stable deposits,,,3,Unweighted value by residual maturity,< 6 months,2,8588.0,"8,588",reported,0,1,asf_retail_stable,,6,2,ocbc_4q24_p3,nsfr_sep24,6,2,2
Oversea-Chinese Banking Corporation Limited,2024-09-30,nsfr,NSFR Disclosure Template,,5,ASF Item,Retail deposits and deposits from small business customers:,Stable deposits,,,3,Unweighted value by residual maturity,6 months to <1 yr,2,41.0,41,reported,0,1,asf_retail_stable,,6,3,ocbc_4q24_p3,nsfr_sep24,6,3,2
Oversea-Chinese Banking Corporation Limited,2024-09-30,nsfr,NSFR Disclosure Template,,5,ASF Item,Retail deposits and deposits from small business customers:,Stable deposits,,,3,Unweighted value by residual maturity,≥ 1yr,2,1.0,1,reported,0,1,asf_retail_stable,,6,4,ocbc_4q24_p3,nsfr_sep24,6,4,2
Oversea-Chinese Banking Corporation Limited,2024-09-30,nsfr,NSFR Disclosure Template,,5,ASF Item,Retail deposits and deposits from small business customers:,Stable deposits,,,3,Weighted value,,1,57186.0,"57,186",reported,0,1,asf_retail_stable,,6,5,ocbc_4q24_p3,nsfr_sep24,6,5,2
Oversea-Chinese Banking Corporation Limited,2024-09-30,nsfr,NSFR Disclosure Template,,6,ASF Item,Retail deposits and deposits from small business customers:,Less stable deposits,,,3,Unweighted value by residual maturity,No Maturity,2,61626.0,"61,626",reported,0,1,asf_retail_less,,7,1,ocbc_4q24_p3,nsfr_sep24,7,1,2
Oversea-Chinese Banking Corporation Limited,2024-09-30,nsfr,NSFR Disclosure Template,,6,ASF Item,Retail deposits and deposits from small business customers:,Less stable deposits,,,3,Unweighted value by residual maturity,< 6 months,2,63664.0,"63,664",reported,0,1,asf_retail_less,,7,2,ocbc_4q24_p3,nsfr_sep24,7,2,2
Oversea-Chinese Banking Corporation Limited,2024-09-30,nsfr,NSFR Disclosure Template,,6,ASF Item,Retail deposits and deposits from small business customers:,Less stable deposits,,,3,Unweighted value by residual maturity,6 months to <1 yr,2,5677.0,"5,677",reported,0,1,asf_retail_less,,7,3,ocbc_4q24_p3,nsfr_sep24,7,3,2
Oversea-Chinese Banking Corporation Limited,2024-09-30,nsfr,NSFR Disclosure Template,,6,ASF Item,Retail deposits and deposits from small business customers:,Less stable deposits,,,3,Unweighted value by residual maturity,≥ 1yr,2,1031.0,"1,031",reported,0,1,asf_retail_less,,7,4,ocbc_4q24_p3,nsfr_sep24,7,4,2
Oversea-Chinese Banking Corporation Limited,2024-09-30,nsfr,NSFR Disclosure Template,,6,ASF Item,Retail deposits and deposits from small business customers:,Less stable deposits,,,3,Weighted value,,1,118901.0,"118,901",reported,0,1,asf_retail_less,,7,5,ocbc_4q24_p3,nsfr_sep24,7,5,2
Oversea-Chinese Banking Corporation Limited,2024-09-30,nsfr,NSFR Disclosure Template,,7,ASF Item,Wholesale funding:,,,,2,Unweighted value by residual maturity,No Maturity,2,71739.0,"71,739",reported,0,1,asf_wholesale,,8,1,ocbc_4q24_p3,nsfr_sep24,8,1,1
Oversea-Chinese Banking Corporation Limited,2024-09-30,nsfr,NSFR Disclosure Template,,7,ASF Item,Wholesale funding:,,,,2,Unweighted value by residual maturity,< 6 months,2,132450.0,"132,450",reported,0,1,asf_wholesale,,8,2,ocbc_4q24_p3,nsfr_sep24,8,2,1
Oversea-Chinese Banking Corporation Limited,2024-09-30,nsfr,NSFR Disclosure Template,,7,ASF Item,Wholesale funding:,,,,2,Unweighted value by residual maturity,6 months to <1 yr,2,12750.0,"12,750",reported,0,1,asf_wholesale,,8,3,ocbc_4q24_p3,nsfr_sep24,8,3,1
Oversea-Chinese Banking Corporation Limited,2024-09-30,nsfr,NSFR Disclosure Template,,7,ASF Item,Wholesale funding:,,,,2,Unweighted value by residual maturity,≥ 1yr,2,4689.0,"4,689",reported,0,1,asf_wholesale,,8,4,ocbc_4q24_p3,nsfr_sep24,8,4,1
Oversea-Chinese Banking Corporation Limited,2024-09-30,nsfr,NSFR Disclosure Template,,7,ASF Item,Wholesale funding:,,,,2,Weighted value,,1,74120.0,"74,120",reported,0,1,asf_wholesale,,8,5,ocbc_4q24_p3,nsfr_sep24,8,5,1
Oversea-Chinese Banking Corporation Limited,2024-09-30,nsfr,NSFR Disclosure Template,,8,ASF Item,Wholesale funding:,Operational deposits,,,3,Unweighted value by residual maturity,No Maturity,2,39002.0,"39,002",reported,0,1,asf_ws_op,,9,1,ocbc_4q24_p3,nsfr_sep24,9,1,2
Oversea-Chinese Banking Corporation Limited,2024-09-30,nsfr,NSFR Disclosure Template,,8,ASF Item,Wholesale funding:,Operational deposits,,,3,Unweighted value by residual maturity,< 6 months,2,,-,null,0,1,asf_ws_op,,9,2,ocbc_4q24_p3,nsfr_sep24,9,2,2
Oversea-Chinese Banking Corporation Limited,2024-09-30,nsfr,NSFR Disclosure Template,,8,ASF Item,Wholesale funding:,Operational deposits,,,3,Unweighted value by residual maturity,6 months to <1 yr,2,,-,null,0,1,asf_ws_op,,9,3,ocbc_4q24_p3,nsfr_sep24,9,3,2
Oversea-Chinese Banking Corporation Limited,2024-09-30,nsfr,NSFR Disclosure Template,,8,ASF Item,Wholesale funding:,Operational deposits,,,3,Unweighted value by residual maturity,≥ 1yr,2,,-,null,0,1,asf_ws_op,,9,4,ocbc_4q24_p3,nsfr_sep24,9,4,2
Oversea-Chinese Banking Corporation Limited,2024-09-30,nsfr,NSFR Disclosure Template,,8,ASF Item,Wholesale funding:,Operational deposits,,,3,Weighted value,,1,19501.0,"19,501",reported,0,1,asf_ws_op,,9,5,ocbc_4q24_p3,nsfr_sep24,9,5,2
Oversea-Chinese Banking Corporation Limited,2024-09-30,nsfr,NSFR Disclosure Template,,9,ASF Item,Wholesale funding:,Other wholesale funding,,,3,Unweighted value by residual maturity,No Maturity,2,32737.0,"32,737",reported,0,1,asf_ws_other,,10,1,ocbc_4q24_p3,nsfr_sep24,10,1,2
Oversea-Chinese Banking Corporation Limited,2024-09-30,nsfr,NSFR Disclosure Template,,9,ASF Item,Wholesale funding:,Other wholesale funding,,,3,Unweighted value by residual maturity,< 6 months,2,132450.0,"132,450",reported,0,1,asf_ws_other,,10,2,ocbc_4q24_p3,nsfr_sep24,10,2,2
Oversea-Chinese Banking Corporation Limited,2024-09-30,nsfr,NSFR Disclosure Template,,9,ASF Item,Wholesale funding:,Other wholesale funding,,,3,Unweighted value by residual maturity,6 months to <1 yr,2,12750.0,"12,750",reported,0,1,asf_ws_other,,10,3,ocbc_4q24_p3,nsfr_sep24,10,3,2
Oversea-Chinese Banking Corporation Limited,2024-09-30,nsfr,NSFR Disclosure Template,,9,ASF Item,Wholesale funding:,Other wholesale funding,,,3,Unweighted value by residual maturity,≥ 1yr,2,4689.0,"4,689",reported,0,1,asf_ws_other,,10,4,ocbc_4q24_p3,nsfr_sep24,10,4,2
Oversea-Chinese Banking Corporation Limited,2024-09-30,nsfr,NSFR Disclosure Template,,9,ASF Item,Wholesale funding:,Other wholesale funding,,,3,Weighted value,,1,54619.0,"54,619",reported,0,1,asf_ws_other,,10,5,ocbc_4q24_p3,nsfr_sep24,10,5,2
Oversea-Chinese Banking Corporation Limited,2024-09-30,nsfr,NSFR Disclosure Template,,10,ASF Item,Liabilities with matching interdependent assets,,,,2,Unweighted value by residual maturity,No Maturity,2,,-,null,0,1,asf_interdep,,11,1,ocbc_4q24_p3,nsfr_sep24,11,1,1
Oversea-Chinese Banking Corporation Limited,2024-09-30,nsfr,NSFR Disclosure Template,,10,ASF Item,Liabilities with matching interdependent assets,,,,2,Unweighted value by residual maturity,< 6 months,2,,-,null,0,1,asf_interdep,,11,2,ocbc_4q24_p3,nsfr_sep24,11,2,1
Oversea-Chinese Banking Corporation Limited,2024-09-30,nsfr,NSFR Disclosure Template,,10,ASF Item,Liabilities with matching interdependent assets,,,,2,Unweighted value by residual maturity,6 months to <1 yr,2,,-,null,0,1,asf_interdep,,11,3,ocbc_4q24_p3,nsfr_sep24,11,3,1
Oversea-Chinese Banking Corporation Limited,2024-09-30,nsfr,NSFR Disclosure Template,,10,ASF Item,Liabilities with matching interdependent assets,,,,2,Unweighted value by residual maturity,≥ 1yr,2,,-,null,0,1,asf_interdep,,11,4,ocbc_4q24_p3,nsfr_sep24,11,4,1
Oversea-Chinese Banking Corporation Limited,2024-09-30,nsfr,NSFR Disclosure Template,,10,ASF Item,Liabilities with matching interdependent assets,,,,2,Weighted value,,1,,-,null,0,1,asf_interdep,,11,5,ocbc_4q24_p3,nsfr_sep24,11,5,1
Oversea-Chinese Banking Corporation Limited,2024-09-30,nsfr,NSFR Disclosure Template,,11,ASF Item,Other liabilities:,,,,2,Unweighted value by residual maturity,No Maturity,2,5093.0,"5,093",reported,0,1,asf_other,,12,1,ocbc_4q24_p3,nsfr_sep24,12,1,1
Oversea-Chinese Banking Corporation Limited,2024-09-30,nsfr,NSFR Disclosure Template,,11,ASF Item,Other liabilities:,,,,2,Unweighted value by residual maturity,< 6 months,2,8450.0,"8,450",reported,0,3,asf_other,,12,2,ocbc_4q24_p3,nsfr_sep24,12,2,1
Oversea-Chinese Banking Corporation Limited,2024-09-30,nsfr,NSFR Disclosure Template,,11,ASF Item,Other liabilities:,,,,2,Weighted value,,1,179.0,179,reported,0,1,asf_other,,12,5,ocbc_4q24_p3,nsfr_sep24,12,5,1
Oversea-Chinese Banking Corporation Limited,2024-09-30,nsfr,NSFR Disclosure Template,,12,ASF Item,Other liabilities:,NSFR derivative liabilities,,,3,Unweighted value by residual maturity,No Maturity,2,,,empty,1,1,asf_other_deriv,,13,1,ocbc_4q24_p3,nsfr_sep24,13,1,2
Oversea-Chinese Banking Corporation Limited,2024-09-30,nsfr,NSFR Disclosure Template,,12,ASF Item,Other liabilities:,NSFR derivative liabilities,,,3,Unweighted value by residual maturity,< 6 months,2,3338.0,"3,338",reported,0,3,asf_other_deriv,,13,2,ocbc_4q24_p3,nsfr_sep24,13,2,2
Oversea-Chinese Banking Corporation Limited,2024-09-30,nsfr,NSFR Disclosure Template,,12,ASF Item,Other liabilities:,NSFR derivative liabilities,,,3,Weighted value,,1,,,empty,1,1,asf_other_deriv,,13,5,ocbc_4q24_p3,nsfr_sep24,13,5,2
Oversea-Chinese Banking Corporation Limited,2024-09-30,nsfr,NSFR Disclosure Template,,13,ASF Item,Other liabilities:,All other liabilities and equity not included in the above categories,,,3,Unweighted value by residual maturity,No Maturity,2,5093.0,"5,093",reported,0,1,asf_other_rest,,14,1,ocbc_4q24_p3,nsfr_sep24,14,1,2
Oversea-Chinese Banking Corporation Limited,2024-09-30,nsfr,NSFR Disclosure Template,,13,ASF Item,Other liabilities:,All other liabilities and equity not included in the above categories,,,3,Unweighted value by residual maturity,< 6 months,2,4932.0,"4,932",reported,0,1,asf_other_rest,,14,2,ocbc_4q24_p3,nsfr_sep24,14,2,2
Oversea-Chinese Banking Corporation Limited,2024-09-30,nsfr,NSFR Disclosure Template,,13,ASF Item,Other liabilities:,All other liabilities and equity not included in the above categories,,,3,Unweighted value by residual maturity,6 months to <1 yr,2,,-,null,0,1,asf_other_rest,,14,3,ocbc_4q24_p3,nsfr_sep24,14,3,2
Oversea-Chinese Banking Corporation Limited,2024-09-30,nsfr,NSFR Disclosure Template,,13,ASF Item,Other liabilities:,All other liabilities and equity not included in the above categories,,,3,Unweighted value by residual maturity,≥ 1yr,2,179.0,179,reported,0,1,asf_other_rest,,14,4,ocbc_4q24_p3,nsfr_sep24,14,4,2
Oversea-Chinese Banking Corporation Limited,2024-09-30,nsfr,NSFR Disclosure Template,,13,ASF Item,Other liabilities:,All other liabilities and equity not included in the above categories,,,3,Weighted value,,1,179.0,179,reported,0,1,asf_other_rest,,14,5,ocbc_4q24_p3,nsfr_sep24,14,5,2
Oversea-Chinese Banking Corporation Limited,2024-09-30,nsfr,NSFR Disclosure Template,,14,ASF Item,Total ASF,,,,2,Unweighted value by residual maturity,No Maturity,2,,,empty,1,4,asf_total,,15,1,ocbc_4q24_p3,nsfr_sep24,15,1,1
Oversea-Chinese Banking Corporation Limited,2024-09-30,nsfr,NSFR Disclosure Template,,14,ASF Item,Total ASF,,,,2,Weighted value,,1,306618.0,"306,618",reported,0,1,asf_total,,15,5,ocbc_4q24_p3,nsfr_sep24,15,5,1
Oversea-Chinese Banking Corporation Limited,2024-09-30,nsfr,NSFR Disclosure Template,,15,RSF Item,Total NSFR HQLA,,,,2,Unweighted value by residual maturity,No Maturity,2,,,empty,1,4,,,17,1,ocbc_4q24_p3,nsfr_sep24,17,1,1
Oversea-Chinese Banking Corporation Limited,2024-09-30,nsfr,NSFR Disclosure Template,,15,RSF Item,Total NSFR HQLA,,,,2,Weighted value,,1,7450.0,"7,450",reported,0,1,,,17,5,ocbc_4q24_p3,nsfr_sep24,17,5,1
Oversea-Chinese Banking Corporation Limited,2024-09-30,nsfr,NSFR Disclosure Template,,16,RSF Item,Deposits held at other financial institutions for operational purposes,,,,2,Unweighted value by residual maturity,No Maturity,2,,-,null,0,1,rsf_fi_op,,18,1,ocbc_4q24_p3,nsfr_sep24,18,1,1
Oversea-Chinese Banking Corporation Limited,2024-09-30,nsfr,NSFR Disclosure Template,,16,RSF Item,Deposits held at other financial institutions for operational purposes,,,,2,Unweighted value by residual maturity,< 6 months,2,,-,null,0,1,rsf_fi_op,,18,2,ocbc_4q24_p3,nsfr_sep24,18,2,1
Oversea-Chinese Banking Corporation Limited,2024-09-30,nsfr,NSFR Disclosure Template,,16,RSF Item,Deposits held at other financial institutions for operational purposes,,,,2,Unweighted value by residual maturity,6 months to <1 yr,2,,-,null,0,1,rsf_fi_op,,18,3,ocbc_4q24_p3,nsfr_sep24,18,3,1
Oversea-Chinese Banking Corporation Limited,2024-09-30,nsfr,NSFR Disclosure Template,,16,RSF Item,Deposits held at other financial institutions for operational purposes,,,,2,Unweighted value by residual maturity,≥ 1yr,2,,-,null,0,1,rsf_fi_op,,18,4,ocbc_4q24_p3,nsfr_sep24,18,4,1
Oversea-Chinese Banking Corporation Limited,2024-09-30,nsfr,NSFR Disclosure Template,,16,RSF Item,Deposits held at other financial institutions for operational purposes,,,,2,Weighted value,,1,,-,null,0,1,rsf_fi_op,,18,5,ocbc_4q24_p3,nsfr_sep24,18,5,1
Oversea-Chinese Banking Corporation Limited,2024-09-30,nsfr,NSFR Disclosure Template,,17,RSF Item,Performing loans and securities:,,,,2,Unweighted value by residual maturity,No Maturity,2,8813.0,"8,813",reported,0,1,rsf_perf,,19,1,ocbc_4q24_p3,nsfr_sep24,19,1,1
Oversea-Chinese Banking Corporation Limited,2024-09-30,nsfr,NSFR Disclosure Template,,17,RSF Item,Performing loans and securities:,,,,2,Unweighted value by residual maturity,< 6 months,2,112953.0,"112,953",reported,0,1,rsf_perf,,19,2,ocbc_4q24_p3,nsfr_sep24,19,2,1
Oversea-Chinese Banking Corporation Limited,2024-09-30,nsfr,NSFR Disclosure Template,,17,RSF Item,Performing loans and securities:,,,,2,Unweighted value by residual maturity,6 months to <1 yr,2,33449.0,"33,449",reported,0,1,rsf_perf,,19,3,ocbc_4q24_p3,nsfr_sep24,19,3,1
Oversea-Chinese Banking Corporation Limited,2024-09-30,nsfr,NSFR Disclosure Template,,17,RSF Item,Performing loans and securities:,,,,2,Unweighted value by residual maturity,≥ 1yr,2,208409.0,"208,409",reported,0,1,rsf_perf,,19,4,ocbc_4q24_p3,nsfr_sep24,19,4,1
Oversea-Chinese Banking Corporation Limited,2024-09-30,nsfr,NSFR Disclosure Template,,17,RSF Item,Performing loans and securities:,,,,2,Weighted value,,1,235567.0,"235,567",reported,0,1,rsf_perf,,19,5,ocbc_4q24_p3,nsfr_sep24,19,5,1
Oversea-Chinese Banking Corporation Limited,2024-09-30,nsfr,NSFR Disclosure Template,,18,RSF Item,Performing loans and securities:,Performing loans to financial institutions secured by Level 1 HQLA,,,3,Unweighted value by residual maturity,No Maturity,2,194.0,194,reported,0,1,,,20,1,ocbc_4q24_p3,nsfr_sep24,20,1,2
Oversea-Chinese Banking Corporation Limited,2024-09-30,nsfr,NSFR Disclosure Template,,18,RSF Item,Performing loans and securities:,Performing loans to financial institutions secured by Level 1 HQLA,,,3,Unweighted value by residual maturity,< 6 months,2,3954.0,"3,954",reported,0,1,,,20,2,ocbc_4q24_p3,nsfr_sep24,20,2,2
Oversea-Chinese Banking Corporation Limited,2024-09-30,nsfr,NSFR Disclosure Template,,18,RSF Item,Performing loans and securities:,Performing loans to financial institutions secured by Level 1 HQLA,,,3,Unweighted value by residual maturity,6 months to <1 yr,2,106.0,106,reported,0,1,,,20,3,ocbc_4q24_p3,nsfr_sep24,20,3,2
Oversea-Chinese Banking Corporation Limited,2024-09-30,nsfr,NSFR Disclosure Template,,18,RSF Item,Performing loans and securities:,Performing loans to financial institutions secured by Level 1 HQLA,,,3,Unweighted value by residual maturity,≥ 1yr,2,,-,null,0,1,,,20,4,ocbc_4q24_p3,nsfr_sep24,20,4,2
Oversea-Chinese Banking Corporation Limited,2024-09-30,nsfr,NSFR Disclosure Template,,18,RSF Item,Performing loans and securities:,Performing loans to financial institutions secured by Level 1 HQLA,,,3,Weighted value,,1,879.0,879,reported,0,1,,,20,5,ocbc_4q24_p3,nsfr_sep24,20,5,2
Oversea-Chinese Banking Corporation Limited,2024-09-30,nsfr,NSFR Disclosure Template,,19,RSF Item,Performing loans and securities:,Performing loans to financial institutions secured by non-Level 1 HQLA and unsecured performing loans to financial institutions,,,3,Unweighted value by residual maturity,No Maturity,2,2719.0,"2,719",reported,0,1,,,21,1,ocbc_4q24_p3,nsfr_sep24,21,1,2
Oversea-Chinese Banking Corporation Limited,2024-09-30,nsfr,NSFR Disclosure Template,,19,RSF Item,Performing loans and securities:,Performing loans to financial institutions secured by non-Level 1 HQLA and unsecured performing loans to financial institutions,,,3,Unweighted value by residual maturity,< 6 months,2,13948.0,"13,948",reported,0,1,,,21,2,ocbc_4q24_p3,nsfr_sep24,21,2,2
Oversea-Chinese Banking Corporation Limited,2024-09-30,nsfr,NSFR Disclosure Template,,19,RSF Item,Performing loans and securities:,Performing loans to financial institutions secured by non-Level 1 HQLA and unsecured performing loans to financial institutions,,,3,Unweighted value by residual maturity,6 months to <1 yr,2,3327.0,"3,327",reported,0,1,,,21,3,ocbc_4q24_p3,nsfr_sep24,21,3,2
Oversea-Chinese Banking Corporation Limited,2024-09-30,nsfr,NSFR Disclosure Template,,19,RSF Item,Performing loans and securities:,Performing loans to financial institutions secured by non-Level 1 HQLA and unsecured performing loans to financial institutions,,,3,Unweighted value by residual maturity,≥ 1yr,2,4159.0,"4,159",reported,0,1,,,21,4,ocbc_4q24_p3,nsfr_sep24,21,4,2
Oversea-Chinese Banking Corporation Limited,2024-09-30,nsfr,NSFR Disclosure Template,,19,RSF Item,Performing loans and securities:,Performing loans to financial institutions secured by non-Level 1 HQLA and unsecured performing loans to financial institutions,,,3,Weighted value,,1,8519.0,"8,519",reported,0,1,,,21,5,ocbc_4q24_p3,nsfr_sep24,21,5,2
Oversea-Chinese Banking Corporation Limited,2024-09-30,nsfr,NSFR Disclosure Template,,20,RSF Item,Performing loans and securities:,"Performing loans to non-financial corporate clients, loans to retail and small business customers, and loans to sovereigns, central banks and PSEs, of which:",,,3,Unweighted value by residual maturity,No Maturity,2,4870.0,"4,870",reported,0,1,,,22,1,ocbc_4q24_p3,nsfr_sep24,22,1,2
Oversea-Chinese Banking Corporation Limited,2024-09-30,nsfr,NSFR Disclosure Template,,20,RSF Item,Performing loans and securities:,"Performing loans to non-financial corporate clients, loans to retail and small business customers, and loans to sovereigns, central banks and PSEs, of which:",,,3,Unweighted value by residual maturity,< 6 months,2,77601.0,"77,601",reported,0,1,,,22,2,ocbc_4q24_p3,nsfr_sep24,22,2,2
Oversea-Chinese Banking Corporation Limited,2024-09-30,nsfr,NSFR Disclosure Template,,20,RSF Item,Performing loans and securities:,"Performing loans to non-financial corporate clients, loans to retail and small business customers, and loans to sovereigns, central banks and PSEs, of which:",,,3,Unweighted value by residual maturity,6 months to <1 yr,2,17352.0,"17,352",reported,0,1,,,22,3,ocbc_4q24_p3,nsfr_sep24,22,3,2
Oversea-Chinese Banking Corporation Limited,2024-09-30,nsfr,NSFR Disclosure Template,,20,RSF Item,Performing loans and securities:,"Performing loans to non-financial corporate clients, loans to retail and small business customers, and loans to sovereigns, central banks and PSEs, of which:",,,3,Unweighted value by residual maturity,≥ 1yr,2,126880.0,"126,880",reported,0,1,,,22,4,ocbc_4q24_p3,nsfr_sep24,22,4,2
Oversea-Chinese Banking Corporation Limited,2024-09-30,nsfr,NSFR Disclosure Template,,20,RSF Item,Performing loans and securities:,"Performing loans to non-financial corporate clients, loans to retail and small business customers, and loans to sovereigns, central banks and PSEs, of which:",,,3,Weighted value,,1,155877.0,"155,877",reported,0,1,,,22,5,ocbc_4q24_p3,nsfr_sep24,22,5,2
Oversea-Chinese Banking Corporation Limited,2024-09-30,nsfr,NSFR Disclosure Template,,21,RSF Item,Performing loans and securities:,"Performing loans to non-financial corporate clients, loans to retail and small business customers, and loans to sovereigns, central banks and PSEs, of which:",With a risk weight of less than or equal to 35% under MAS Notice 637's standardised approach to credit risk,,4,Unweighted value by residual maturity,No Maturity,2,302.0,302,reported,0,1,,,23,1,ocbc_4q24_p3,nsfr_sep24,23,1,3
Oversea-Chinese Banking Corporation Limited,2024-09-30,nsfr,NSFR Disclosure Template,,21,RSF Item,Performing loans and securities:,"Performing loans to non-financial corporate clients, loans to retail and small business customers, and loans to sovereigns, central banks and PSEs, of which:",With a risk weight of less than or equal to 35% under MAS Notice 637's standardised approach to credit risk,,4,Unweighted value by residual maturity,< 6 months,2,1129.0,"1,129",reported,0,1,,,23,2,ocbc_4q24_p3,nsfr_sep24,23,2,3
Oversea-Chinese Banking Corporation Limited,2024-09-30,nsfr,NSFR Disclosure Template,,21,RSF Item,Performing loans and securities:,"Performing loans to non-financial corporate clients, loans to retail and small business customers, and loans to sovereigns, central banks and PSEs, of which:",With a risk weight of less than or equal to 35% under MAS Notice 637's standardised approach to credit risk,,4,Unweighted value by residual maturity,6 months to <1 yr,2,455.0,455,reported,0,1,,,23,3,ocbc_4q24_p3,nsfr_sep24,23,3,3
Oversea-Chinese Banking Corporation Limited,2024-09-30,nsfr,NSFR Disclosure Template,,21,RSF Item,Performing loans and securities:,"Performing loans to non-financial corporate clients, loans to retail and small business customers, and loans to sovereigns, central banks and PSEs, of which:",With a risk weight of less than or equal to 35% under MAS Notice 637's standardised approach to credit risk,,4,Unweighted value by residual maturity,≥ 1yr,2,917.0,917,reported,0,1,,,23,4,ocbc_4q24_p3,nsfr_sep24,23,4,3
Oversea-Chinese Banking Corporation Limited,2024-09-30,nsfr,NSFR Disclosure Template,,21,RSF Item,Performing loans and securities:,"Performing loans to non-financial corporate clients, loans to retail and small business customers, and loans to sovereigns, central banks and PSEs, of which:",With a risk weight of less than or equal to 35% under MAS Notice 637's standardised approach to credit risk,,4,Weighted value,,1,1808.0,"1,808",reported,0,1,,,23,5,ocbc_4q24_p3,nsfr_sep24,23,5,3
Oversea-Chinese Banking Corporation Limited,2024-09-30,nsfr,NSFR Disclosure Template,,22,RSF Item,Performing loans and securities:,"Performing residential mortgages, of which:",,,3,Unweighted value by residual maturity,No Maturity,2,237.0,237,reported,0,1,,,24,1,ocbc_4q24_p3,nsfr_sep24,24,1,2
Oversea-Chinese Banking Corporation Limited,2024-09-30,nsfr,NSFR Disclosure Template,,22,RSF Item,Performing loans and securities:,"Performing residential mortgages, of which:",,,3,Unweighted value by residual maturity,< 6 months,2,3087.0,"3,087",reported,0,1,,,24,2,ocbc_4q24_p3,nsfr_sep24,24,2,2
Oversea-Chinese Banking Corporation Limited,2024-09-30,nsfr,NSFR Disclosure Template,,22,RSF Item,Performing loans and securities:,"Performing residential mortgages, of which:",,,3,Unweighted value by residual maturity,6 months to <1 yr,2,1988.0,"1,988",reported,0,1,,,24,3,ocbc_4q24_p3,nsfr_sep24,24,3,2
Oversea-Chinese Banking Corporation Limited,2024-09-30,nsfr,NSFR Disclosure Template,,22,RSF Item,Performing loans and securities:,"Performing residential mortgages, of which:",,,3,Unweighted value by residual maturity,≥ 1yr,2,67135.0,"67,135",reported,0,1,,,24,4,ocbc_4q24_p3,nsfr_sep24,24,4,2
Oversea-Chinese Banking Corporation Limited,2024-09-30,nsfr,NSFR Disclosure Template,,22,RSF Item,Performing loans and securities:,"Performing residential mortgages, of which:",,,3,Weighted value,,1,48281.0,"48,281",reported,0,1,,,24,5,ocbc_4q24_p3,nsfr_sep24,24,5,2
Oversea-Chinese Banking Corporation Limited,2024-09-30,nsfr,NSFR Disclosure Template,,23,RSF Item,Performing loans and securities:,"Performing residential mortgages, of which:",With a risk weight of less than or equal to 35% under MAS Notice 637's standardised approach to credit risk,,4,Unweighted value by residual maturity,No Maturity,2,186.0,186,reported,0,1,,,25,1,ocbc_4q24_p3,nsfr_sep24,25,1,3
Oversea-Chinese Banking Corporation Limited,2024-09-30,nsfr,NSFR Disclosure Template,,23,RSF Item,Performing loans and securities:,"Performing residential mortgages, of which:",With a risk weight of less than or equal to 35% under MAS Notice 637's standardised approach to credit risk,,4,Unweighted value by residual maturity,< 6 months,2,2251.0,"2,251",reported,0,1,,,25,2,ocbc_4q24_p3,nsfr_sep24,25,2,3
Oversea-Chinese Banking Corporation Limited,2024-09-30,nsfr,NSFR Disclosure Template,,23,RSF Item,Performing loans and securities:,"Performing residential mortgages, of which:",With a risk weight of less than or equal to 35% under MAS Notice 637's standardised approach to credit risk,,4,Unweighted value by residual maturity,6 months to <1 yr,2,1367.0,"1,367",reported,0,1,,,25,3,ocbc_4q24_p3,nsfr_sep24,25,3,3
Oversea-Chinese Banking Corporation Limited,2024-09-30,nsfr,NSFR Disclosure Template,,23,RSF Item,Performing loans and securities:,"Performing residential mortgages, of which:",With a risk weight of less than or equal to 35% under MAS Notice 637's standardised approach to credit risk,,4,Unweighted value by residual maturity,≥ 1yr,2,60770.0,"60,770",reported,0,1,,,25,4,ocbc_4q24_p3,nsfr_sep24,25,4,3
Oversea-Chinese Banking Corporation Limited,2024-09-30,nsfr,NSFR Disclosure Template,,23,RSF Item,Performing loans and securities:,"Performing residential mortgages, of which:",With a risk weight of less than or equal to 35% under MAS Notice 637's standardised approach to credit risk,,4,Weighted value,,1,42098.0,"42,098",reported,0,1,,,25,5,ocbc_4q24_p3,nsfr_sep24,25,5,3
Oversea-Chinese Banking Corporation Limited,2024-09-30,nsfr,NSFR Disclosure Template,,24,RSF Item,Performing loans and securities:,"Securities that are not in default and do not qualify as HQLA, including exchange-traded equities",,,3,Unweighted value by residual maturity,No Maturity,2,793.0,793,reported,0,1,,,26,1,ocbc_4q24_p3,nsfr_sep24,26,1,2
Oversea-Chinese Banking Corporation Limited,2024-09-30,nsfr,NSFR Disclosure Template,,24,RSF Item,Performing loans and securities:,"Securities that are not in default and do not qualify as HQLA, including exchange-traded equities",,,3,Unweighted value by residual maturity,< 6 months,2,14363.0,"14,363",reported,0,1,,,26,2,ocbc_4q24_p3,nsfr_sep24,26,2,2
Oversea-Chinese Banking Corporation Limited,2024-09-30,nsfr,NSFR Disclosure Template,,24,RSF Item,Performing loans and securities:,"Securities that are not in default and do not qualify as HQLA, including exchange-traded equities",,,3,Unweighted value by residual maturity,6 months to <1 yr,2,10677.0,"10,677",reported,0,1,,,26,3,ocbc_4q24_p3,nsfr_sep24,26,3,2
Oversea-Chinese Banking Corporation Limited,2024-09-30,nsfr,NSFR Disclosure Template,,24,RSF Item,Performing loans and securities:,"Securities that are not in default and do not qualify as HQLA, including exchange-traded equities",,,3,Unweighted value by residual maturity,≥ 1yr,2,10235.0,"10,235",reported,0,1,,,26,4,ocbc_4q24_p3,nsfr_sep24,26,4,2
Oversea-Chinese Banking Corporation Limited,2024-09-30,nsfr,NSFR Disclosure Template,,24,RSF Item,Performing loans and securities:,"Securities that are not in default and do not qualify as HQLA, including exchange-traded equities",,,3,Weighted value,,1,22011.0,"22,011",reported,0,1,,,26,5,ocbc_4q24_p3,nsfr_sep24,26,5,2
Oversea-Chinese Banking Corporation Limited,2024-09-30,nsfr,NSFR Disclosure Template,,25,RSF Item,Assets with matching interdependent liabilities,,,,2,Unweighted value by residual maturity,No Maturity,2,,-,null,0,1,,,27,1,ocbc_4q24_p3,nsfr_sep24,27,1,1
Oversea-Chinese Banking Corporation Limited,2024-09-30,nsfr,NSFR Disclosure Template,,25,RSF Item,Assets with matching interdependent liabilities,,,,2,Unweighted value by residual maturity,< 6 months,2,,-,null,0,1,,,27,2,ocbc_4q24_p3,nsfr_sep24,27,2,1
Oversea-Chinese Banking Corporation Limited,2024-09-30,nsfr,NSFR Disclosure Template,,25,RSF Item,Assets with matching interdependent liabilities,,,,2,Unweighted value by residual maturity,6 months to <1 yr,2,,-,null,0,1,,,27,3,ocbc_4q24_p3,nsfr_sep24,27,3,1
Oversea-Chinese Banking Corporation Limited,2024-09-30,nsfr,NSFR Disclosure Template,,25,RSF Item,Assets with matching interdependent liabilities,,,,2,Unweighted value by residual maturity,≥ 1yr,2,,-,null,0,1,,,27,4,ocbc_4q24_p3,nsfr_sep24,27,4,1
Oversea-Chinese Banking Corporation Limited,2024-09-30,nsfr,NSFR Disclosure Template,,25,RSF Item,Assets with matching interdependent liabilities,,,,2,Weighted value,,1,,-,null,0,1,,,27,5,ocbc_4q24_p3,nsfr_sep24,27,5,1
Oversea-Chinese Banking Corporation Limited,2024-09-30,nsfr,NSFR Disclosure Template,,26,RSF Item,Other assets:,,,,2,Unweighted value by residual maturity,No Maturity,2,18834.0,"18,834",reported,0,1,,,28,1,ocbc_4q24_p3,nsfr_sep24,28,1,1
Oversea-Chinese Banking Corporation Limited,2024-09-30,nsfr,NSFR Disclosure Template,,26,RSF Item,Other assets:,,,,2,Unweighted value by residual maturity,< 6 months,2,16208.0,"16,208",reported,0,3,,,28,2,ocbc_4q24_p3,nsfr_sep24,28,2,1
Oversea-Chinese Banking Corporation Limited,2024-09-30,nsfr,NSFR Disclosure Template,,26,RSF Item,Other assets:,,,,2,Weighted value,,1,23628.0,"23,628",reported,0,1,,,28,5,ocbc_4q24_p3,nsfr_sep24,28,5,1
Oversea-Chinese Banking Corporation Limited,2024-09-30,nsfr,NSFR Disclosure Template,,27,RSF Item,Other assets:,"Physical trade commodities, including gold",,,3,Unweighted value by residual maturity,No Maturity,2,1080.0,"1,080",reported,0,1,,,29,1,ocbc_4q24_p3,nsfr_sep24,29,1,2
Oversea-Chinese Banking Corporation Limited,2024-09-30,nsfr,NSFR Disclosure Template,,27,RSF Item,Other assets:,"Physical trade commodities, including gold",,,3,Unweighted value by residual maturity,< 6 months,2,,,empty,1,3,,,29,2,ocbc_4q24_p3,nsfr_sep24,29,2,2
Oversea-Chinese Banking Corporation Limited,2024-09-30,nsfr,NSFR Disclosure Template,,27,RSF Item,Other assets:,"Physical trade commodities, including gold",,,3,Weighted value,,1,918.0,918,reported,0,1,,,29,5,ocbc_4q24_p3,nsfr_sep24,29,5,2
Oversea-Chinese Banking Corporation Limited,2024-09-30,nsfr,NSFR Disclosure Template,,28,RSF Item,Other assets:,Assets posted as initial margin for derivative contracts and contributions to default funds of CCPs,,,3,Unweighted value by residual maturity,No Maturity,2,,,empty,1,1,,,30,1,ocbc_4q24_p3,nsfr_sep24,30,1,2
Oversea-Chinese Banking Corporation Limited,2024-09-30,nsfr,NSFR Disclosure Template,,28,RSF Item,Other assets:,Assets posted as initial margin for derivative contracts and contributions to default funds of CCPs,,,3,Unweighted value by residual maturity,< 6 months,2,1028.0,"1,028",reported,0,3,,,30,2,ocbc_4q24_p3,nsfr_sep24,30,2,2
Oversea-Chinese Banking Corporation Limited,2024-09-30,nsfr,NSFR Disclosure Template,,28,RSF Item,Other assets:,Assets posted as initial margin for derivative contracts and contributions to default funds of CCPs,,,3,Weighted value,,1,874.0,874,reported,0,1,,,30,5,ocbc_4q24_p3,nsfr_sep24,30,5,2
Oversea-Chinese Banking Corporation Limited,2024-09-30,nsfr,NSFR Disclosure Template,,29,RSF Item,Other assets:,NSFR derivative assets,,,3,Unweighted value by residual maturity,No Maturity,2,,,empty,1,1,,,31,1,ocbc_4q24_p3,nsfr_sep24,31,1,2
Oversea-Chinese Banking Corporation Limited,2024-09-30,nsfr,NSFR Disclosure Template,,29,RSF Item,Other assets:,NSFR derivative assets,,,3,Unweighted value by residual maturity,< 6 months,2,4900.0,"4,900",reported,0,3,,,31,2,ocbc_4q24_p3,nsfr_sep24,31,2,2
Oversea-Chinese Banking Corporation Limited,2024-09-30,nsfr,NSFR Disclosure Template,,29,RSF Item,Other assets:,NSFR derivative assets,,,3,Weighted value,,1,1562.0,"1,562",reported,0,1,,,31,5,ocbc_4q24_p3,nsfr_sep24,31,5,2
Oversea-Chinese Banking Corporation Limited,2024-09-30,nsfr,NSFR Disclosure Template,,30,RSF Item,Other assets:,NSFR derivative liabilities before deduction of variation margin posted,,,3,Unweighted value by residual maturity,No Maturity,2,,,empty,1,1,,,32,1,ocbc_4q24_p3,nsfr_sep24,32,1,2
Oversea-Chinese Banking Corporation Limited,2024-09-30,nsfr,NSFR Disclosure Template,,30,RSF Item,Other assets:,NSFR derivative liabilities before deduction of variation margin posted,,,3,Unweighted value by residual maturity,< 6 months,2,5583.0,"5,583",reported,0,3,,,32,2,ocbc_4q24_p3,nsfr_sep24,32,2,2
Oversea-Chinese Banking Corporation Limited,2024-09-30,nsfr,NSFR Disclosure Template,,30,RSF Item,Other assets:,NSFR derivative liabilities before deduction of variation margin posted,,,3,Weighted value,,1,279.0,279,reported,0,1,,,32,5,ocbc_4q24_p3,nsfr_sep24,32,5,2
Oversea-Chinese Banking Corporation Limited,2024-09-30,nsfr,NSFR Disclosure Template,,31,RSF Item,Other assets:,All other assets not included in the above categories,,,3,Unweighted value by residual maturity,No Maturity,2,17754.0,"17,754",reported,0,1,,,33,1,ocbc_4q24_p3,nsfr_sep24,33,1,2
Oversea-Chinese Banking Corporation Limited,2024-09-30,nsfr,NSFR Disclosure Template,,31,RSF Item,Other assets:,All other assets not included in the above categories,,,3,Unweighted value by residual maturity,< 6 months,2,3158.0,"3,158",reported,0,1,,,33,2,ocbc_4q24_p3,nsfr_sep24,33,2,2
Oversea-Chinese Banking Corporation Limited,2024-09-30,nsfr,NSFR Disclosure Template,,31,RSF Item,Other assets:,All other assets not included in the above categories,,,3,Unweighted value by residual maturity,6 months to <1 yr,2,45.0,45,reported,0,1,,,33,3,ocbc_4q24_p3,nsfr_sep24,33,3,2
Oversea-Chinese Banking Corporation Limited,2024-09-30,nsfr,NSFR Disclosure Template,,31,RSF Item,Other assets:,All other assets not included in the above categories,,,3,Unweighted value by residual maturity,≥ 1yr,2,1493.0,"1,493",reported,0,1,,,33,4,ocbc_4q24_p3,nsfr_sep24,33,4,2
Oversea-Chinese Banking Corporation Limited,2024-09-30,nsfr,NSFR Disclosure Template,,31,RSF Item,Other assets:,All other assets not included in the above categories,,,3,Weighted value,,1,19995.0,"19,995",reported,0,1,,,33,5,ocbc_4q24_p3,nsfr_sep24,33,5,2
Oversea-Chinese Banking Corporation Limited,2024-09-30,nsfr,NSFR Disclosure Template,,32,RSF Item,Off-balance sheet items,,,,2,Unweighted value by residual maturity,No Maturity,2,,,empty,1,1,,,34,1,ocbc_4q24_p3,nsfr_sep24,34,1,1
Oversea-Chinese Banking Corporation Limited,2024-09-30,nsfr,NSFR Disclosure Template,,32,RSF Item,Off-balance sheet items,,,,2,Unweighted value by residual maturity,< 6 months,2,240642.0,"240,642",reported,0,3,,,34,2,ocbc_4q24_p3,nsfr_sep24,34,2,1
Oversea-Chinese Banking Corporation Limited,2024-09-30,nsfr,NSFR Disclosure Template,,32,RSF Item,Off-balance sheet items,,,,2,Weighted value,,1,2114.0,"2,114",reported,0,1,,,34,5,ocbc_4q24_p3,nsfr_sep24,34,5,1
Oversea-Chinese Banking Corporation Limited,2024-09-30,nsfr,NSFR Disclosure Template,,33,RSF Item,Total RSF,,,,2,Unweighted value by residual maturity,No Maturity,2,,,empty,1,4,rsf_total,,35,1,ocbc_4q24_p3,nsfr_sep24,35,1,1
Oversea-Chinese Banking Corporation Limited,2024-09-30,nsfr,NSFR Disclosure Template,,33,RSF Item,Total RSF,,,,2,Weighted value,,1,268759.0,"268,759",reported,0,1,rsf_total,,35,5,ocbc_4q24_p3,nsfr_sep24,35,5,1
Oversea-Chinese Banking Corporation Limited,2024-09-30,nsfr,NSFR Disclosure Template,,34,RSF Item,NSFR (%),,,,2,Unweighted value by residual maturity,No Maturity,2,,,empty,1,4,,,36,1,ocbc_4q24_p3,nsfr_sep24,36,1,1
Oversea-Chinese Banking Corporation Limited,2024-09-30,nsfr,NSFR Disclosure Template,,34,RSF Item,NSFR (%),,,,2,Weighted value,,1,114.0,114,reported,0,1,,,36,5,ocbc_4q24_p3,nsfr_sep24,36,5,1
