bank,concept_key,section,display,1Q23,2Q23,3Q23,4Q23,1Q24,2Q24,3Q24,4Q24,1Q25,2Q25,3Q25,4Q25,1Q26,2Q26,3Q26,4Q26,1H23,2H23,1H24,2H24,1H25,2H25,1H26,2H26,FY23,FY24,FY25,FY26,notes
DBS,pnl.nii.net,Selected income statement items ($m),Net interest income,3271,3433,3504,3434,3505,3594,3597,3728,3681,3648,3578,3593,,,,,6704,6938,7099,7325,7329,7171,,,13642,14424,14500,,
OCBC,pnl.nii.net,Selected income statement items ($m),Net interest income,2338,2389,2456,,2437,2430,2433,,2345,2283,2226,,,,,,4727,4918,4867,4888,4628,4522,,,9645,9755,9150,,
UOB,pnl.nii.net,Selected income statement items ($m),Net interest income,2409,2437,2429,,2362,2401,2460,,2409,2336,2265,,,,,,4846,4833,4763,4911,4745,4611,,,9679,9674,9355,,
DBS,pnl.noninterest.fee_commission,Selected income statement items ($m),Net fee and commission income,851,823,843,867,1043,1048,1109,968,1275,1167,1357,1099,,,,,1674,1710,2091,2077,2442,2456,,,3384,4168,4898,,OCBC media release shows N/A for halves; use CONSOLIDATED INCOME STATEMENT
OCBC,pnl.noninterest.fee_commission,Selected income statement items ($m),Net fee and commission income,1012,1066,973,,1189,1199,1369,,1310,1264,1570,,,,,,N/A,N/A,N/A,N/A,N/A,N/A,,,1804,1970,2411,,OCBC media release shows N/A for halves; use CONSOLIDATED INCOME STATEMENT
UOB,pnl.noninterest.fee_commission,Selected income statement items ($m),Net fee and commission income,552,524,591,,580,618,630,,694,636,615,,,,,,1075,1159,1198,1197,1330,1239,,,2235,2395,2569,,OCBC media release shows N/A for halves; use CONSOLIDATED INCOME STATEMENT
DBS,pnl.noninterest.other,Selected income statement items ($m),Other non-interest income,814,789,845,706,1009,840,1047,809,949,917,997,639,,,,,1603,1551,1849,1856,1866,1636,,,3154,3705,3502,,DBS derived (Commercial+Markets); OCBC derived (Non-II minus Net fee); UOB direct
OCBC,pnl.noninterest.other,Selected income statement items ($m),Other non-interest income,3350,3455,3429,,3626,3629,3802,,3655,3547,3796,,,,,,2078,1784,2388,2330,2574,2890,,,3862,4718,5464,,DBS derived (Commercial+Markets); OCBC derived (Non-II minus Net fee); UOB direct
UOB,pnl.noninterest.other,Selected income statement items ($m),Other non-interest income,563,581,436,,581,457,744,,554,493,518,,,,,,1144,875,1038,1187,1047,837,,,2018,2225,1884,,DBS derived (Commercial+Markets); OCBC derived (Non-II minus Net fee); UOB direct
DBS,pnl.income.total,Selected income statement items ($m),Total income,4936,5045,5192,5007,5557,5482,5753,5505,5905,5732,5932,5331,,,,,9981,10199,11039,11258,11637,11263,,,20180,22297,22900,,
OCBC,pnl.income.total,Selected income statement items ($m),Total income,1244,1329,1340,,1346,1373,1463,,1415,1389,1519,,,,,,6805,6702,7255,7218,7202,7412,,,13507,14473,14614,,
UOB,pnl.income.total,Selected income statement items ($m),Total income,3524,3542,3457,,3523,3476,3834,,3657,3465,3398,,,,,,7065,6867,6998,7295,7121,6687,,,13932,14294,13808,,
DBS,pnl.opex.total,Selected income statement items ($m),Operating expenses,1882,1931,2038,2205,2079,2172,2249,2395,2214,2270,2393,2372,,,,,3813,4243,4251,4644,4484,4765,,,8056,8895,9249,,
OCBC,pnl.opex.total,Selected income statement items ($m),Operating expenses,2106,2126,2089,,2280,2256,2339,,2240,2158,2277,,,,,,2573,2650,2719,3023,2804,3078,,,5223,5742,5882,,
UOB,pnl.opex.total,Selected income statement items ($m),Operating expenses,1440,1448,1416,,1475,1452,1626,,1559,1535,1535,,,,,,2889,2889,2926,3205,3095,3062,,,5778,6310,6157,,
DBS,pnl.profit.operating,Selected income statement items ($m),Operating profit,3054,3114,3154,2802,3478,3310,3504,3110,3691,3462,3539,2959,,,,,6168,5956,6788,6614,7153,6498,,,12124,13402,13651,,DBS may pull Reported variant (minus -100 CSR at some periods)
OCBC,pnl.profit.operating,Selected income statement items ($m),Operating profit,25,26,26,,25,22,7,,5,6,5,,,,,,4232,4052,4536,4195,4398,4334,,,8284,8731,8732,,DBS may pull Reported variant (minus -100 CSR at some periods)
UOB,pnl.profit.operating,Selected income statement items ($m),Operating profit,2083,2093,2041,,2048,2024,2208,,2097,1929,1863,,,,,,4177,3978,4072,4090,4027,3625,,,8154,7984,7651,,DBS may pull Reported variant (minus -100 CSR at some periods)
DBS,pnl.opex.amortisation_intangibles,Selected income statement items ($m),Amortisation of intangible assets,0,0,0,9,6,6,6,5,6,6,6,5,,,,,0,9,12,11,12,11,,,9,23,23,,
OCBC,pnl.opex.amortisation_intangibles,Selected income statement items ($m),Amortisation of intangible assets,56,52,220,,180,154,37,,94,65,140,,,,,,51,52,47,12,11,10,,,103,59,21,,
UOB,pnl.opex.amortisation_intangibles,Selected income statement items ($m),Amortisation of intangible assets,5,5,7,,7,7,7,,7,9,7,,,,,,10,14,13,15,16,14,,,24,28,31,,
DBS,pnl.provisions.total,Selected income statement items ($m),Allowances for credit and other losses,161,72,215,142,135,148,130,209,325,133,124,209,,,,,233,357,283,339,458,333,,,590,622,791,,OCBC media release shows N/A for halves; use CONSOLIDATED INCOME STATEMENT
OCBC,pnl.provisions.total,Selected income statement items ($m),Allowances for credit and other losses,54,200,36,,11,10,132,,118,49,1,,,,,,362,371,313,377,N/A,N/A,,,733,690,665,,OCBC media release shows N/A for halves; use CONSOLIDATED INCOME STATEMENT
UOB,pnl.provisions.total,Selected income statement items ($m),Allowances for credit and other losses,169,365,235,,163,232,304,,290,279,1361,,,,,,534,387,395,531,569,1474,,,921,926,2042,,OCBC media release shows N/A for halves; use CONSOLIDATED INCOME STATEMENT
DBS,pnl.associates,Selected income statement items ($m),Share of profits/losses of associates and JVs,63,42,62,47,51,63,66,70,77,65,67,53,,,,,105,109,114,136,142,120,,,214,250,262,,
OCBC,pnl.associates,Selected income statement items ($m),Share of profits/losses of associates and JVs,1971,1848,1879,,2086,2090,2163,,2023,2038,2133,,,,,,510,443,498,496,537,540,,,953,994,1077,,
UOB,pnl.associates,Selected income statement items ($m),Share of profits/losses of associates and JVs,25,26,20,,26,31,25,,22,-3,25,,,,,,51,42,56,65,19,60,,,93,121,79,,
DBS,pnl.profit.pretax,Selected income statement items ($m),Profit before tax,2956,3084,3001,2698,3388,3219,3434,2966,3437,3388,3476,2798,,,,,6040,5699,6607,6400,6825,6274,,,11739,13007,13099,,DBS may pull Reported variant
OCBC,pnl.profit.pretax,Selected income statement items ($m),Profit before tax,260,250,254,,255,243,251,,274,263,279,,,,,,4329,4072,4674,4302,4598,4525,,,8401,8976,9123,,DBS may pull Reported variant
UOB,pnl.profit.pretax,Selected income statement items ($m),Profit before tax,1935,1749,1818,,1904,1816,1923,,1822,1638,520,,,,,,3684,3619,3720,3609,3460,2196,,,7303,7151,5657,,DBS may pull Reported variant
DBS,pnl.profit.net_attributable,Selected income statement items ($m),Net profit,2571,2689,2633,2393,2956,2803,3027,2622,2897,2824,2954,2358,,,,,5260,5026,5759,5649,5721,5312,,,10286,11408,11033,,"DBS: dashboard shows Reported (Row 21). OCBC: SCOPE MISMATCH — lineage pulls Profit for period (incl NCI), Excel shows attributable only"
OCBC,pnl.profit.net_attributable,Selected income statement items ($m),Net profit,2231,2098,2133,,2341,2333,2414,,2297,2301,2412,,,,,,3589,3432,3926,3661,3699,3723,,,7021,7587,7422,,"DBS: dashboard shows Reported (Row 21). OCBC: SCOPE MISMATCH — lineage pulls Profit for period (incl NCI), Excel shows attributable only"
UOB,pnl.profit.net_attributable,Selected income statement items ($m),Net profit,1511,1415,1382,,1487,1425,1610,,1490,1338,443,,,,,,2925,2786,2912,3133,2828,1853,,,5711,6045,4682,,"DBS: dashboard shows Reported (Row 21). OCBC: SCOPE MISMATCH — lineage pulls Profit for period (incl NCI), Excel shows attributable only"
DBS,bs.assets.customer_loans_gross,Selected balance sheet items ($m),Customer loans (net for DBS per policy; gross for UOB/OCBC),416976,415713,419927,416163,424833,424837,418068,430594,435295,433046,437027,445011,,,,,415713,416163,424837,430594,433046,445011,,,416163,430594,445011,,DBS = NET; UOB/OCBC = GROSS. Concept key differs per bank
OCBC,bs.assets.customer_loans_gross,Selected balance sheet items ($m),Customer loans (net for DBS per policy; gross for UOB/OCBC),290471,293532,294330,,296932,299980,301285,,317885,320413,322729,,,,,,293532,292754,299980,315096,320413,336692,,,292754,315096,336692,,DBS = NET; UOB/OCBC = GROSS. Concept key differs per bank
UOB,bs.assets.customer_loans_gross,Selected balance sheet items ($m),Customer loans (net for DBS per policy; gross for UOB/OCBC),501909,505563,515887,,322634,328453,333998,,341154,342900,351084,,,,,,318979,321150,328453,337831,342900,352180,,,321150,337831,352180,,DBS = NET; UOB/OCBC = GROSS. Concept key differs per bank
DBS,bs.liabilities.customer_deposits,Selected balance sheet items ($m),Customer deposits,529223,520071,531269,535103,547197,551088,544961,561730,575663,573965,596073,610023,,,,,520071,535103,551088,561730,573965,610023,,,535103,561730,610023,,
OCBC,bs.liabilities.customer_deposits,Selected balance sheet items ($m),Customer deposits,52027,50904,50694,,55170,55219,55932,,59190,58073,58263,,,,,,372462,363770,369835,390687,406943,428286,,,363770,390687,428286,,
UOB,bs.liabilities.customer_deposits,Selected balance sheet items ($m),Customer deposits,,,,,47482,47343,48596,,51406,50346,49707,,,,,,376762,385469,389157,403978,405076,425938,,,385469,403978,425938,,
DBS,bs.assets.total,Selected balance sheet items ($m),Total assets,744968,757907,745173,739301,783208,790111,789609,827219,840823,841896,881622,897488,,,,,757907,739301,790111,827219,841896,897488,,,739301,827219,897488,,
OCBC,bs.assets.total,Selected balance sheet items ($m),Total assets,565808,584440,582346,,597177,598890,602006,,636655,644794,647812,,,,,,584440,581424,598890,625050,644794,675688,,,581424,625050,675688,,
UOB,bs.assets.total,Selected balance sheet items ($m),Total assets,374121,376762,381611,,515340,516743,541885,,538009,537838,555419,,,,,,505563,523520,516743,537664,537838,572061,,,523520,537664,572061,,
DBS,bs.liabilities.total,Selected balance sheet items ($m),Total liabilities,687184,698972,685053,677054,719336,724617,722154,758386,772080,773286,812729,828572,,,,,698972,677054,724617,758386,773286,828572,,,677054,758386,828572,,OCBC/UOB not in media release Highlights; pull from statutory Balance Sheet
OCBC,bs.liabilities.total,Selected balance sheet items ($m),Total liabilities,not_in_excel,not_in_excel,not_in_excel,not_in_excel,not_in_excel,not_in_excel,not_in_excel,not_in_excel,not_in_excel,not_in_excel,not_in_excel,not_in_excel,not_in_excel,not_in_excel,not_in_excel,not_in_excel,not_in_excel,not_in_excel,not_in_excel,not_in_excel,not_in_excel,not_in_excel,not_in_excel,not_in_excel,not_in_excel,not_in_excel,not_in_excel,not_in_excel,OCBC/UOB not in media release Highlights; pull from statutory Balance Sheet
UOB,bs.liabilities.total,Selected balance sheet items ($m),Total liabilities,not_in_excel,not_in_excel,not_in_excel,not_in_excel,not_in_excel,not_in_excel,not_in_excel,not_in_excel,not_in_excel,not_in_excel,not_in_excel,not_in_excel,not_in_excel,not_in_excel,not_in_excel,not_in_excel,not_in_excel,not_in_excel,not_in_excel,not_in_excel,not_in_excel,not_in_excel,not_in_excel,not_in_excel,not_in_excel,not_in_excel,not_in_excel,not_in_excel,OCBC/UOB not in media release Highlights; pull from statutory Balance Sheet
DBS,bs.equity.total,Selected balance sheet items ($m),Total equity,not_in_excel,not_in_excel,not_in_excel,not_in_excel,not_in_excel,not_in_excel,not_in_excel,not_in_excel,not_in_excel,not_in_excel,not_in_excel,not_in_excel,not_in_excel,not_in_excel,not_in_excel,not_in_excel,not_in_excel,not_in_excel,not_in_excel,not_in_excel,not_in_excel,not_in_excel,not_in_excel,not_in_excel,not_in_excel,not_in_excel,not_in_excel,not_in_excel,Not in Excel Highlights for any bank; pull from AUDITED BALANCE SHEETS section per bank
OCBC,bs.equity.total,Selected balance sheet items ($m),Total equity,not_in_excel,not_in_excel,not_in_excel,not_in_excel,not_in_excel,not_in_excel,not_in_excel,not_in_excel,not_in_excel,not_in_excel,not_in_excel,not_in_excel,not_in_excel,not_in_excel,not_in_excel,not_in_excel,not_in_excel,not_in_excel,not_in_excel,not_in_excel,not_in_excel,not_in_excel,not_in_excel,not_in_excel,not_in_excel,not_in_excel,not_in_excel,not_in_excel,Not in Excel Highlights for any bank; pull from AUDITED BALANCE SHEETS section per bank
UOB,bs.equity.total,Selected balance sheet items ($m),Total equity,not_in_excel,not_in_excel,not_in_excel,not_in_excel,not_in_excel,not_in_excel,not_in_excel,not_in_excel,not_in_excel,not_in_excel,not_in_excel,not_in_excel,not_in_excel,not_in_excel,not_in_excel,not_in_excel,not_in_excel,not_in_excel,not_in_excel,not_in_excel,not_in_excel,not_in_excel,not_in_excel,not_in_excel,not_in_excel,not_in_excel,not_in_excel,not_in_excel,Not in Excel Highlights for any bank; pull from AUDITED BALANCE SHEETS section per bank
DBS,bs.equity.shareholders,Selected balance sheet items ($m),Shareholders' equity,57595,58748,59940,62065,63683,65301,67266,68786,68697,68564,68845,68867,,,,,58748,62065,65301,68786,68564,68867,,,62065,68786,68867,,OCBC SCOPE: lineage pulls Attributable to equity holders (~1698 less than Shareholders funds shown here)
OCBC,bs.equity.shareholders,Selected balance sheet items ($m),Shareholders' equity,,,,,,,,,,,,,,,,,52604,54170,56919,59316,59773,61768,,,54170,59316,61768,,OCBC SCOPE: lineage pulls Attributable to equity holders (~1698 less than Shareholders funds shown here)
UOB,bs.equity.shareholders,Selected balance sheet items ($m),Shareholders' equity,2.14,2.12,2.09,,,,,,,,,,,,,,45689,46226,47343,49733,50346,51248,,,46226,49733,51248,,OCBC SCOPE: lineage pulls Attributable to equity holders (~1698 less than Shareholders funds shown here)
DBS,ratio.nim,Key financial ratios (%),Net interest margin,2.12,2.16,2.19,2.13,2.14,2.14,2.11,2.15,2.12,2.05,1.96,1.93,,,,,2.14,2.16,2.14,2.13,2.08,1.94,,,2.15,2.13,2.01,,
OCBC,ratio.nim,Key financial ratios (%),Net interest margin,1.63,1.43,1.48,,1.64,1.56,1.57,,1.44,1.35,1.46,,,,,,2.28,2.28,2.23,2.17,1.98,1.85,,,2.28,2.2,1.91,,
UOB,ratio.nim,Key financial ratios (%),Net interest margin,14.9,14.1,13.9,,41.9,41.8,42.4,,42.6,44.3,45.2,,,,,,2.13,2.05,2.04,2.02,1.96,1.83,,,2.09,2.03,1.89,,
DBS,ratio.cir,Key financial ratios (%),Cost/income ratio,38.1,38.3,39.3,44,37.4,39.6,39.1,43.5,37.5,39.6,40.3,44.5,,,,,38.2,41.6,38.5,41.3,38.5,42.3,,,39.9,39.9,40.4,,
OCBC,ratio.cir,Key financial ratios (%),Cost/income ratio,14.7,13.5,14,,14.7,14.2,14.1,,13,12.3,13.4,,,,,,37.8,39.6,37.5,41.9,38.9,41.5,,,38.7,39.7,40.2,,
UOB,ratio.cir,Key financial ratios (%),Cost/income ratio,1.6,1.6,1.6,,1.22,1.16,1.23,,1.11,0.99,0.33,,,,,,40.9,42.1,41.8,43.9,43.5,45.8,,,41.5,44.1,44.6,,
DBS,ratio.roa,Key financial ratios (%),Return on assets,1.41,1.44,1.39,1.28,1.56,1.44,1.52,1.3,1.42,1.35,1.36,1.06,,,,,1.42,1.33,1.5,1.41,1.38,1.21,,,1.38,1.45,1.29,,
OCBC,ratio.roa,Key financial ratios (%),Return on assets,1.1,1.1,1,,1,0.9,0.9,,0.9,0.9,0.9,,,,,,1.53,1.4,1.6,1.44,1.4,1.35,,,1.46,1.53,1.37,,
UOB,ratio.roa,Key financial ratios (%),Return on assets,14,13.6,13,,14,13.3,14,,12.3,11,3.5,,,,,,1.22,1.16,1.19,1.19,1.05,0.68,,,1.19,1.16,0.86,,
DBS,ratio.roe,Key financial ratios (%),Return on equity,18.6,19.2,18.2,16.1,19.4,18.2,18.7,15.8,17.3,16.7,17.1,13.5,,,,,18.9,17.1,18.8,17.2,17,15.3,,,18,18,16.2,,UOB uses avg ORDINARY shareholders equity; DBS/OCBC use total
OCBC,ratio.roe,Key financial ratios (%),Return on equity,15.9,15.4,14.8,,16.2,15.5,17.2,,17.6,17,16.9,,,,,,14.3,13.2,14.5,12.9,12.6,12.5,,,13.7,13.7,12.6,,UOB uses avg ORDINARY shareholders equity; DBS/OCBC use total
UOB,ratio.roe,Key financial ratios (%),Return on equity,,,,,1.5,1.5,1.5,,1.6,1.6,1.6,,,,,,14.5,13.9,13.7,13.5,11.7,7.6,,,14.2,13.3,9.6,,UOB uses avg ORDINARY shareholders equity; DBS/OCBC use total
DBS,ratio.npl,Key financial ratios (%),NPL ratio,1.1,1.1,1.2,1.1,1.1,1.1,1,1.1,1.1,1,1,1,,,,,1.1,1.1,1.1,1.1,1,1,,,1.1,1.1,1,,
OCBC,ratio.npl,Key financial ratios (%),NPL ratio,,,,,,,,,,,,,,,,,1.1,1,0.9,0.9,0.9,0.9,,,1,0.9,0.9,,
UOB,ratio.npl,Key financial ratios (%),NPL ratio,3.54,3.3,3.23,,13.9,13.4,15.5,,15.5,15.3,14.6,,,,,,1.6,1.5,1.5,1.5,1.6,1.5,,,1.5,1.5,1.5,,
DBS,reg.capital.cet1_ratio,Key financial ratios (%),Common Equity Tier 1 (CET-1),14.4,14.1,14.1,14.6,14.7,14.8,17.2,17,17.4,17,16.9,17,,,,,14.1,14.6,14.8,17,17,17,,,14.6,17,17,,DBS Row 43 = headline; Row 44 = fully phased-in. Dashboard currently shows fully phased-in.
OCBC,reg.capital.cet1_ratio,Key financial ratios (%),Common Equity Tier 1 (CET-1),1.68,1.51,1.58,,1.76,1.72,1.73,,1.68,1.6,1.72,,,,,,15.4,15.9,15.5,17.1,17,16.9,,,15.9,17.1,16.9,,DBS Row 43 = headline; Row 44 = fully phased-in. Dashboard currently shows fully phased-in.
UOB,reg.capital.cet1_ratio,Key financial ratios (%),Common Equity Tier 1 (CET-1),3.52,3.29,3.22,,,,,,,,,,,,,,13.6,13.4,13.4,15.5,15.3,15.1,,,13.4,15.5,15.1,,DBS Row 43 = headline; Row 44 = fully phased-in. Dashboard currently shows fully phased-in.
DBS,pnl.eps.basic,Per share (S$),Basic earnings per share,4.02,4.15,4.02,3.65,4.16,3.93,4.21,3.64,4.11,3.98,4.12,3.3,,,,,3.71,3.49,4.05,3.92,4.04,3.71,,,3.6,3.98,3.88,,DBS Row 48 = Underlying (dashboard shows this); Row 51 = Reported
OCBC,pnl.eps.basic,Per share (S$),Basic earnings per share,,,,,,,,,,,,,,,,,1.6,1.5,1.74,1.6,1.64,1.62,,,1.55,1.67,1.63,,DBS Row 48 = Underlying (dashboard shows this); Row 51 = Reported
UOB,pnl.eps.basic,Per share (S$),Basic earnings per share,,,,,3.48,3.33,3.78,,3.49,3.14,1.01,,,,,,3.42,3.26,3.42,3.69,3.33,2.18,,,3.34,3.56,2.76,,DBS Row 48 = Underlying (dashboard shows this); Row 51 = Reported
DBS,pnl.eps.diluted,Per share (S$),Diluted earnings per share,,,,,4.16,3.93,4.21,3.64,4.11,3.98,4.12,3.28,,,,,,,,3.92,4.04,3.69,,,,,3.86,,DBS Row 49 = Underlying; Row 52 = Reported
OCBC,pnl.eps.diluted,Per share (S$),Diluted earnings per share,,,,,,,,,,,,,,,,,1.59,1.5,1.74,1.6,1.63,1.62,,,1.55,1.67,1.63,,DBS Row 49 = Underlying; Row 52 = Reported
UOB,pnl.eps.diluted,Per share (S$),Diluted earnings per share,,,,,26.71,26.64,27.42,,29.07,28.62,28.34,,,,,,3.41,3.25,3.41,3.67,3.32,2.17,,,3.33,3.54,2.75,,DBS Row 49 = Underlying; Row 52 = Reported
DBS,bs.nav_per_share,Per share (S$),Net asset value per share,21.41,21.85,22.31,23.14,21.55,22.12,22.81,23.38,23.81,23.82,24.28,24.29,,,,,19.87,21.03,22.12,23.38,23.82,24.29,,,21.03,23.38,24.29,,
OCBC,bs.nav_per_share,Per share (S$),Net asset value per share,,,,,,,,,,,,,,,,,11.33,11.77,12.29,12.8,12.92,13.38,,,11.77,12.8,13.38,,
UOB,bs.nav_per_share,Per share (S$),Net asset value per share,,,,,,,,,,,,,,,,,25.11,26,26.64,28.11,28.62,29.36,,,26,28.11,29.36,,
