check,detail
flow_as_at,OCBC_4Q25_Condensed_Financial_Statements/loans_to_customers_loans_to_customers_2025-12-31 row4: 'Non-impaired loans' stamped pnl.provisions.stage12_gp (nature=flow) but carries period_span='as_at' -- likely also matches a balance-sheet/disclosure row with a similar label
flow_as_at,OCBC_4Q25_Condensed_Financial_Statements/loans_to_customers_loans_to_customers_2025-12-31 row4: 'Non-impaired loans' stamped pnl.provisions.stage12_gp (nature=flow) but carries period_span='as_at' -- likely also matches a balance-sheet/disclosure row with a similar label
flow_as_at,UOB_4Q25_condensed-financial-statements/customer_loans_customer_loans_2025-12-31 row2: 'Less: General allowance' stamped pnl.provisions.stage12_gp (nature=flow) but carries period_span='as_at' -- likely also matches a balance-sheet/disclosure row with a similar label
flow_as_at,UOB_4Q25_condensed-financial-statements/customer_loans_customer_loans_2025-12-31 row2: 'Less: General allowance' stamped pnl.provisions.stage12_gp (nature=flow) but carries period_span='as_at' -- likely also matches a balance-sheet/disclosure row with a similar label
flow_as_at,UOB_4Q25_condensed-financial-statements/customer_loans_customer_loans_2025-12-31 row2: 'Less: General allowance' stamped pnl.provisions.stage12_gp (nature=flow) but carries period_span='as_at' -- likely also matches a balance-sheet/disclosure row with a similar label
flow_as_at,UOB_4Q25_condensed-financial-statements/customer_loans_customer_loans_2025-12-31 row3: 'Specific allowance' stamped pnl.provisions.stage3_sp (nature=flow) but carries period_span='as_at' -- likely also matches a balance-sheet/disclosure row with a similar label
flow_as_at,UOB_4Q25_condensed-financial-statements/customer_loans_customer_loans_2025-12-31 row3: 'Specific allowance' stamped pnl.provisions.stage3_sp (nature=flow) but carries period_span='as_at' -- likely also matches a balance-sheet/disclosure row with a similar label
flow_as_at,UOB_4Q25_condensed-financial-statements/customer_loans_customer_loans_2025-12-31 row3: 'Specific allowance' stamped pnl.provisions.stage3_sp (nature=flow) but carries period_span='as_at' -- likely also matches a balance-sheet/disclosure row with a similar label
flow_as_at,UOB_4Q25_condensed-financial-statements/non_performing_assets_non_performing_assets_2025-12-31 row25: 'General' stamped pnl.provisions.stage12_gp (nature=flow) but carries period_span='as_at' -- likely also matches a balance-sheet/disclosure row with a similar label
flow_as_at,UOB_4Q25_condensed-financial-statements/non_performing_assets_non_performing_assets_2025-12-31 row25: 'General' stamped pnl.provisions.stage12_gp (nature=flow) but carries period_span='as_at' -- likely also matches a balance-sheet/disclosure row with a similar label
flow_as_at,UOB_4Q25_condensed-financial-statements/non_performing_assets_non_performing_assets_2025-12-31 row25: 'General' stamped pnl.provisions.stage12_gp (nature=flow) but carries period_span='as_at' -- likely also matches a balance-sheet/disclosure row with a similar label
flow_as_at,UOB_4Q25_condensed-financial-statements/non_performing_assets_non_performing_assets_2025-12-31 row26: 'Specific' stamped pnl.provisions.stage3_sp (nature=flow) but carries period_span='as_at' -- likely also matches a balance-sheet/disclosure row with a similar label
flow_as_at,UOB_4Q25_condensed-financial-statements/non_performing_assets_non_performing_assets_2025-12-31 row26: 'Specific' stamped pnl.provisions.stage3_sp (nature=flow) but carries period_span='as_at' -- likely also matches a balance-sheet/disclosure row with a similar label
flow_as_at,UOB_4Q25_condensed-financial-statements/non_performing_assets_non_performing_assets_2025-12-31 row26: 'Specific' stamped pnl.provisions.stage3_sp (nature=flow) but carries period_span='as_at' -- likely also matches a balance-sheet/disclosure row with a similar label
flow_as_at,DBS_4Q25_performance_summary/unaudited_consolidated_statement_of_changes_in_equity_unaudited_consolidated_statement_of_changes_in_equity_for_the_six_months_ended_31_december_2025_the_group_1_july_2025_to_31_december_2025_2025-12-31 row9: 'Net profit' stamped pnl.profit.net_attributable (nature=flow) but carries period_span='as_at' -- likely also matches a balance-sheet/disclosure row with a similar label
flow_as_at,DBS_4Q25_performance_summary/unaudited_consolidated_statement_of_changes_in_equity_unaudited_consolidated_statement_of_changes_in_equity_for_the_six_months_ended_31_december_2025_the_group_1_july_2025_to_31_december_2025_2025-12-31 row9: 'Net profit' stamped pnl.profit.net_attributable (nature=flow) but carries period_span='as_at' -- likely also matches a balance-sheet/disclosure row with a similar label
flow_as_at,DBS_4Q25_performance_summary/unaudited_consolidated_statement_of_changes_in_equity_unaudited_consolidated_statement_of_changes_in_equity_for_the_six_months_ended_31_december_2025_the_group_1_july_2025_to_31_december_2025_2025-12-31 row9: 'Net profit' stamped pnl.profit.net_attributable (nature=flow) but carries period_span='as_at' -- likely also matches a balance-sheet/disclosure row with a similar label
flow_as_at,DBS_4Q25_performance_summary/unaudited_consolidated_statement_of_changes_in_equity_unaudited_consolidated_statement_of_changes_in_equity_for_the_six_months_ended_31_december_2025_the_group_1_july_2025_to_31_december_2025_2025-12-31 row9: 'Net profit' stamped pnl.profit.net_attributable (nature=flow) but carries period_span='as_at' -- likely also matches a balance-sheet/disclosure row with a similar label
flow_as_at,DBS_4Q25_performance_summary/unaudited_consolidated_statement_of_changes_in_equity_unaudited_consolidated_statement_of_changes_in_equity_for_the_six_months_ended_31_december_2025_the_group_1_july_2024_to_31_december_2024_2025-12-31 row8: 'Net profit' stamped pnl.profit.net_attributable (nature=flow) but carries period_span='as_at' -- likely also matches a balance-sheet/disclosure row with a similar label
flow_as_at,DBS_4Q25_performance_summary/unaudited_consolidated_statement_of_changes_in_equity_unaudited_consolidated_statement_of_changes_in_equity_for_the_six_months_ended_31_december_2025_the_group_1_july_2024_to_31_december_2024_2025-12-31 row8: 'Net profit' stamped pnl.profit.net_attributable (nature=flow) but carries period_span='as_at' -- likely also matches a balance-sheet/disclosure row with a similar label
flow_as_at,DBS_4Q25_performance_summary/unaudited_consolidated_statement_of_changes_in_equity_unaudited_consolidated_statement_of_changes_in_equity_for_the_six_months_ended_31_december_2025_the_group_1_july_2024_to_31_december_2024_2025-12-31 row8: 'Net profit' stamped pnl.profit.net_attributable (nature=flow) but carries period_span='as_at' -- likely also matches a balance-sheet/disclosure row with a similar label
flow_as_at,DBS_4Q25_performance_summary/unaudited_consolidated_statement_of_changes_in_equity_unaudited_consolidated_statement_of_changes_in_equity_for_the_six_months_ended_31_december_2025_the_group_1_july_2024_to_31_december_2024_2025-12-31 row8: 'Net profit' stamped pnl.profit.net_attributable (nature=flow) but carries period_span='as_at' -- likely also matches a balance-sheet/disclosure row with a similar label
flow_as_at,DBS_4Q25_performance_summary/unaudited_statement_of_changes_in_equity_unaudited_statement_of_changes_in_equity_for_the_six_months_ended_31_december_2025_the_company_2025-12-31 row8: 'Net profit' stamped pnl.profit.net_attributable (nature=flow) but carries period_span='as_at' -- likely also matches a balance-sheet/disclosure row with a similar label
flow_as_at,DBS_4Q25_performance_summary/unaudited_statement_of_changes_in_equity_unaudited_statement_of_changes_in_equity_for_the_six_months_ended_31_december_2025_the_company_2025-12-31 row8: 'Net profit' stamped pnl.profit.net_attributable (nature=flow) but carries period_span='as_at' -- likely also matches a balance-sheet/disclosure row with a similar label
flow_as_at,DBS_4Q25_performance_summary/unaudited_statement_of_changes_in_equity_unaudited_statement_of_changes_in_equity_for_the_six_months_ended_31_december_2024_the_company_2024-12-31 row5: 'Net profit' stamped pnl.profit.net_attributable (nature=flow) but carries period_span='as_at' -- likely also matches a balance-sheet/disclosure row with a similar label
flow_as_at,DBS_4Q25_performance_summary/unaudited_statement_of_changes_in_equity_unaudited_statement_of_changes_in_equity_for_the_six_months_ended_31_december_2024_the_company_2024-12-31 row5: 'Net profit' stamped pnl.profit.net_attributable (nature=flow) but carries period_span='as_at' -- likely also matches a balance-sheet/disclosure row with a similar label
flow_as_at,OCBC_1H25_Media_Release_Financial_Highlights/loans_to_customers_loans_to_customers_2025-06-30 row3: 'Impaired loans' stamped pnl.provisions.stage3_sp (nature=flow) but carries period_span='as_at' -- likely also matches a balance-sheet/disclosure row with a similar label
flow_as_at,OCBC_1H25_Media_Release_Financial_Highlights/loans_to_customers_loans_to_customers_2025-06-30 row3: 'Impaired loans' stamped pnl.provisions.stage3_sp (nature=flow) but carries period_span='as_at' -- likely also matches a balance-sheet/disclosure row with a similar label
flow_as_at,OCBC_1H25_Media_Release_Financial_Highlights/loans_to_customers_loans_to_customers_2025-06-30 row3: 'Impaired loans' stamped pnl.provisions.stage3_sp (nature=flow) but carries period_span='as_at' -- likely also matches a balance-sheet/disclosure row with a similar label
flow_as_at,OCBC_1H25_Media_Release_Financial_Highlights/loans_to_customers_loans_to_customers_2025-06-30 row4: 'Non-impaired loans' stamped pnl.provisions.stage12_gp (nature=flow) but carries period_span='as_at' -- likely also matches a balance-sheet/disclosure row with a similar label
flow_as_at,OCBC_1H25_Media_Release_Financial_Highlights/loans_to_customers_loans_to_customers_2025-06-30 row4: 'Non-impaired loans' stamped pnl.provisions.stage12_gp (nature=flow) but carries period_span='as_at' -- likely also matches a balance-sheet/disclosure row with a similar label
flow_as_at,OCBC_1H25_Media_Release_Financial_Highlights/loans_to_customers_loans_to_customers_2025-06-30 row4: 'Non-impaired loans' stamped pnl.provisions.stage12_gp (nature=flow) but carries period_span='as_at' -- likely also matches a balance-sheet/disclosure row with a similar label
as_at_magnitude,"DBS Group Holdings Ltd bs.liabilities.customer_deposits 2024-06-30: as_at=551088 vs 1H=6374 (ratio=0.012, seg=SEG_TOTAL, geo=GLOBAL)"
as_at_magnitude,"DBS Group Holdings Ltd bs.liabilities.customer_deposits 2024-06-30: as_at=551088 vs 1H=2.35 (ratio=4.3e-06, seg=SEG_TOTAL, geo=GLOBAL)"
as_at_magnitude,"Oversea-Chinese Banking Corpor pnl.provisions.stage3_sp 2024-12-31: as_at=-1278 vs 2H=152 (ratio=0.12, seg=SEG_TOTAL, geo=GLOBAL)"
as_at_magnitude,"Oversea-Chinese Banking Corpor pnl.provisions.stage3_sp 2024-12-31: as_at=-1278 vs FY=403 (ratio=0.32, seg=SEG_TOTAL, geo=GLOBAL)"
as_at_magnitude,"Oversea-Chinese Banking Corpor pnl.provisions.stage3_sp 2024-12-31: as_at=-1278 vs 4Q=155 (ratio=0.12, seg=SEG_TOTAL, geo=GLOBAL)"
as_at_magnitude,"Oversea-Chinese Banking Corpor pnl.provisions.stage3_sp 2024-12-31: as_at=-1278 vs 4Q=-155 (ratio=0.12, seg=SEG_TOTAL, geo=GLOBAL)"
as_at_magnitude,"Oversea-Chinese Banking Corpor pnl.provisions.stage3_sp 2024-12-31: as_at=-1278 vs 4Q=-155 (ratio=0.12, seg=SEG_TOTAL, geo=GLOBAL)"
as_at_magnitude,"Oversea-Chinese Banking Corpor pnl.provisions.stage3_sp 2024-12-31: as_at=-1278 vs 4Q=-155 (ratio=0.12, seg=SEG_TOTAL, geo=GLOBAL)"
as_at_magnitude,"Oversea-Chinese Banking Corpor pnl.provisions.stage3_sp 2024-12-31: as_at=-1278 vs 4Q=-155 (ratio=0.12, seg=SEG_TOTAL, geo=GLOBAL)"
as_at_magnitude,"Oversea-Chinese Banking Corpor pnl.provisions.stage3_sp 2024-12-31: as_at=-1278 vs 4Q=-155 (ratio=0.12, seg=SEG_TOTAL, geo=GLOBAL)"
as_at_magnitude,"Oversea-Chinese Banking Corpor pnl.provisions.stage3_sp 2024-12-31: as_at=-1278 vs 4Q=-155 (ratio=0.12, seg=SEG_TOTAL, geo=GLOBAL)"
as_at_magnitude,"Oversea-Chinese Banking Corpor pnl.provisions.stage12_gp 2025-12-31: as_at=-2851 vs 2H=-31 (ratio=0.011, seg=SEG_TOTAL, geo=GLOBAL)"
as_at_magnitude,"Oversea-Chinese Banking Corpor pnl.provisions.stage12_gp 2025-12-31: as_at=-2851 vs FY=124 (ratio=0.043, seg=SEG_TOTAL, geo=GLOBAL)"
as_at_magnitude,"United Overseas Bank Ltd bs.assets.total 2025-12-31: as_at=572061 vs NULL=6 (ratio=1e-05, seg=SEG_TOTAL, geo=GLOBAL)"
as_at_magnitude,"United Overseas Bank Ltd bs.assets.total 2025-12-31: as_at=572061 vs NULL=6 (ratio=1e-05, seg=SEG_TOTAL, geo=GLOBAL)"
as_at_magnitude,"United Overseas Bank Ltd bs.assets.total 2025-12-31: as_at=572061 vs NULL=6 (ratio=1e-05, seg=SEG_TOTAL, geo=GLOBAL)"
as_at_magnitude,"United Overseas Bank Ltd bs.assets.total 2025-12-31: as_at=6130 vs FY=57445 (ratio=9.4, seg=SEG_OTHER, geo=OTH)"
as_at_magnitude,"United Overseas Bank Ltd bs.assets.total 2025-12-31: as_at=6130 vs 2H=57445 (ratio=9.4, seg=SEG_OTHER, geo=OTH)"
as_at_magnitude,"United Overseas Bank Ltd bs.assets.total 2025-06-30: as_at=4566 vs 1H=60898 (ratio=13, seg=SEG_OTHER, geo=OTH)"
as_at_magnitude,"United Overseas Bank Ltd bs.assets.total 2024-12-31: as_at=3865 vs FY=54989 (ratio=14, seg=SEG_OTHER, geo=OTH)"
as_at_magnitude,"United Overseas Bank Ltd bs.assets.total 2024-12-31: as_at=3865 vs 2H=54989 (ratio=14, seg=SEG_OTHER, geo=OTH)"
as_at_magnitude,"DBS Group Holdings Ltd bs.assets.customer_loans_net 2025-12-31: as_at=445011 vs NULL=-23317 (ratio=0.052, seg=SEG_TOTAL, geo=GLOBAL)"
as_at_magnitude,"DBS Group Holdings Ltd bs.assets.customer_loans_net 2025-12-31: as_at=445011 vs NULL=-13582 (ratio=0.031, seg=SEG_TOTAL, geo=GLOBAL)"
as_at_magnitude,"DBS Group Holdings Ltd bs.liabilities.customer_deposits 2025-12-31: as_at=610023 vs 2H=4579 (ratio=0.0075, seg=SEG_TOTAL, geo=GLOBAL)"
as_at_magnitude,"DBS Group Holdings Ltd bs.liabilities.customer_deposits 2025-12-31: as_at=610023 vs 2H=1.52 (ratio=2.5e-06, seg=SEG_TOTAL, geo=GLOBAL)"
as_at_magnitude,"DBS Group Holdings Ltd bs.liabilities.customer_deposits 2025-12-31: as_at=610023 vs 2H=340 (ratio=0.00056, seg=SEG_TOTAL, geo=GLOBAL)"
as_at_magnitude,"DBS Group Holdings Ltd bs.liabilities.customer_deposits 2025-12-31: as_at=610023 vs 2H=-1749 (ratio=0.0029, seg=SEG_TOTAL, geo=GLOBAL)"
as_at_magnitude,"DBS Group Holdings Ltd bs.liabilities.customer_deposits 2025-12-31: as_at=610023 vs 2H=-1409 (ratio=0.0023, seg=SEG_TOTAL, geo=GLOBAL)"
as_at_magnitude,"DBS Group Holdings Ltd bs.liabilities.customer_deposits 2025-12-31: as_at=610023 vs 2H=189 (ratio=0.00031, seg=SEG_TOTAL, geo=GLOBAL)"
as_at_magnitude,"DBS Group Holdings Ltd bs.liabilities.customer_deposits 2025-12-31: as_at=610023 vs 2H=-892 (ratio=0.0015, seg=SEG_TOTAL, geo=GLOBAL)"
as_at_magnitude,"DBS Group Holdings Ltd bs.liabilities.customer_deposits 2025-12-31: as_at=610023 vs 2H=-703 (ratio=0.0012, seg=SEG_TOTAL, geo=GLOBAL)"
as_at_magnitude,"DBS Group Holdings Ltd bs.liabilities.customer_deposits 2025-12-31: as_at=610023 vs NULL=9774 (ratio=0.016, seg=SEG_TOTAL, geo=GLOBAL)"
as_at_magnitude,"DBS Group Holdings Ltd bs.liabilities.customer_deposits 2025-12-31: as_at=610023 vs NULL=1.67 (ratio=2.7e-06, seg=SEG_TOTAL, geo=GLOBAL)"
as_at_magnitude,"DBS Group Holdings Ltd bs.liabilities.customer_deposits 2025-12-31: as_at=610023 vs NULL=12362 (ratio=0.02, seg=SEG_TOTAL, geo=GLOBAL)"
as_at_magnitude,"DBS Group Holdings Ltd bs.liabilities.customer_deposits 2025-12-31: as_at=610023 vs NULL=2.25 (ratio=3.7e-06, seg=SEG_TOTAL, geo=GLOBAL)"
as_at_magnitude,"DBS Group Holdings Ltd bs.liabilities.customer_deposits 2025-12-31: as_at=610023 vs NULL=605 (ratio=0.00099, seg=SEG_TOTAL, geo=GLOBAL)"
as_at_magnitude,"DBS Group Holdings Ltd bs.liabilities.customer_deposits 2025-12-31: as_at=610023 vs NULL=-3159 (ratio=0.0052, seg=SEG_TOTAL, geo=GLOBAL)"
as_at_magnitude,"DBS Group Holdings Ltd bs.liabilities.customer_deposits 2025-12-31: as_at=610023 vs NULL=-2554 (ratio=0.0042, seg=SEG_TOTAL, geo=GLOBAL)"
as_at_magnitude,"DBS Group Holdings Ltd bs.liabilities.customer_deposits 2025-12-31: as_at=610023 vs NULL=9 (ratio=1.5e-05, seg=SEG_TOTAL, geo=GLOBAL)"
as_at_magnitude,"DBS Group Holdings Ltd bs.liabilities.customer_deposits 2025-12-31: as_at=610023 vs NULL=6 (ratio=9.8e-06, seg=SEG_TOTAL, geo=GLOBAL)"
as_at_magnitude,"DBS Group Holdings Ltd bs.liabilities.customer_deposits 2025-12-31: as_at=610023 vs NULL=9 (ratio=1.5e-05, seg=SEG_TOTAL, geo=GLOBAL)"
as_at_magnitude,"DBS Group Holdings Ltd bs.liabilities.total 2025-12-31: as_at=828572 vs NULL=9 (ratio=1.1e-05, seg=SEG_TOTAL, geo=GLOBAL)"
as_at_magnitude,"DBS Group Holdings Ltd bs.liabilities.total 2025-12-31: as_at=828572 vs NULL=7 (ratio=8.4e-06, seg=SEG_TOTAL, geo=GLOBAL)"
as_at_magnitude,"DBS Group Holdings Ltd bs.liabilities.total 2025-12-31: as_at=828572 vs NULL=9 (ratio=1.1e-05, seg=SEG_TOTAL, geo=GLOBAL)"
as_at_magnitude,"DBS Group Holdings Ltd bs.assets.total 2026-03-31: as_at=935365 vs NULL=11 (ratio=1.2e-05, seg=SEG_TOTAL, geo=GLOBAL)"
as_at_magnitude,"DBS Group Holdings Ltd bs.assets.total 2026-03-31: as_at=935365 vs NULL=4 (ratio=4.3e-06, seg=SEG_TOTAL, geo=GLOBAL)"
as_at_magnitude,"Oversea-Chinese Banking Corpor bs.assets.customer_loans_gross 2025-06-30: as_at=324606 vs 1H=9 (ratio=2.8e-05, seg=SEG_TOTAL, geo=GLOBAL)"
as_at_magnitude,"Oversea-Chinese Banking Corpor bs.assets.customer_loans_gross 2025-06-30: as_at=324606 vs 1H=18 (ratio=5.5e-05, seg=SEG_TOTAL, geo=GLOBAL)"
as_at_magnitude,"Oversea-Chinese Banking Corpor bs.assets.customer_loans_gross 2025-06-30: as_at=324606 vs 1H=7126 (ratio=0.022, seg=SEG_TOTAL, geo=GLOBAL)"
as_at_magnitude,"Oversea-Chinese Banking Corpor bs.assets.customer_loans_gross 2025-06-30: as_at=324606 vs 1H=4.59 (ratio=1.4e-05, seg=SEG_TOTAL, geo=GLOBAL)"
as_at_magnitude,"Oversea-Chinese Banking Corpor bs.assets.customer_loans_gross 2025-06-30: as_at=324606 vs 1H=18 (ratio=5.5e-05, seg=SEG_TOTAL, geo=GLOBAL)"
as_at_magnitude,"Oversea-Chinese Banking Corpor bs.assets.customer_loans_gross 2025-06-30: as_at=324606 vs 1H=7126 (ratio=0.022, seg=SEG_TOTAL, geo=GLOBAL)"
as_at_magnitude,"Oversea-Chinese Banking Corpor bs.assets.customer_loans_gross 2025-06-30: as_at=324606 vs 1H=4.59 (ratio=1.4e-05, seg=SEG_TOTAL, geo=GLOBAL)"
as_at_magnitude,"Oversea-Chinese Banking Corpor bs.assets.customer_loans_gross 2025-06-30: as_at=324606 vs 2Q=12 (ratio=3.7e-05, seg=SEG_TOTAL, geo=GLOBAL)"
as_at_magnitude,"Oversea-Chinese Banking Corpor bs.assets.customer_loans_gross 2025-06-30: as_at=324606 vs 2Q=12 (ratio=3.7e-05, seg=SEG_TOTAL, geo=GLOBAL)"
as_at_magnitude,"Oversea-Chinese Banking Corpor bs.assets.customer_loans_gross 2025-06-30: as_at=324606 vs NULL=498 (ratio=0.0015, seg=SEG_TOTAL, geo=GLOBAL)"
as_at_magnitude,"Oversea-Chinese Banking Corpor bs.assets.customer_loans_gross 2025-06-30: as_at=324606 vs NULL=-1176 (ratio=0.0036, seg=SEG_TOTAL, geo=GLOBAL)"
as_at_magnitude,"Oversea-Chinese Banking Corpor bs.assets.customer_loans_gross 2025-06-30: as_at=324606 vs NULL=-678 (ratio=0.0021, seg=SEG_TOTAL, geo=GLOBAL)"
as_at_magnitude,"Oversea-Chinese Banking Corpor bs.assets.customer_loans_gross 2025-06-30: as_at=324606 vs NULL=498 (ratio=0.0015, seg=SEG_TOTAL, geo=GLOBAL)"
as_at_magnitude,"Oversea-Chinese Banking Corpor bs.assets.customer_loans_gross 2025-06-30: as_at=324606 vs NULL=-1176 (ratio=0.0036, seg=SEG_TOTAL, geo=GLOBAL)"
as_at_magnitude,"Oversea-Chinese Banking Corpor bs.assets.customer_loans_gross 2025-06-30: as_at=324606 vs NULL=-678 (ratio=0.0021, seg=SEG_TOTAL, geo=GLOBAL)"
as_at_magnitude,"Oversea-Chinese Banking Corpor pnl.provisions.stage3_sp 2025-06-30: as_at=-1332 vs 1H=159 (ratio=0.12, seg=SEG_TOTAL, geo=GLOBAL)"
as_at_magnitude,"Oversea-Chinese Banking Corpor pnl.provisions.stage3_sp 2025-06-30: as_at=-1332 vs 1H=144 (ratio=0.11, seg=SEG_TOTAL, geo=GLOBAL)"
as_at_magnitude,"Oversea-Chinese Banking Corpor pnl.provisions.stage3_sp 2025-06-30: as_at=-1332 vs 1H=-159 (ratio=0.12, seg=SEG_TOTAL, geo=GLOBAL)"
as_at_magnitude,"Oversea-Chinese Banking Corpor pnl.provisions.stage3_sp 2025-06-30: as_at=-1332 vs 1H=144 (ratio=0.11, seg=SEG_TOTAL, geo=GLOBAL)"
as_at_magnitude,"Oversea-Chinese Banking Corpor pnl.provisions.stage3_sp 2025-06-30: as_at=-1332 vs 1H=159 (ratio=0.12, seg=SEG_TOTAL, geo=GLOBAL)"
as_at_magnitude,"Oversea-Chinese Banking Corpor pnl.provisions.stage3_sp 2025-06-30: as_at=-1332 vs 2Q=65 (ratio=0.049, seg=SEG_TOTAL, geo=GLOBAL)"
as_at_magnitude,"Oversea-Chinese Banking Corpor pnl.provisions.stage3_sp 2025-06-30: as_at=-1332 vs 2Q=-65 (ratio=0.049, seg=SEG_TOTAL, geo=GLOBAL)"
as_at_magnitude,"Oversea-Chinese Banking Corpor pnl.provisions.stage3_sp 2025-06-30: as_at=-1332 vs 2Q=65 (ratio=0.049, seg=SEG_TOTAL, geo=GLOBAL)"
as_at_magnitude,"Oversea-Chinese Banking Corpor pnl.provisions.stage3_sp 2025-06-30: as_at=-1332 vs NULL=-43 (ratio=0.032, seg=SEG_TOTAL, geo=GLOBAL)"
as_at_magnitude,"Oversea-Chinese Banking Corpor pnl.provisions.stage3_sp 2025-06-30: as_at=-1332 vs NULL=-52 (ratio=0.039, seg=SEG_TOTAL, geo=GLOBAL)"
as_at_magnitude,"Oversea-Chinese Banking Corpor pnl.provisions.stage3_sp 2025-06-30: as_at=-1332 vs NULL=-57 (ratio=0.043, seg=SEG_TOTAL, geo=GLOBAL)"
as_at_magnitude,"Oversea-Chinese Banking Corpor pnl.provisions.stage3_sp 2025-06-30: as_at=-1332 vs NULL=-30 (ratio=0.023, seg=SEG_TOTAL, geo=GLOBAL)"
as_at_magnitude,"Oversea-Chinese Banking Corpor pnl.provisions.stage3_sp 2025-06-30: as_at=-1332 vs NULL=-43 (ratio=0.032, seg=SEG_TOTAL, geo=GLOBAL)"
as_at_magnitude,"Oversea-Chinese Banking Corpor pnl.provisions.stage3_sp 2024-06-30: as_at=-1422 vs 1H=334 (ratio=0.23, seg=SEG_TOTAL, geo=GLOBAL)"
as_at_magnitude,"Oversea-Chinese Banking Corpor pnl.provisions.stage3_sp 2024-06-30: as_at=-1422 vs 1H=251 (ratio=0.18, seg=SEG_TOTAL, geo=GLOBAL)"
as_at_magnitude,"Oversea-Chinese Banking Corpor pnl.provisions.stage3_sp 2024-06-30: as_at=-1422 vs 1H=-334 (ratio=0.23, seg=SEG_TOTAL, geo=GLOBAL)"
as_at_magnitude,"Oversea-Chinese Banking Corpor pnl.provisions.stage3_sp 2024-06-30: as_at=-1422 vs 1H=251 (ratio=0.18, seg=SEG_TOTAL, geo=GLOBAL)"
as_at_magnitude,"Oversea-Chinese Banking Corpor pnl.provisions.stage3_sp 2024-06-30: as_at=-1422 vs 1H=334 (ratio=0.23, seg=SEG_TOTAL, geo=GLOBAL)"
as_at_magnitude,"Oversea-Chinese Banking Corpor pnl.provisions.stage3_sp 2024-06-30: as_at=-1422 vs 2Q=154 (ratio=0.11, seg=SEG_TOTAL, geo=GLOBAL)"
as_at_magnitude,"Oversea-Chinese Banking Corpor pnl.provisions.stage3_sp 2024-06-30: as_at=-1422 vs 2Q=-154 (ratio=0.11, seg=SEG_TOTAL, geo=GLOBAL)"
as_at_magnitude,"Oversea-Chinese Banking Corpor pnl.provisions.stage3_sp 2024-06-30: as_at=-1422 vs 2Q=154 (ratio=0.11, seg=SEG_TOTAL, geo=GLOBAL)"
as_at_magnitude,"Oversea-Chinese Banking Corpor pnl.provisions.stage12_gp 2025-06-30: as_at=-2861 vs 1H=167 (ratio=0.058, seg=SEG_TOTAL, geo=GLOBAL)"
as_at_magnitude,"Oversea-Chinese Banking Corpor pnl.provisions.stage12_gp 2025-06-30: as_at=-2861 vs 1H=155 (ratio=0.054, seg=SEG_TOTAL, geo=GLOBAL)"
as_at_magnitude,"Oversea-Chinese Banking Corpor pnl.provisions.stage12_gp 2025-06-30: as_at=-2861 vs 1H=-167 (ratio=0.058, seg=SEG_TOTAL, geo=GLOBAL)"
as_at_magnitude,"Oversea-Chinese Banking Corpor pnl.provisions.stage12_gp 2025-06-30: as_at=-2861 vs 1H=155 (ratio=0.054, seg=SEG_TOTAL, geo=GLOBAL)"
as_at_magnitude,"Oversea-Chinese Banking Corpor pnl.provisions.stage12_gp 2025-06-30: as_at=-2861 vs 1H=167 (ratio=0.058, seg=SEG_TOTAL, geo=GLOBAL)"
as_at_magnitude,"Oversea-Chinese Banking Corpor pnl.provisions.stage12_gp 2025-06-30: as_at=-2861 vs 2Q=49 (ratio=0.017, seg=SEG_TOTAL, geo=GLOBAL)"
as_at_magnitude,"Oversea-Chinese Banking Corpor pnl.provisions.stage12_gp 2025-06-30: as_at=-2861 vs 2Q=-49 (ratio=0.017, seg=SEG_TOTAL, geo=GLOBAL)"
as_at_magnitude,"Oversea-Chinese Banking Corpor pnl.provisions.stage12_gp 2025-06-30: as_at=-2861 vs 2Q=49 (ratio=0.017, seg=SEG_TOTAL, geo=GLOBAL)"
as_at_magnitude,"Oversea-Chinese Banking Corpor pnl.provisions.stage12_gp 2025-06-30: as_at=-2861 vs NULL=-58 (ratio=0.02, seg=SEG_TOTAL, geo=GLOBAL)"
as_at_magnitude,"Oversea-Chinese Banking Corpor pnl.provisions.stage12_gp 2024-06-30: as_at=-2581 vs 1H=-21 (ratio=0.0081, seg=SEG_TOTAL, geo=GLOBAL)"
as_at_magnitude,"Oversea-Chinese Banking Corpor pnl.provisions.stage12_gp 2024-06-30: as_at=-2581 vs 1H=-27 (ratio=0.01, seg=SEG_TOTAL, geo=GLOBAL)"
as_at_magnitude,"Oversea-Chinese Banking Corpor pnl.provisions.stage12_gp 2024-06-30: as_at=-2581 vs 1H=21 (ratio=0.0081, seg=SEG_TOTAL, geo=GLOBAL)"
as_at_magnitude,"Oversea-Chinese Banking Corpor pnl.provisions.stage12_gp 2024-06-30: as_at=-2581 vs 1H=-27 (ratio=0.01, seg=SEG_TOTAL, geo=GLOBAL)"
as_at_magnitude,"Oversea-Chinese Banking Corpor pnl.provisions.stage12_gp 2024-06-30: as_at=-2581 vs 1H=-21 (ratio=0.0081, seg=SEG_TOTAL, geo=GLOBAL)"
as_at_magnitude,"Oversea-Chinese Banking Corpor pnl.provisions.stage12_gp 2024-06-30: as_at=-2581 vs 2Q=-10 (ratio=0.0039, seg=SEG_TOTAL, geo=GLOBAL)"
as_at_magnitude,"Oversea-Chinese Banking Corpor pnl.provisions.stage12_gp 2024-06-30: as_at=-2581 vs 2Q=10 (ratio=0.0039, seg=SEG_TOTAL, geo=GLOBAL)"
as_at_magnitude,"Oversea-Chinese Banking Corpor pnl.provisions.stage12_gp 2024-06-30: as_at=-2581 vs 2Q=-10 (ratio=0.0039, seg=SEG_TOTAL, geo=GLOBAL)"
as_at_magnitude,"Oversea-Chinese Banking Corpor bs.assets.customer_loans_gross 2024-06-30: as_at=303983 vs 1H=15 (ratio=4.9e-05, seg=SEG_TOTAL, geo=GLOBAL)"
as_at_magnitude,"Oversea-Chinese Banking Corpor bs.assets.customer_loans_gross 2024-06-30: as_at=303983 vs 1H=7847 (ratio=0.026, seg=SEG_TOTAL, geo=GLOBAL)"
as_at_magnitude,"Oversea-Chinese Banking Corpor bs.assets.customer_loans_gross 2024-06-30: as_at=303983 vs 1H=5.37 (ratio=1.8e-05, seg=SEG_TOTAL, geo=GLOBAL)"
as_at_magnitude,"Oversea-Chinese Banking Corpor bs.assets.customer_loans_gross 2024-06-30: as_at=303983 vs 1H=15 (ratio=4.9e-05, seg=SEG_TOTAL, geo=GLOBAL)"
as_at_magnitude,"Oversea-Chinese Banking Corpor bs.assets.customer_loans_gross 2024-06-30: as_at=303983 vs 1H=7847 (ratio=0.026, seg=SEG_TOTAL, geo=GLOBAL)"
as_at_magnitude,"Oversea-Chinese Banking Corpor bs.assets.customer_loans_gross 2024-06-30: as_at=303983 vs 1H=5.37 (ratio=1.8e-05, seg=SEG_TOTAL, geo=GLOBAL)"
as_at_magnitude,"Oversea-Chinese Banking Corpor bs.assets.customer_loans_gross 2024-06-30: as_at=303983 vs 2Q=15 (ratio=4.9e-05, seg=SEG_TOTAL, geo=GLOBAL)"
as_at_magnitude,"Oversea-Chinese Banking Corpor bs.assets.customer_loans_gross 2024-06-30: as_at=303983 vs 2Q=15 (ratio=4.9e-05, seg=SEG_TOTAL, geo=GLOBAL)"
as_at_magnitude,"Oversea-Chinese Banking Corpor bs.assets.customer_loans_net 2025-06-30: as_at=320413 vs NULL=7 (ratio=2.2e-05, seg=SEG_TOTAL, geo=GLOBAL)"
as_at_magnitude,"Oversea-Chinese Banking Corpor bs.assets.customer_loans_net 2025-06-30: as_at=320413 vs NULL=7 (ratio=2.2e-05, seg=SEG_TOTAL, geo=GLOBAL)"
as_at_magnitude,"Oversea-Chinese Banking Corpor bs.assets.customer_loans_net 2025-06-30: as_at=320413 vs NULL=1 (ratio=3.1e-06, seg=SEG_TOTAL, geo=GLOBAL)"
as_at_magnitude,"Oversea-Chinese Banking Corpor bs.liabilities.customer_deposits 2025-09-30: as_at=411 vs 3Q=11 (ratio=0.027, seg=SEG_TOTAL, geo=GLOBAL)"
as_at_magnitude,"Oversea-Chinese Banking Corpor bs.liabilities.customer_deposits 2025-09-30: as_at=411 vs 3Q=1 (ratio=0.0024, seg=SEG_TOTAL, geo=GLOBAL)"
as_at_magnitude,"Oversea-Chinese Banking Corpor bs.liabilities.customer_deposits 2025-09-30: as_at=411 vs 3Q=410596 (ratio=1e+03, seg=SEG_TOTAL, geo=GLOBAL)"
as_at_magnitude,"Oversea-Chinese Banking Corpor bs.liabilities.customer_deposits 2025-09-30: as_at=411 vs 9M=410596 (ratio=1e+03, seg=SEG_TOTAL, geo=GLOBAL)"
as_at_magnitude,"Oversea-Chinese Banking Corpor bs.liabilities.customer_deposits 2025-09-30: as_at=411 vs NULL=11 (ratio=0.027, seg=SEG_TOTAL, geo=GLOBAL)"
as_at_magnitude,"Oversea-Chinese Banking Corpor bs.liabilities.customer_deposits 2025-09-30: as_at=411 vs NULL=11 (ratio=0.027, seg=SEG_TOTAL, geo=GLOBAL)"
as_at_magnitude,"Oversea-Chinese Banking Corpor bs.liabilities.customer_deposits 2025-09-30: as_at=411 vs NULL=406943 (ratio=9.9e+02, seg=SEG_TOTAL, geo=GLOBAL)"
as_at_magnitude,"Oversea-Chinese Banking Corpor bs.liabilities.customer_deposits 2025-09-30: as_at=411 vs NULL=1 (ratio=0.0024, seg=SEG_TOTAL, geo=GLOBAL)"
as_at_magnitude,"Oversea-Chinese Banking Corpor bs.liabilities.customer_deposits 2025-09-30: as_at=411 vs NULL=11 (ratio=0.027, seg=SEG_TOTAL, geo=GLOBAL)"
as_at_magnitude,"Oversea-Chinese Banking Corpor bs.liabilities.customer_deposits 2025-09-30: as_at=411 vs NULL=1 (ratio=0.0024, seg=SEG_TOTAL, geo=GLOBAL)"
as_at_magnitude,"Oversea-Chinese Banking Corpor bs.liabilities.customer_deposits 2024-09-30: as_at=369 vs 9M=369280 (ratio=1e+03, seg=SEG_TOTAL, geo=GLOBAL)"
as_at_magnitude,"Oversea-Chinese Banking Corpor bs.liabilities.customer_deposits 2024-09-30: as_at=369 vs 3Q=369280 (ratio=1e+03, seg=SEG_TOTAL, geo=GLOBAL)"
as_at_magnitude,"Oversea-Chinese Banking Corpor reg.liquidity.lcr_ratio 2025-09-30: as_at=141 vs 9M=284 (ratio=2, seg=SEG_TOTAL, geo=GLOBAL)"
as_at_magnitude,"Oversea-Chinese Banking Corpor reg.liquidity.lcr_ratio 2025-09-30: as_at=141 vs 3Q=307 (ratio=2.2, seg=SEG_TOTAL, geo=GLOBAL)"
as_at_magnitude,"Oversea-Chinese Banking Corpor reg.liquidity.lcr_ratio 2024-09-30: as_at=141 vs 9M=315 (ratio=2.2, seg=SEG_TOTAL, geo=GLOBAL)"
as_at_magnitude,"Oversea-Chinese Banking Corpor reg.liquidity.lcr_ratio 2024-09-30: as_at=141 vs 3Q=337 (ratio=2.4, seg=SEG_TOTAL, geo=GLOBAL)"
as_at_magnitude,"Oversea-Chinese Banking Corpor bs.liabilities.deposits_casa 2025-09-30: as_at=206 vs NULL=15 (ratio=0.073, seg=SEG_TOTAL, geo=GLOBAL)"
as_at_magnitude,"Oversea-Chinese Banking Corpor bs.liabilities.deposits_casa 2025-09-30: as_at=206 vs NULL=2 (ratio=0.0097, seg=SEG_TOTAL, geo=GLOBAL)"
as_at_magnitude,"DBS Group Holdings Ltd bs.liabilities.customer_deposits 2022-06-30: as_at=527828 vs 1H=760 (ratio=0.0014, seg=SEG_TOTAL, geo=GLOBAL)"
as_at_magnitude,"DBS Group Holdings Ltd bs.liabilities.customer_deposits 2022-06-30: as_at=527828 vs 1H=0.3 (ratio=5.7e-07, seg=SEG_TOTAL, geo=GLOBAL)"
as_at_magnitude,"DBS Group Holdings Ltd bs.liabilities.customer_deposits 2022-06-30: as_at=527828 vs 1H=760 (ratio=0.0014, seg=SEG_TOTAL, geo=GLOBAL)"
as_at_magnitude,"DBS Group Holdings Ltd bs.liabilities.customer_deposits 2022-06-30: as_at=527828 vs 1H=0.3 (ratio=5.7e-07, seg=SEG_TOTAL, geo=GLOBAL)"
as_at_magnitude,"DBS Group Holdings Ltd bs.liabilities.customer_deposits 2022-06-30: as_at=527828 vs NULL=63 (ratio=0.00012, seg=SEG_TOTAL, geo=GLOBAL)"
as_at_magnitude,"DBS Group Holdings Ltd bs.liabilities.customer_deposits 2022-06-30: as_at=527828 vs NULL=84 (ratio=0.00016, seg=SEG_TOTAL, geo=GLOBAL)"
as_at_magnitude,"DBS Group Holdings Ltd bs.liabilities.customer_deposits 2022-06-30: as_at=527828 vs NULL=147 (ratio=0.00028, seg=SEG_TOTAL, geo=GLOBAL)"
as_at_magnitude,"DBS Group Holdings Ltd bs.liabilities.customer_deposits 2022-06-30: as_at=527828 vs NULL=40 (ratio=7.6e-05, seg=SEG_TOTAL, geo=GLOBAL)"
as_at_magnitude,"DBS Group Holdings Ltd bs.liabilities.customer_deposits 2022-06-30: as_at=527828 vs NULL=158 (ratio=0.0003, seg=SEG_TOTAL, geo=GLOBAL)"
as_at_magnitude,"DBS Group Holdings Ltd bs.liabilities.customer_deposits 2022-06-30: as_at=527828 vs NULL=198 (ratio=0.00038, seg=SEG_TOTAL, geo=GLOBAL)"
as_at_magnitude,"DBS Group Holdings Ltd bs.liabilities.customer_deposits 2021-06-30: as_at=482837 vs 1H=613 (ratio=0.0013, seg=SEG_TOTAL, geo=GLOBAL)"
as_at_magnitude,"DBS Group Holdings Ltd bs.liabilities.customer_deposits 2021-06-30: as_at=482837 vs 1H=0.26 (ratio=5.4e-07, seg=SEG_TOTAL, geo=GLOBAL)"
as_at_magnitude,"DBS Group Holdings Ltd bs.liabilities.customer_deposits 2021-12-31: as_at=501959 vs 2H=571 (ratio=0.0011, seg=SEG_TOTAL, geo=GLOBAL)"
as_at_magnitude,"DBS Group Holdings Ltd bs.liabilities.customer_deposits 2021-12-31: as_at=501959 vs 2H=0.23 (ratio=4.6e-07, seg=SEG_TOTAL, geo=GLOBAL)"
as_at_magnitude,"DBS Group Holdings Ltd bs.liabilities.customer_deposits 2021-12-31: as_at=501959 vs 2H=571 (ratio=0.0011, seg=SEG_TOTAL, geo=GLOBAL)"
as_at_magnitude,"DBS Group Holdings Ltd bs.liabilities.customer_deposits 2021-12-31: as_at=501959 vs 2H=0.23 (ratio=4.6e-07, seg=SEG_TOTAL, geo=GLOBAL)"
as_at_magnitude,"DBS Group Holdings Ltd bs.assets.total 2025-03-31: as_at=840956 vs NULL=7 (ratio=8.3e-06, seg=SEG_TOTAL, geo=GLOBAL)"
as_at_magnitude,"DBS Group Holdings Ltd bs.assets.total 2025-03-31: as_at=840956 vs NULL=2 (ratio=2.4e-06, seg=SEG_TOTAL, geo=GLOBAL)"
as_at_magnitude,"DBS Group Holdings Ltd bs.assets.total 2025-09-30: as_at=881622 vs NULL=12 (ratio=1.4e-05, seg=SEG_TOTAL, geo=GLOBAL)"
as_at_magnitude,"DBS Group Holdings Ltd bs.assets.total 2025-09-30: as_at=881622 vs NULL=5 (ratio=5.7e-06, seg=SEG_TOTAL, geo=GLOBAL)"
as_at_magnitude,"DBS Group Holdings Ltd bs.assets.total 2025-09-30: as_at=881622 vs NULL=12 (ratio=1.4e-05, seg=SEG_TOTAL, geo=GLOBAL)"
as_at_magnitude,"Oversea-Chinese Banking Corpor bs.assets.npa 2024-03-31: as_at=3040 vs 1Q=18 (ratio=0.0059, seg=SEG_TOTAL, geo=GLOBAL)"
as_at_magnitude,"Oversea-Chinese Banking Corpor bs.liabilities.customer_deposits 2024-03-31: as_at=370 vs 1Q=369841 (ratio=1e+03, seg=SEG_TOTAL, geo=GLOBAL)"
as_at_magnitude,"Oversea-Chinese Banking Corpor bs.liabilities.customer_deposits 2024-03-31: as_at=370 vs 1Q=369841 (ratio=1e+03, seg=SEG_TOTAL, geo=GLOBAL)"
as_at_magnitude,"Oversea-Chinese Banking Corpor bs.liabilities.customer_deposits 2024-03-31: as_at=370 vs 1Q=369841 (ratio=1e+03, seg=SEG_TOTAL, geo=GLOBAL)"
as_at_magnitude,"Oversea-Chinese Banking Corpor bs.liabilities.customer_deposits 2024-03-31: as_at=370 vs 1Q=369841 (ratio=1e+03, seg=SEG_TOTAL, geo=GLOBAL)"
as_at_magnitude,"Oversea-Chinese Banking Corpor bs.liabilities.customer_deposits 2024-03-31: as_at=370 vs 1Q=369841 (ratio=1e+03, seg=SEG_TOTAL, geo=GLOBAL)"
as_at_magnitude,"Oversea-Chinese Banking Corpor bs.liabilities.customer_deposits 2024-03-31: as_at=370 vs 1Q=369841 (ratio=1e+03, seg=SEG_TOTAL, geo=GLOBAL)"
