institution,concept_key,concept_name,period,period_span,segment_key,geo_key,industry_key,legal_entity,n_candidates,competing_values,competing_sources,chosen_value
DBS Group Holdings Ltd,bs.assets.npa,Non-performing assets / loans,2022-06-30,as_at,SEG_TOTAL,GLOBAL,IND_TOTAL,CONSOLIDATED,25,2746 | 2955 | 5491 | 5908,"2746@tier9:by_industry,non_performing_assets_and_loss_allowance_coverage || 2955@tier9:by_industry,non_performing_assets_and_loss_allowance_coverage || 5491@tier9:by_industry,non_performing_assets_and_loss_allowance_coverage || 5908@tier9:by_collateral_type,by_industry,non_performing_assets_and_loss_allowance_coverage",5908.0
DBS Group Holdings Ltd,bs.assets.npa,Non-performing assets / loans,2021-12-31,as_at,SEG_TOTAL,GLOBAL,IND_TOTAL,CONSOLIDATED,25,2545 | 2926 | 5290 | 5849,"2545@tier9:by_industry,non_performing_assets_and_loss_allowance_coverage || 2926@tier9:by_industry,non_performing_assets_and_loss_allowance_coverage || 5290@tier9:by_industry,non_performing_assets_and_loss_allowance_coverage || 5849@tier9:by_collateral_type,by_industry,non_performing_assets_and_loss_allowance_coverage",5849.0
DBS Group Holdings Ltd,bs.assets.npa,Non-performing assets / loans,2021-06-30,as_at,SEG_TOTAL,GLOBAL,IND_TOTAL,CONSOLIDATED,21,2835 | 3156 | 6091 | 6621,"2835@tier9:by_industry,non_performing_assets_and_loss_allowance_coverage || 3156@tier9:by_industry,non_performing_assets_and_loss_allowance_coverage || 6091@tier9:by_industry,non_performing_assets_and_loss_allowance_coverage || 6621@tier9:by_collateral_type,by_industry,non_performing_assets_and_loss_allowance_coverage",6621.0
DBS Group Holdings Ltd,bs.liabilities.deposits_casa,CASA deposits,2025-06-30,as_at,SEG_TOTAL,GLOBAL,IND_TOTAL,CONSOLIDATED,21,32 | 2393 | 5649 | 6123 | 7679 | 8852 | 9925 | 9941 | 24791 | 39556 | 45294 | 109308 | 140565 | 191492,32@tier9:customer_deposits || 2393@tier9:customer_deposits || 5649@tier9:customer_deposits || 6123@tier9:customer_deposits || 7679@tier9:customer_deposits || 8852@tier9:customer_deposits || 9925@tier9:customer_deposits || 9941@tier9:customer_deposits || 24791@tier9:customer_deposits || 39556@tier9:customer_deposits || 45294@tier9:customer_deposits || 109308@tier9:customer_deposits || 140565@tier9:customer_deposits || 191492@tier9:customer_deposits,2393.0
DBS Group Holdings Ltd,bs.liabilities.deposits_casa,CASA deposits,2024-12-31,as_at,SEG_TOTAL,GLOBAL,IND_TOTAL,CONSOLIDATED,21,34 | 2754 | 5313 | 5616 | 7652 | 7914 | 8115 | 9606 | 25817 | 36359 | 48937 | 107901 | 132949 | 183165,34@tier9:customer_deposits || 2754@tier9:customer_deposits || 5313@tier9:customer_deposits || 5616@tier9:customer_deposits || 7652@tier9:customer_deposits || 7914@tier9:customer_deposits || 8115@tier9:customer_deposits || 9606@tier9:customer_deposits || 25817@tier9:customer_deposits || 36359@tier9:customer_deposits || 48937@tier9:customer_deposits || 107901@tier9:customer_deposits || 132949@tier9:customer_deposits || 183165@tier9:customer_deposits,2754.0
DBS Group Holdings Ltd,bs.assets.npa,Non-performing assets / loans,2025-06-30,as_at,SEG_TOTAL,GLOBAL,IND_TOTAL,CONSOLIDATED,20,544 | 1297 | 2216 | 2332 | 4452 | 4686,"544@tier9:by_loan_grading || 1297@tier9:by_loan_grading || 2216@tier9:by_industry,non_performing_assets_and_loss_allowance_coverage || 2332@tier9:by_industry,by_loan_grading,non_performing_assets_and_loss_allowance_coverage || 4452@tier9:by_industry,non_performing_assets_and_loss_allowance_coverage || 4686@tier9:by_industry,by_loan_grading,non_performing_assets_and_loss_allowance_coverage",2216.0
DBS Group Holdings Ltd,bs.assets.npa,Non-performing assets / loans,2024-12-31,as_at,SEG_TOTAL,GLOBAL,IND_TOTAL,CONSOLIDATED,20,576 | 1398 | 2393 | 2545 | 4780 | 5036,"576@tier9:by_loan_grading || 1398@tier9:by_loan_grading || 2393@tier9:by_industry,non_performing_assets_and_loss_allowance_coverage || 2545@tier9:by_industry,by_loan_grading,non_performing_assets_and_loss_allowance_coverage || 4780@tier9:by_industry,non_performing_assets_and_loss_allowance_coverage || 5036@tier9:by_industry,by_loan_grading,non_performing_assets_and_loss_allowance_coverage",2393.0
DBS Group Holdings Ltd,bs.liabilities.deposits_casa,CASA deposits,2022-06-30,as_at,SEG_TOTAL,GLOBAL,IND_TOTAL,CONSOLIDATED,18,1773 | 6455 | 11461 | 13058 | 13190 | 13397 | 37252 | 48893 | 74563 | 156159 | 161631 | 225514,1773@tier9:customer_deposits || 6455@tier9:customer_deposits || 11461@tier9:customer_deposits || 13058@tier9:customer_deposits || 13190@tier9:customer_deposits || 13397@tier9:customer_deposits || 37252@tier9:customer_deposits || 48893@tier9:customer_deposits || 74563@tier9:customer_deposits || 156159@tier9:customer_deposits || 161631@tier9:customer_deposits || 225514@tier9:customer_deposits,225514.0
DBS Group Holdings Ltd,bs.liabilities.deposits_casa,CASA deposits,2021-12-31,as_at,SEG_TOTAL,GLOBAL,IND_TOTAL,CONSOLIDATED,18,1822 | 7184 | 11615 | 12259 | 12729 | 14143 | 38801 | 51566 | 75715 | 155527 | 159453 | 221908,1822@tier9:customer_deposits || 7184@tier9:customer_deposits || 11615@tier9:customer_deposits || 12259@tier9:customer_deposits || 12729@tier9:customer_deposits || 14143@tier9:customer_deposits || 38801@tier9:customer_deposits || 51566@tier9:customer_deposits || 75715@tier9:customer_deposits || 155527@tier9:customer_deposits || 159453@tier9:customer_deposits || 221908@tier9:customer_deposits,221908.0
DBS Group Holdings Ltd,bs.assets.npa,Non-performing assets / loans,2024-06-30,as_at,SEG_TOTAL,GLOBAL,IND_TOTAL,CONSOLIDATED,16,689 | 1765 | 2355 | 2569 | 4754 | 5077,"689@tier9:by_loan_grading || 1765@tier9:by_loan_grading || 2355@tier9:by_industry,non_performing_assets_and_loss_allowance_coverage || 2569@tier9:by_industry,by_loan_grading,non_performing_assets_and_loss_allowance_coverage || 4754@tier9:by_industry,non_performing_assets_and_loss_allowance_coverage || 5077@tier9:by_industry,by_loan_grading,non_performing_assets_and_loss_allowance_coverage",2569.0
DBS Group Holdings Ltd,bs.liabilities.deposits_casa,CASA deposits,2024-06-30,as_at,SEG_TOTAL,GLOBAL,IND_TOTAL,CONSOLIDATED,14,34 | 2794 | 5528 | 6070 | 7648 | 7898 | 7945 | 9251 | 22574 | 36885 | 43891 | 103779 | 127537 | 174276,34@tier9:customer_deposits || 2794@tier9:customer_deposits || 5528@tier9:customer_deposits || 6070@tier9:customer_deposits || 7648@tier9:customer_deposits || 7898@tier9:customer_deposits || 7945@tier9:customer_deposits || 9251@tier9:customer_deposits || 22574@tier9:customer_deposits || 36885@tier9:customer_deposits || 43891@tier9:customer_deposits || 103779@tier9:customer_deposits || 127537@tier9:customer_deposits || 174276@tier9:customer_deposits,34.0
DBS Group Holdings Ltd,bs.liabilities.deposits_casa,CASA deposits,2021-06-30,as_at,SEG_TOTAL,GLOBAL,IND_TOTAL,CONSOLIDATED,12,2247 | 6573 | 10768 | 11219 | 13345 | 13797 | 35473 | 54410 | 70659 | 147951 | 156207 | 210235,2247@tier9:customer_deposits || 6573@tier9:customer_deposits || 10768@tier9:customer_deposits || 11219@tier9:customer_deposits || 13345@tier9:customer_deposits || 13797@tier9:customer_deposits || 35473@tier9:customer_deposits || 54410@tier9:customer_deposits || 70659@tier9:customer_deposits || 147951@tier9:customer_deposits || 156207@tier9:customer_deposits || 210235@tier9:customer_deposits,2247.0
DBS Group Holdings Ltd,reg.capital.rwa,Risk-weighted assets,2026-03-31,,SEG_TOTAL,GLOBAL,IND_TOTAL,CONSOLIDATED,10,351537 | 355160 | 365381 | 366603 | 370520,351537@tier9:overview_of_key_prudential_regulatory_metrics || 355160@tier9:overview_of_key_prudential_regulatory_metrics || 365381@tier9:overview_of_key_prudential_regulatory_metrics || 366603@tier9:overview_of_key_prudential_regulatory_metrics || 370520@tier9:overview_of_key_prudential_regulatory_metrics,351537.0
DBS Group Holdings Ltd,reg.capital.rwa,Risk-weighted assets,2025-09-30,,SEG_TOTAL,GLOBAL,IND_TOTAL,CONSOLIDATED,10,337954 | 351537 | 352002 | 355160 | 366603,337954@tier9:overview_of_key_prudential_regulatory_metrics || 351537@tier9:overview_of_key_prudential_regulatory_metrics || 352002@tier9:overview_of_key_prudential_regulatory_metrics || 355160@tier9:overview_of_key_prudential_regulatory_metrics || 366603@tier9:overview_of_key_prudential_regulatory_metrics,337954.0
DBS Group Holdings Ltd,reg.capital.rwa,Risk-weighted assets,2025-03-31,as_at,SEG_TOTAL,GLOBAL,IND_TOTAL,CONSOLIDATED,9,35154 | 120135 | 212026 | 219548 | 231402 | 351537 | 555368,"35154@tier9:overview_of_rwa || 120135@tier9:comparison_of_modelled_and_standardised_rwa_at_risk_level_31_mar_2025 || 212026@tier9:irba_rwa_flow_statement_for_credit_risk_exposures_31_mar_2025 || 219548@tier9:irba_rwa_flow_statement_for_credit_risk_exposures_31_mar_2025 || 231402@tier9:comparison_of_modelled_and_standardised_rwa_at_risk_level_31_mar_2025 || 351537@tier9:capital_adequacy,comparison_of_modelled_and_standardised_rwa_at_risk_level_31_mar_2025,overview_of_rwa || 555368@tier9:comparison_of_modelled_and_standardised_rwa_at_risk_level_31_mar_2025",351537.0
DBS Group Holdings Ltd,reg.capital.rwa,Risk-weighted assets,2025-09-30,as_at,SEG_TOTAL,GLOBAL,IND_TOTAL,CONSOLIDATED,9,36660 | 129258 | 216494 | 224354 | 237345 | 366603 | 565256,"36660@tier9:overview_of_rwa || 129258@tier9:comparison_of_modelled_and_standardised_rwa_at_risk_level_30_sep_2025 || 216494@tier9:irba_rwa_flow_statement_for_credit_risk_exposures || 224354@tier9:irba_rwa_flow_statement_for_credit_risk_exposures || 237345@tier9:comparison_of_modelled_and_standardised_rwa_at_risk_level_30_sep_2025 || 366603@tier9:capital_adequacy,comparison_of_modelled_and_standardised_rwa_at_risk_level_30_sep_2025,overview_of_rwa || 565256@tier9:comparison_of_modelled_and_standardised_rwa_at_risk_level_30_sep_2025",366603.0
Oversea-Chinese Banking Corporation Ltd,pnl.profit.net_attributable,Net profit attributable to shareholders,2025-03-31,1Q,SEG_TOTAL,GLOBAL,IND_TOTAL,CONSOLIDATED,9,1883 | 1888,"1883@tier1:financial_highlights,financial_highlights_unaudited,first_quarter_2025_performance,second_quarter_2025_performance || 1888@tier1:financial_highlights,financial_highlights_unaudited",1883.0
DBS Group Holdings Ltd,bs.assets.iea_average,Average interest-earning assets,2025-06-30,1H,SEG_TOTAL,GLOBAL,IND_TOTAL,CONSOLIDATED,8,14541 | 709263 | 567310,"14541@tier0:average_balance_sheet,average_balance_sheet_2nd_half_2025_2nd_half_2024_1st_half_2025 || 709263@tier0:average_balance_sheet,average_balance_sheet_2nd_half_2025_2nd_half_2024_1st_half_2025,net_interest_income || 567310@tier2:net_interest_income",709263.0
DBS Group Holdings Ltd,bs.assets.iea_average,Average interest-earning assets,2024-12-31,2H,SEG_TOTAL,GLOBAL,IND_TOTAL,CONSOLIDATED,8,15460 | 683738 | 542512,"15460@tier0:average_balance_sheet,average_balance_sheet_2nd_half_2025_2nd_half_2024_1st_half_2025 || 683738@tier0:average_balance_sheet,average_balance_sheet_2nd_half_2025_2nd_half_2024_1st_half_2025,net_interest_income || 542512@tier2:net_interest_income",683738.0
DBS Group Holdings Ltd,bs.assets.iea_average,Average interest-earning assets,2022-06-30,1H,SEG_TOTAL,GLOBAL,IND_TOTAL,CONSOLIDATED,8,5778 | 616631 | 1137 | 497743 | 597424,"5778@tier0:average_balance_sheet_2nd_half_2022_2nd_half_2021_1st_half_2022,net_interest_income || 616631@tier0:average_balance_sheet_2nd_half_2022_2nd_half_2021_1st_half_2022,net_interest_income || 1137@tier2:net_interest_income || 497743@tier2:net_interest_income || 597424@tier2:net_interest_income",616631.0
DBS Group Holdings Ltd,bs.assets.iea_average,Average interest-earning assets,2021-12-31,2H,SEG_TOTAL,GLOBAL,IND_TOTAL,CONSOLIDATED,8,5093 | 588828 | 849 | 480138 | 572942,"5093@tier0:average_balance_sheet_2nd_half_2022_2nd_half_2021_1st_half_2022,net_interest_income || 588828@tier0:average_balance_sheet_2nd_half_2022_2nd_half_2021_1st_half_2022,net_interest_income || 849@tier2:net_interest_income || 480138@tier2:net_interest_income || 572942@tier2:net_interest_income",588828.0
DBS Group Holdings Ltd,pnl.profit.net_attributable,Net profit attributable to shareholders,2025-12-31,as_at,SEG_TOTAL,GLOBAL,IND_TOTAL,CONSOLIDATED,8,1 | 5212 | 5549,"1@tier0:unaudited_consolidated_statement_of_changes_in_equity_for_the_six_months_ended_31_december_2025_the_group_1_july_2024_to_31_december_2024,unaudited_consolidated_statement_of_changes_in_equity_for_the_six_months_ended_31_december_2025_the_group_1_july_2025_to_31_december_2025 || 5212@tier0:unaudited_consolidated_statement_of_changes_in_equity_for_the_six_months_ended_31_december_2025_the_group_1_july_2025_to_31_december_2025 || 5549@tier0:unaudited_consolidated_statement_of_changes_in_equity_for_the_six_months_ended_31_december_2025_the_group_1_july_2024_to_31_december_2024",5212.0
DBS Group Holdings Ltd,reg.capital.cet1_ratio,CET1 ratio,2025-03-31,,SEG_TOTAL,GLOBAL,IND_TOTAL,CONSOLIDATED,8,14.7 | 17,14.7@tier9:overview_of_key_prudential_regulatory_metrics || 17@tier9:overview_of_key_prudential_regulatory_metrics,17.4
DBS Group Holdings Ltd,reg.capital.rwa,Risk-weighted assets,2026-03-31,as_at,SEG_TOTAL,GLOBAL,IND_TOTAL,CONSOLIDATED,8,37052 | 126955 | 226269 | 229686 | 243565 | 370520 | 581835,"37052@tier9:overview_of_rwa || 126955@tier9:comparison_of_modelled_and_standardised_rwa_at_risk_level_31_mar_2026 || 226269@tier9:irba_rwa_flow_statement_for_credit_risk_exposures_31_mar_2026 || 229686@tier9:irba_rwa_flow_statement_for_credit_risk_exposures_31_mar_2026 || 243565@tier9:comparison_of_modelled_and_standardised_rwa_at_risk_level_31_mar_2026 || 370520@tier9:comparison_of_modelled_and_standardised_rwa_at_risk_level_31_mar_2026,overview_of_rwa || 581835@tier9:comparison_of_modelled_and_standardised_rwa_at_risk_level_31_mar_2026",370520.0
DBS Group Holdings Ltd,reg.capital.rwa,Risk-weighted assets,2025-03-31,,SEG_TOTAL,GLOBAL,IND_TOTAL,CONSOLIDATED,8,337954 | 351537 | 352002 | 378255 | 386030,337954@tier9:overview_of_key_prudential_regulatory_metrics || 351537@tier9:overview_of_key_prudential_regulatory_metrics || 352002@tier9:overview_of_key_prudential_regulatory_metrics || 378255@tier9:overview_of_key_prudential_regulatory_metrics || 386030@tier9:overview_of_key_prudential_regulatory_metrics,337954.0
Oversea-Chinese Banking Corporation Ltd,bs.assets.npa,Non-performing assets / loans,2024-12-31,as_at,SEG_TOTAL,GLOBAL,IND_TOTAL,CONSOLIDATED,8,2827 | 2869,"2827@tier9:non_performing_assets_continued_npls_by_industry,npls_by_industry || 2869@tier9:asset_quality_and_allowances,non_performing_assets_continued_npls_by_industry,npas_by_period_overdue,npls_by_industry",2869.0
United Overseas Bank Ltd,bs.assets.customer_loans_gross,Customer loans (gross),2025-12-31,,SEG_TOTAL,GLOBAL,IND_TOTAL,CONSOLIDATED,8,62 | 66 | 5455 | 5789 | 328075 | 333930 | 342360 | 347877,62@tier9:classification_of_financial_assets_and_financial_liabilities_dec_25 || 66@tier9:classification_of_financial_assets_and_financial_liabilities_continued_dec_24 || 5455@tier9:classification_of_financial_assets_and_financial_liabilities_dec_25 || 5789@tier9:classification_of_financial_assets_and_financial_liabilities_continued_dec_24 || 328075@tier9:classification_of_financial_assets_and_financial_liabilities_continued_dec_24 || 333930@tier9:classification_of_financial_assets_and_financial_liabilities_continued_dec_24 || 342360@tier9:classification_of_financial_assets_and_financial_liabilities_dec_25 || 347877@tier9:classification_of_financial_assets_and_financial_liabilities_dec_25,62.0
DBS Group Holdings Ltd,bs.liabilities.deposits_casa,CASA deposits,2025-12-31,as_at,SEG_TOTAL,GLOBAL,IND_TOTAL,CONSOLIDATED,7,3719 | 5986 | 8006 | 9646 | 27713 | 153918 | 208988,3719@tier9:customer_deposits || 5986@tier9:customer_deposits || 8006@tier9:customer_deposits || 9646@tier9:customer_deposits || 27713@tier9:customer_deposits || 153918@tier9:customer_deposits || 208988@tier9:customer_deposits,3719.0
Oversea-Chinese Banking Corporation Ltd,pnl.profit.net_attributable,Net profit attributable to shareholders,2024-12-31,4Q,SEG_TOTAL,GLOBAL,IND_TOTAL,CONSOLIDATED,7,1687 | 1692,"1687@tier1:financial_highlights,financial_highlights_unaudited,first_quarter_2025_performance,fourth_quarter_2025_performance || 1692@tier1:financial_highlights_unaudited",1687.0
DBS Group Holdings Ltd,bs.liabilities.deposits_casa,CASA deposits,2022-12-31,as_at,SEG_TOTAL,GLOBAL,IND_TOTAL,CONSOLIDATED,6,2253 | 8149 | 11565 | 26924 | 137836 | 186727,2253@tier9:customer_deposits || 8149@tier9:customer_deposits || 11565@tier9:customer_deposits || 26924@tier9:customer_deposits || 137836@tier9:customer_deposits || 186727@tier9:customer_deposits,186727.0
DBS Group Holdings Ltd,pnl.nii.net,Net interest income,2025-09-30,,SEG_TOTAL,GLOBAL,IND_TOTAL,CONSOLIDATED,6,5 | -516 | 10696 | 10902 | 10907 | 11212,5@tier0:selected_income_statement_items_m || -516@tier0:selected_income_statement_items_m || 10696@tier0:selected_income_statement_items_m || 10902@tier0:selected_income_statement_items_m || 10907@tier0:selected_income_statement_items_m || 11212@tier0:selected_income_statement_items_m,5.0
DBS Group Holdings Ltd,reg.capital.cet1_ratio,CET1 ratio,2025-06-30,as_at,SEG_TOTAL,GLOBAL,IND_TOTAL,CONSOLIDATED,6,9.2 | 15.1 | 17,9.2@tier9:capital_adequacy || 15.1@tier9:capital_adequacy || 17@tier9:capital_adequacy,9.2
DBS Group Holdings Ltd,reg.capital.cet1_ratio,CET1 ratio,2024-12-31,as_at,SEG_TOTAL,GLOBAL,IND_TOTAL,CONSOLIDATED,6,9.2 | 15.1 | 17,9.2@tier9:capital_adequacy || 15.1@tier9:capital_adequacy || 17@tier9:capital_adequacy,9.2
Oversea-Chinese Banking Corporation Ltd,bs.assets.customer_loans_gross,Customer loans (gross),2025-06-30,1H,SEG_TOTAL,GLOBAL,IND_TOTAL,CONSOLIDATED,6,7126 | 312807 | 320413 | 18,"7126@tier0:average_balance_sheet || 312807@tier0:average_balance_sheet || 320413@tier1:financial_highlights,financial_highlights_continued || 18@tier9:credit_costs_bps_1",7126.0
Oversea-Chinese Banking Corporation Ltd,bs.equity.shareholders,Shareholders' equity,2025-03-31,1Q,SEG_TOTAL,GLOBAL,IND_TOTAL,CONSOLIDATED,6,59190 | 61566,"59190@tier1:financial_highlights,financial_highlights_unaudited || 61566@tier1:financial_highlights,financial_highlights_unaudited",59190.0
Oversea-Chinese Banking Corporation Ltd,bs.equity.shareholders,Shareholders' equity,2024-12-31,4Q,SEG_TOTAL,GLOBAL,IND_TOTAL,CONSOLIDATED,6,57616 | 59316,"57616@tier1:financial_highlights,financial_highlights_unaudited || 59316@tier1:financial_highlights,financial_highlights_unaudited",57616.0
Oversea-Chinese Banking Corporation Ltd,bs.liabilities.customer_deposits,Customer deposits (total),2025-06-30,as_at,SEG_TOTAL,GLOBAL,IND_TOTAL,CONSOLIDATED,6,407 | 406943 | 419851,407@tier9:strong_funding_liquidity_and_capital_position || 406943@tier9:deposits || 419851@tier9:deposits,406943.0
United Overseas Bank Ltd,bs.assets.customer_loans_gross,Customer loans (gross),2025-06-30,as_at,SEG_TOTAL,GLOBAL,IND_TOTAL,CONSOLIDATED,6,338971 | 342900,338971@tier9:customer_loans || 342900@tier9:customer_loans,342900.0
DBS Group Holdings Ltd,bs.credit.allowances_stage12_gp,General allowances balance (ECL stage 1 & 2),2022-06-30,as_at,SEG_TOTAL,GLOBAL,IND_TOTAL,CONSOLIDATED,5,3398 | 3737,"3398@tier9:customer_loans || 3737@tier9:loss_allowance_coverage,non_performing_assets_and_loss_allowance_coverage",3737.0
DBS Group Holdings Ltd,bs.credit.allowances_stage12_gp,General allowances balance (ECL stage 1 & 2),2021-12-31,as_at,SEG_TOTAL,GLOBAL,IND_TOTAL,CONSOLIDATED,5,3534 | 3876,"3534@tier9:customer_loans || 3876@tier9:loss_allowance_coverage,non_performing_assets_and_loss_allowance_coverage",3876.0
DBS Group Holdings Ltd,bs.credit.allowances_stage3_sp,Specific allowances balance (ECL stage 3),2022-06-30,as_at,SEG_TOTAL,GLOBAL,IND_TOTAL,CONSOLIDATED,5,2746 | 2955,"2746@tier9:customer_loans || 2955@tier9:loss_allowance_coverage,non_performing_assets_and_loss_allowance_coverage",2955.0
DBS Group Holdings Ltd,bs.credit.allowances_stage3_sp,Specific allowances balance (ECL stage 3),2021-12-31,as_at,SEG_TOTAL,GLOBAL,IND_TOTAL,CONSOLIDATED,5,2545 | 2926,"2545@tier9:customer_loans || 2926@tier9:loss_allowance_coverage,non_performing_assets_and_loss_allowance_coverage",2926.0
DBS Group Holdings Ltd,reg.capital.rwa,Risk-weighted assets,2022-03-31,as_at,SEG_TOTAL,GLOBAL,IND_TOTAL,CONSOLIDATED,5,35090 | 222260 | 228105 | 350897 | 350956,35090@tier9:overview_of_risk_weighted_assets || 222260@tier9:irba_rwa_flow_statement_for_credit_risk_exposures || 228105@tier9:irba_rwa_flow_statement_for_credit_risk_exposures || 350897@tier9:overview_of_risk_weighted_assets || 350956@tier9:capital_adequacy,35090.0
DBS Group Holdings Ltd,reg.capital.rwa,Risk-weighted assets,2022-03-31,,SEG_TOTAL,GLOBAL,IND_TOTAL,CONSOLIDATED,5,322451 | 330556 | 337593 | 342691 | 350897,322451@tier9:overview_of_key_prudential_regulatory_metrics || 330556@tier9:overview_of_key_prudential_regulatory_metrics || 337593@tier9:overview_of_key_prudential_regulatory_metrics || 342691@tier9:overview_of_key_prudential_regulatory_metrics || 350897@tier9:overview_of_key_prudential_regulatory_metrics,322451.0
DBS Group Holdings Ltd,reg.capital.rwa,Risk-weighted assets,2022-09-30,,SEG_TOTAL,GLOBAL,IND_TOTAL,CONSOLIDATED,5,337593 | 342691 | 349078 | 350897 | 361452,337593@tier9:overview_of_key_prudential_regulatory_metrics || 342691@tier9:overview_of_key_prudential_regulatory_metrics || 349078@tier9:overview_of_key_prudential_regulatory_metrics || 350897@tier9:overview_of_key_prudential_regulatory_metrics || 361452@tier9:overview_of_key_prudential_regulatory_metrics,337593.0
DBS Group Holdings Ltd,reg.liquidity.lcr_ratio,Liquidity Coverage Ratio,2026-03-31,,SEG_TOTAL,GLOBAL,IND_TOTAL,CONSOLIDATED,5,145 | 147 | 149 | 151 | 155,145@tier9:overview_of_key_prudential_regulatory_metrics || 147@tier9:overview_of_key_prudential_regulatory_metrics || 149@tier9:overview_of_key_prudential_regulatory_metrics || 151@tier9:overview_of_key_prudential_regulatory_metrics || 155@tier9:overview_of_key_prudential_regulatory_metrics,145.0
DBS Group Holdings Ltd,reg.liquidity.lcr_ratio,Liquidity Coverage Ratio,2025-03-31,,SEG_TOTAL,GLOBAL,IND_TOTAL,CONSOLIDATED,5,144 | 147,144@tier9:overview_of_key_prudential_regulatory_metrics || 147@tier9:overview_of_key_prudential_regulatory_metrics,145.0
DBS Group Holdings Ltd,reg.liquidity.lcr_ratio,Liquidity Coverage Ratio,2025-09-30,,SEG_TOTAL,GLOBAL,IND_TOTAL,CONSOLIDATED,5,144 | 147 | 149,144@tier9:overview_of_key_prudential_regulatory_metrics || 147@tier9:overview_of_key_prudential_regulatory_metrics || 149@tier9:overview_of_key_prudential_regulatory_metrics,145.0
DBS Group Holdings Ltd,reg.liquidity.lcr_ratio,Liquidity Coverage Ratio,2022-03-31,,SEG_TOTAL,GLOBAL,IND_TOTAL,CONSOLIDATED,5,131 | 135,131@tier9:overview_of_key_prudential_regulatory_metrics || 135@tier9:overview_of_key_prudential_regulatory_metrics,135.0
DBS Group Holdings Ltd,reg.liquidity.lcr_ratio,Liquidity Coverage Ratio,2022-09-30,,SEG_TOTAL,GLOBAL,IND_TOTAL,CONSOLIDATED,5,131 | 133 | 135 | 138 | 142,131@tier9:overview_of_key_prudential_regulatory_metrics || 133@tier9:overview_of_key_prudential_regulatory_metrics || 135@tier9:overview_of_key_prudential_regulatory_metrics || 138@tier9:overview_of_key_prudential_regulatory_metrics || 142@tier9:overview_of_key_prudential_regulatory_metrics,131.0
DBS Group Holdings Ltd,reg.liquidity.nsfr_ratio,Net Stable Funding Ratio,2026-03-31,,SEG_TOTAL,GLOBAL,IND_TOTAL,CONSOLIDATED,5,114 | 117,114@tier9:overview_of_key_prudential_regulatory_metrics || 117@tier9:overview_of_key_prudential_regulatory_metrics,114.0
DBS Group Holdings Ltd,reg.liquidity.nsfr_ratio,Net Stable Funding Ratio,2022-03-31,,SEG_TOTAL,GLOBAL,IND_TOTAL,CONSOLIDATED,5,122 | 127,122@tier9:overview_of_key_prudential_regulatory_metrics || 127@tier9:overview_of_key_prudential_regulatory_metrics,127.0
DBS Group Holdings Ltd,reg.liquidity.nsfr_ratio,Net Stable Funding Ratio,2022-09-30,,SEG_TOTAL,GLOBAL,IND_TOTAL,CONSOLIDATED,5,114 | 118 | 122 | 127,114@tier9:overview_of_key_prudential_regulatory_metrics || 118@tier9:overview_of_key_prudential_regulatory_metrics || 122@tier9:overview_of_key_prudential_regulatory_metrics || 127@tier9:overview_of_key_prudential_regulatory_metrics,122.0
Oversea-Chinese Banking Corporation Ltd,bs.assets.customer_loans_gross,Customer loans (gross),2024-06-30,1H,SEG_TOTAL,GLOBAL,IND_TOTAL,CONSOLIDATED,5,7847 | 294056 | 299980 | 15,7847@tier0:average_balance_sheet || 294056@tier0:average_balance_sheet || 299980@tier1:financial_highlights || 15@tier9:credit_costs_bps_1,7847.0
Oversea-Chinese Banking Corporation Ltd,bs.assets.npa,Non-performing assets / loans,2025-06-30,as_at,SEG_TOTAL,GLOBAL,IND_TOTAL,CONSOLIDATED,5,2983 | 3009,"2983@tier9:npls_by_industry || 3009@tier9:asset_quality_and_allowances,npas_by_period_overdue,npls_by_industry",3009.0
Oversea-Chinese Banking Corporation Ltd,bs.assets.npa,Non-performing assets / loans,2024-06-30,as_at,SEG_TOTAL,GLOBAL,IND_TOTAL,CONSOLIDATED,5,2817 | 2901,"2817@tier9:npls_by_industry || 2901@tier9:asset_quality_and_allowances,npas_by_period_overdue,npls_by_industry",2901.0
Oversea-Chinese Banking Corporation Ltd,bs.liabilities.customer_deposits,Customer deposits (total),2024-06-30,as_at,SEG_TOTAL,GLOBAL,IND_TOTAL,CONSOLIDATED,5,370 | 369835 | 383296,370@tier9:strong_funding_liquidity_and_capital_position || 369835@tier9:deposits || 383296@tier9:deposits,369835.0
Oversea-Chinese Banking Corporation Ltd,pnl.profit.net_attributable,Net profit attributable to shareholders,2025-06-30,2Q,SEG_TOTAL,GLOBAL,IND_TOTAL,CONSOLIDATED,5,1816 | 1822,"1816@tier1:financial_highlights,second_quarter_2025_performance,third_quarter_2025_performance || 1822@tier1:financial_highlights",1816.0
Oversea-Chinese Banking Corporation Ltd,pnl.profit.net_attributable,Net profit attributable to shareholders,2025-09-30,3Q,SEG_TOTAL,GLOBAL,IND_TOTAL,CONSOLIDATED,5,1978 | 1983,"1978@tier1:financial_highlights,financial_highlights_unaudited,fourth_quarter_2025_performance,third_quarter_2025_performance || 1983@tier1:financial_highlights_unaudited",1978.0
Oversea-Chinese Banking Corporation Ltd,pnl.profit.net_attributable,Net profit attributable to shareholders,2024-03-31,1Q,SEG_TOTAL,GLOBAL,IND_TOTAL,CONSOLIDATED,5,1982 | 2007,"1982@tier1:financial_highlights_unaudited,first_quarter_2025_performance || 2007@tier1:financial_highlights_unaudited",1982.0
DBS Group Holdings Ltd,bs.assets.customer_loans_gross,Customer loans (gross),2022-06-30,1H,SEG_TOTAL,GLOBAL,IND_TOTAL,CONSOLIDATED,4,3899 | 369172,"3899@tier0:average_balance_sheet_2nd_half_2022_2nd_half_2021_1st_half_2022,net_interest_income || 369172@tier0:average_balance_sheet_2nd_half_2022_2nd_half_2021_1st_half_2022,net_interest_income",3899.0
DBS Group Holdings Ltd,bs.assets.customer_loans_gross,Customer loans (gross),2021-12-31,2H,SEG_TOTAL,GLOBAL,IND_TOTAL,CONSOLIDATED,4,3520 | 358014,"3520@tier0:average_balance_sheet_2nd_half_2022_2nd_half_2021_1st_half_2022,net_interest_income || 358014@tier0:average_balance_sheet_2nd_half_2022_2nd_half_2021_1st_half_2022,net_interest_income",3520.0
DBS Group Holdings Ltd,bs.assets.iea_average,Average interest-earning assets,2024-06-30,1H,SEG_TOTAL,GLOBAL,IND_TOTAL,CONSOLIDATED,4,15467 | 668473 | 533081,"15467@tier0:average_balance_sheet || 668473@tier0:average_balance_sheet,net_interest_income || 533081@tier2:net_interest_income",668473.0
DBS Group Holdings Ltd,bs.assets.iea_average,Average interest-earning assets,2021-06-30,1H,SEG_TOTAL,GLOBAL,IND_TOTAL,CONSOLIDATED,4,896 | 5092 | 554435 | 576311,896@tier2:net_interest_income || 5092@tier2:net_interest_income || 554435@tier2:net_interest_income || 576311@tier2:net_interest_income,896.0
DBS Group Holdings Ltd,bs.assets.iea_average,Average interest-earning assets,2022-12-31,2H,SEG_TOTAL,GLOBAL,IND_TOTAL,CONSOLIDATED,4,10149 | 632904 | 516889,"10149@tier0:average_balance_sheet_2nd_half_2022_2nd_half_2021_1st_half_2022 || 632904@tier0:average_balance_sheet_2nd_half_2022_2nd_half_2021_1st_half_2022,net_interest_income || 516889@tier2:net_interest_income",632904.0
DBS Group Holdings Ltd,bs.assets.iea_average,Average interest-earning assets,2022-12-31,FY,SEG_TOTAL,GLOBAL,IND_TOTAL,CONSOLIDATED,4,15927 | 624826 | 507374,"15927@tier0:average_balance_sheet_year_2022_year_2021 || 624826@tier0:average_balance_sheet_year_2022_year_2021,net_interest_income || 507374@tier2:net_interest_income",624826.0
DBS Group Holdings Ltd,bs.assets.iea_average,Average interest-earning assets,2021-12-31,FY,SEG_TOTAL,GLOBAL,IND_TOTAL,CONSOLIDATED,4,10185 | 582621 | 469773,"10185@tier0:average_balance_sheet_year_2022_year_2021 || 582621@tier0:average_balance_sheet_year_2022_year_2021,net_interest_income || 469773@tier2:net_interest_income",582621.0
DBS Group Holdings Ltd,bs.assets.iea_average,Average interest-earning assets,2025-12-31,2H,SEG_TOTAL,GLOBAL,IND_TOTAL,CONSOLIDATED,4,13727 | 733326 | 599078,"13727@tier0:average_balance_sheet_2nd_half_2025_2nd_half_2024_1st_half_2025 || 733326@tier0:average_balance_sheet_2nd_half_2025_2nd_half_2024_1st_half_2025,net_interest_income || 599078@tier2:net_interest_income",733326.0
DBS Group Holdings Ltd,bs.assets.iea_average,Average interest-earning assets,2025-12-31,FY,SEG_TOTAL,GLOBAL,IND_TOTAL,CONSOLIDATED,4,28268 | 721393 | 583324,"28268@tier0:average_balance_sheet_year_2025_year_2024 || 721393@tier0:average_balance_sheet_year_2025_year_2024,net_interest_income || 583324@tier2:net_interest_income",721393.0
DBS Group Holdings Ltd,bs.assets.iea_average,Average interest-earning assets,2024-12-31,FY,SEG_TOTAL,GLOBAL,IND_TOTAL,CONSOLIDATED,4,30927 | 676148 | 537823,"30927@tier0:average_balance_sheet_year_2025_year_2024 || 676148@tier0:average_balance_sheet_year_2025_year_2024,net_interest_income || 537823@tier2:net_interest_income",676148.0
DBS Group Holdings Ltd,bs.assets.npa,Non-performing assets / loans,2022-12-31,as_at,SEG_TOTAL,GLOBAL,IND_TOTAL,CONSOLIDATED,4,2299 | 4759,2299@tier9:non_performing_assets_and_loss_allowance_coverage || 4759@tier9:non_performing_assets_and_loss_allowance_coverage,2299.0
DBS Group Holdings Ltd,bs.assets.npa,Non-performing assets / loans,2025-12-31,as_at,SEG_TOTAL,GLOBAL,IND_TOTAL,CONSOLIDATED,4,2324 | 4629,2324@tier9:non_performing_assets_and_loss_allowance_coverage || 4629@tier9:non_performing_assets_and_loss_allowance_coverage,2324.0
DBS Group Holdings Ltd,bs.credit.allowances_stage12_gp,General allowances balance (ECL stage 1 & 2),2025-06-30,as_at,SEG_TOTAL,GLOBAL,IND_TOTAL,CONSOLIDATED,4,3838 | 4109,"3838@tier9:customer_loans || 4109@tier9:loss_allowance_coverage,non_performing_assets_and_loss_allowance_coverage",4109.0
DBS Group Holdings Ltd,bs.credit.allowances_stage12_gp,General allowances balance (ECL stage 1 & 2),2024-12-31,as_at,SEG_TOTAL,GLOBAL,IND_TOTAL,CONSOLIDATED,4,3697 | 3969,"3697@tier9:customer_loans || 3969@tier9:loss_allowance_coverage,non_performing_assets_and_loss_allowance_coverage",3969.0
DBS Group Holdings Ltd,bs.credit.allowances_stage3_sp,Specific allowances balance (ECL stage 3),2025-06-30,as_at,SEG_TOTAL,GLOBAL,IND_TOTAL,CONSOLIDATED,4,2216 | 2332,"2216@tier9:customer_loans || 2332@tier9:loss_allowance_coverage,non_performing_assets_and_loss_allowance_coverage",2332.0
DBS Group Holdings Ltd,bs.credit.allowances_stage3_sp,Specific allowances balance (ECL stage 3),2024-12-31,as_at,SEG_TOTAL,GLOBAL,IND_TOTAL,CONSOLIDATED,4,2393 | 2545,"2393@tier9:customer_loans || 2545@tier9:loss_allowance_coverage,non_performing_assets_and_loss_allowance_coverage",2545.0
DBS Group Holdings Ltd,bs.liabilities.customer_deposits,Customer deposits (total),2022-06-30,1H,SEG_TOTAL,GLOBAL,IND_TOTAL,CONSOLIDATED,4,760 | 514997,"760@tier0:average_balance_sheet_2nd_half_2022_2nd_half_2021_1st_half_2022,net_interest_income || 514997@tier0:average_balance_sheet_2nd_half_2022_2nd_half_2021_1st_half_2022,net_interest_income",760.0
DBS Group Holdings Ltd,bs.liabilities.customer_deposits,Customer deposits (total),2021-12-31,2H,SEG_TOTAL,GLOBAL,IND_TOTAL,CONSOLIDATED,4,571 | 488284,"571@tier0:average_balance_sheet_2nd_half_2022_2nd_half_2021_1st_half_2022,net_interest_income || 488284@tier0:average_balance_sheet_2nd_half_2022_2nd_half_2021_1st_half_2022,net_interest_income",571.0
DBS Group Holdings Ltd,pnl.profit.net_attributable,Net profit attributable to shareholders,2024-12-31,2H,SEG_TOTAL,GLOBAL,IND_TOTAL,CONSOLIDATED,4,5549 | 5649,5549@tier0:selected_income_statement_items_m || 5649@tier0:selected_income_statement_items_m,5549.0
DBS Group Holdings Ltd,pnl.profit.net_attributable,Net profit attributable to shareholders,2025-09-30,,SEG_TOTAL,GLOBAL,IND_TOTAL,CONSOLIDATED,4,8675 | 8767 | 8786,8675@tier0:selected_income_statement_items_m || 8767@tier0:selected_income_statement_items_m || 8786@tier0:selected_income_statement_items_m,8675.0
DBS Group Holdings Ltd,reg.capital.rwa,Risk-weighted assets,2022-09-30,as_at,SEG_TOTAL,GLOBAL,IND_TOTAL,CONSOLIDATED,4,36145 | 232650 | 240903 | 361452,36145@tier9:overview_of_risk_weighted_assets || 232650@tier9:irba_rwa_flow_statement_for_credit_risk_exposures || 240903@tier9:irba_rwa_flow_statement_for_credit_risk_exposures || 361452@tier9:overview_of_risk_weighted_assets,36145.0
Oversea-Chinese Banking Corporation Ltd,bs.assets.customer_loans_gross,Customer loans (gross),2025-12-31,FY,SEG_TOTAL,GLOBAL,IND_TOTAL,CONSOLIDATED,4,13745 | 317877 | 336692,"13745@tier0:average_balance_sheet,net_interest_income || 317877@tier0:average_balance_sheet || 336692@tier1:financial_highlights",13745.0
Oversea-Chinese Banking Corporation Ltd,bs.assets.customer_loans_gross,Customer loans (gross),2024-12-31,FY,SEG_TOTAL,GLOBAL,IND_TOTAL,CONSOLIDATED,4,15628 | 297788 | 315096,"15628@tier0:average_balance_sheet,net_interest_income || 297788@tier0:average_balance_sheet || 315096@tier1:financial_highlights",15628.0
Oversea-Chinese Banking Corporation Ltd,bs.assets.npa,Non-performing assets / loans,2025-12-31,as_at,SEG_TOTAL,GLOBAL,IND_TOTAL,CONSOLIDATED,4,3229 | 3243,3229@tier9:non_performing_assets_continued_npls_by_industry || 3243@tier9:non_performing_assets_continued_npls_by_industry,3229.0
Oversea-Chinese Banking Corporation Ltd,bs.equity.shareholders,Shareholders' equity,2025-06-30,1H,SEG_TOTAL,GLOBAL,IND_TOTAL,CONSOLIDATED,4,58073 | 59773 | 60449,"58073@tier1:financial_highlights,financial_highlights_continued || 59773@tier1:financial_highlights_continued || 60449@tier1:financial_highlights",58073.0
Oversea-Chinese Banking Corporation Ltd,bs.equity.shareholders,Shareholders' equity,2025-09-30,3Q,SEG_TOTAL,GLOBAL,IND_TOTAL,CONSOLIDATED,4,58263 | 59963,"58263@tier1:financial_highlights,financial_highlights_unaudited || 59963@tier1:financial_highlights,financial_highlights_unaudited",58263.0
Oversea-Chinese Banking Corporation Ltd,bs.equity.shareholders,Shareholders' equity,2024-03-31,1Q,SEG_TOTAL,GLOBAL,IND_TOTAL,CONSOLIDATED,4,55170 | 56870,55170@tier1:financial_highlights_unaudited || 56870@tier1:financial_highlights_unaudited,55170.0
Oversea-Chinese Banking Corporation Ltd,bs.liabilities.customer_deposits,Customer deposits (total),2025-06-30,1H,SEG_TOTAL,GLOBAL,IND_TOTAL,CONSOLIDATED,4,4882 | 398070 | 406943,"4882@tier0:average_balance_sheet || 398070@tier0:average_balance_sheet || 406943@tier1:financial_highlights,financial_highlights_continued",4882.0
Oversea-Chinese Banking Corporation Ltd,bs.liabilities.customer_deposits,Customer deposits (total),2025-12-31,FY,SEG_TOTAL,GLOBAL,IND_TOTAL,CONSOLIDATED,4,-9226 | 406290 | 428286,"-9226@tier0:average_balance_sheet,net_interest_income || 406290@tier0:average_balance_sheet || 428286@tier1:financial_highlights",9226.0
Oversea-Chinese Banking Corporation Ltd,bs.liabilities.customer_deposits,Customer deposits (total),2024-12-31,FY,SEG_TOTAL,GLOBAL,IND_TOTAL,CONSOLIDATED,4,-10552 | 370965 | 390687,"-10552@tier0:average_balance_sheet,net_interest_income || 370965@tier0:average_balance_sheet || 390687@tier1:financial_highlights",10552.0
Oversea-Chinese Banking Corporation Ltd,bs.liabilities.deposits_casa,CASA deposits,2025-06-30,as_at,SEG_TOTAL,GLOBAL,IND_TOTAL,CONSOLIDATED,4,203 | 100708 | 101918,203@tier9:strong_funding_liquidity_and_capital_position || 100708@tier9:deposits || 101918@tier9:deposits,203.0
Oversea-Chinese Banking Corporation Ltd,bs.liabilities.deposits_casa,CASA deposits,2024-12-31,as_at,SEG_TOTAL,GLOBAL,IND_TOTAL,CONSOLIDATED,4,191 | 81150 | 109603,191@tier9:strong_funding_liquidity_and_capital_position || 81150@tier9:deposits || 109603@tier9:deposits,191.0
Oversea-Chinese Banking Corporation Ltd,pnl.profit.net_attributable,Net profit attributable to shareholders,2025-06-30,1H,SEG_TOTAL,GLOBAL,IND_TOTAL,CONSOLIDATED,4,3699 | 3710,"3699@tier1:financial_highlights,financial_highlights_continued,first_half_2025_performance || 3710@tier1:financial_highlights",3699.0
Oversea-Chinese Banking Corporation Ltd,pnl.profit.net_attributable,Net profit attributable to shareholders,2024-06-30,2Q,SEG_TOTAL,GLOBAL,IND_TOTAL,CONSOLIDATED,4,1944 | 1966,"1944@tier1:financial_highlights,second_quarter_2025_performance || 1966@tier1:financial_highlights",1944.0
Oversea-Chinese Banking Corporation Ltd,reg.capital.cet1_ratio,CET1 ratio,2025-09-30,as_at,SEG_TOTAL,GLOBAL,IND_TOTAL,CONSOLIDATED,4,15 | 16.9,15@tier9:strong_funding_liquidity_and_capital_position || 16.9@tier9:strong_funding_liquidity_and_capital_position,15.0
DBS Group Holdings Ltd,bs.assets.npa,Non-performing assets / loans,2025-06-30,,SEG_TOTAL,GLOBAL,IND_TOTAL,CONSOLIDATED,3,4686 | 5036 | 5077,4686@tier9:by_collateral_type || 5036@tier9:by_collateral_type || 5077@tier9:by_collateral_type,4686.0
DBS Group Holdings Ltd,bs.credit.allowances_stage12_gp,General allowances balance (ECL stage 1 & 2),2021-06-30,as_at,SEG_TOTAL,GLOBAL,IND_TOTAL,CONSOLIDATED,3,3662 | 4045,"3662@tier9:customer_loans || 4045@tier9:loss_allowance_coverage,non_performing_assets_and_loss_allowance_coverage",4045.0
DBS Group Holdings Ltd,bs.credit.allowances_stage3_sp,Specific allowances balance (ECL stage 3),2021-06-30,as_at,SEG_TOTAL,GLOBAL,IND_TOTAL,CONSOLIDATED,3,2835 | 3156,"2835@tier9:customer_loans || 3156@tier9:loss_allowance_coverage,non_performing_assets_and_loss_allowance_coverage",3156.0
DBS Group Holdings Ltd,pnl.income.total,Total income,2022-06-30,1H,SEG_TOTAL,GLOBAL,IND_TOTAL,CONSOLIDATED,3,702 | 7539,"702@tier0:performance_by_business_segments1_selected_income_statement_items2_1st_half_2022 || 7539@tier0:performance_by_business_segments1_selected_income_statement_items2_1st_half_2022,performance_by_geography_selected_income_statement_items",7539.0
DBS Group Holdings Ltd,pnl.income.total,Total income,2021-12-31,2H,SEG_TOTAL,GLOBAL,IND_TOTAL,CONSOLIDATED,3,575 | 6854,"575@tier0:performance_by_business_segments1_selected_income_statement_items2_2nd_half_2021 || 6854@tier0:performance_by_business_segments1_selected_income_statement_items2_2nd_half_2021,performance_by_geography_selected_income_statement_items",6854.0
DBS Group Holdings Ltd,pnl.income.total,Total income,2021-06-30,1H,SEG_TOTAL,GLOBAL,IND_TOTAL,CONSOLIDATED,3,934 | 7443,"934@tier0:performance_by_business_segments1_selected_income_statement_items2_1st_half_2021 || 7443@tier0:performance_by_business_segments1_selected_income_statement_items2_1st_half_2021,performance_by_geography_selected_income_statement_items",7443.0
DBS Group Holdings Ltd,pnl.nii.net,Net interest income,2025-09-30,3Q,SEG_TOTAL,GLOBAL,IND_TOTAL,CONSOLIDATED,3,20 | 3558 | 3578,20@tier0:selected_income_statement_items_m || 3558@tier0:selected_income_statement_items_m || 3578@tier0:selected_income_statement_items_m,20.0
DBS Group Holdings Ltd,pnl.nii.net,Net interest income,2024-09-30,3Q,SEG_TOTAL,GLOBAL,IND_TOTAL,CONSOLIDATED,3,-199 | 3597 | 3796,-199@tier0:selected_income_statement_items_m || 3597@tier0:selected_income_statement_items_m || 3796@tier0:selected_income_statement_items_m,-199.0
DBS Group Holdings Ltd,pnl.nii.net,Net interest income,2025-06-30,2Q,SEG_TOTAL,GLOBAL,IND_TOTAL,CONSOLIDATED,3,23 | 3625 | 3648,23@tier0:selected_income_statement_items_m || 3625@tier0:selected_income_statement_items_m || 3648@tier0:selected_income_statement_items_m,23.0
DBS Group Holdings Ltd,pnl.opex.total,Operating expenses,2022-06-30,1H,SEG_TOTAL,GLOBAL,IND_TOTAL,CONSOLIDATED,3,303 | 3302,"303@tier0:performance_by_business_segments1_selected_income_statement_items2_1st_half_2022 || 3302@tier0:performance_by_business_segments1_selected_income_statement_items2_1st_half_2022,performance_by_geography_selected_income_statement_items",3302.0
DBS Group Holdings Ltd,pnl.opex.total,Operating expenses,2021-06-30,1H,SEG_TOTAL,GLOBAL,IND_TOTAL,CONSOLIDATED,3,322 | 3130,"322@tier0:performance_by_business_segments1_selected_income_statement_items2_1st_half_2021 || 3130@tier0:performance_by_business_segments1_selected_income_statement_items2_1st_half_2021,performance_by_geography_selected_income_statement_items",3130.0
DBS Group Holdings Ltd,pnl.opex.total,Operating expenses,2021-12-31,2H,SEG_TOTAL,GLOBAL,IND_TOTAL,CONSOLIDATED,3,325 | 3339,"325@tier0:performance_by_business_segments1_selected_income_statement_items2_2nd_half_2021 || 3339@tier0:performance_by_business_segments1_selected_income_statement_items2_2nd_half_2021,performance_by_geography_selected_income_statement_items",3339.0
DBS Group Holdings Ltd,pnl.profit.pretax,Profit before tax,2022-06-30,1H,SEG_TOTAL,GLOBAL,IND_TOTAL,CONSOLIDATED,3,404 | 4136,"404@tier0:performance_by_business_segments1_selected_income_statement_items2_1st_half_2022 || 4136@tier0:performance_by_business_segments1_selected_income_statement_items2_1st_half_2022,performance_by_geography_selected_income_statement_items",4136.0
DBS Group Holdings Ltd,pnl.profit.pretax,Profit before tax,2021-12-31,2H,SEG_TOTAL,GLOBAL,IND_TOTAL,CONSOLIDATED,3,260 | 3552,"260@tier0:performance_by_business_segments1_selected_income_statement_items2_2nd_half_2021 || 3552@tier0:performance_by_business_segments1_selected_income_statement_items2_2nd_half_2021,performance_by_geography_selected_income_statement_items",3552.0
DBS Group Holdings Ltd,pnl.profit.pretax,Profit before tax,2021-06-30,1H,SEG_TOTAL,GLOBAL,IND_TOTAL,CONSOLIDATED,3,607 | 4224,"607@tier0:performance_by_business_segments1_selected_income_statement_items2_1st_half_2021 || 4224@tier0:performance_by_business_segments1_selected_income_statement_items2_1st_half_2021,performance_by_geography_selected_income_statement_items",4224.0
DBS Group Holdings Ltd,pnl.provisions.total,Total allowances / provisions,2022-06-30,1H,SEG_TOTAL,GLOBAL,IND_TOTAL,CONSOLIDATED,3,-5 | 101,"-5@tier0:performance_by_business_segments1_selected_income_statement_items2_1st_half_2022 || 101@tier0:performance_by_business_segments1_selected_income_statement_items2_1st_half_2022,performance_by_geography_selected_income_statement_items",101.0
DBS Group Holdings Ltd,pnl.provisions.total,Total allowances / provisions,2021-06-30,1H,SEG_TOTAL,GLOBAL,IND_TOTAL,CONSOLIDATED,3,5 | 89,"5@tier0:performance_by_business_segments1_selected_income_statement_items2_1st_half_2021 || 89@tier0:performance_by_business_segments1_selected_income_statement_items2_1st_half_2021,performance_by_geography_selected_income_statement_items",89.0
DBS Group Holdings Ltd,pnl.provisions.total,Total allowances / provisions,2021-12-31,2H,SEG_TOTAL,GLOBAL,IND_TOTAL,CONSOLIDATED,3,-10 | -37,"-10@tier0:performance_by_business_segments1_selected_income_statement_items2_2nd_half_2021 || -37@tier0:performance_by_business_segments1_selected_income_statement_items2_2nd_half_2021,performance_by_geography_selected_income_statement_items",37.0
DBS Group Holdings Ltd,reg.capital.cet1_ratio,CET1 ratio,2025-03-31,as_at,SEG_TOTAL,GLOBAL,IND_TOTAL,CONSOLIDATED,3,9.2 | 15.2 | 17.4,9.2@tier9:capital_adequacy || 15.2@tier9:capital_adequacy || 17.4@tier9:capital_adequacy,9.2
DBS Group Holdings Ltd,reg.capital.cet1_ratio,CET1 ratio,2025-12-31,as_at,SEG_TOTAL,GLOBAL,IND_TOTAL,CONSOLIDATED,3,9.2 | 15 | 17,9.2@tier9:capital_adequacy || 15@tier9:capital_adequacy || 17@tier9:capital_adequacy,9.2
DBS Group Holdings Ltd,reg.capital.cet1_ratio,CET1 ratio,2025-09-30,as_at,SEG_TOTAL,GLOBAL,IND_TOTAL,CONSOLIDATED,3,9.2 | 15.1 | 16.9,9.2@tier9:capital_adequacy || 15.1@tier9:capital_adequacy || 16.9@tier9:capital_adequacy,9.2
Oversea-Chinese Banking Corporation Ltd,bs.liabilities.customer_deposits,Customer deposits (total),2024-06-30,1H,SEG_TOTAL,GLOBAL,IND_TOTAL,CONSOLIDATED,3,5314 | 367384 | 369835,5314@tier0:average_balance_sheet || 367384@tier0:average_balance_sheet || 369835@tier1:financial_highlights,5314.0
Oversea-Chinese Banking Corporation Ltd,bs.liabilities.deposits_casa,CASA deposits,2024-06-30,as_at,SEG_TOTAL,GLOBAL,IND_TOTAL,CONSOLIDATED,3,177 | 75931 | 101043,177@tier9:strong_funding_liquidity_and_capital_position || 75931@tier9:deposits || 101043@tier9:deposits,177.0
Oversea-Chinese Banking Corporation Ltd,pnl.profit.net_attributable,Net profit attributable to shareholders,2024-06-30,1H,SEG_TOTAL,GLOBAL,IND_TOTAL,CONSOLIDATED,3,3926 | 3973,"3926@tier1:financial_highlights,first_half_2025_performance || 3973@tier1:financial_highlights",3926.0
Oversea-Chinese Banking Corporation Ltd,pnl.profit.net_attributable,Net profit attributable to shareholders,2025-09-30,9M,SEG_TOTAL,GLOBAL,IND_TOTAL,CONSOLIDATED,3,5677 | 5693,"5677@tier1:financial_highlights_unaudited,nine_months_2025_performance || 5693@tier1:financial_highlights_unaudited",5677.0
Oversea-Chinese Banking Corporation Ltd,pnl.profit.net_attributable,Net profit attributable to shareholders,2024-09-30,9M,SEG_TOTAL,GLOBAL,IND_TOTAL,CONSOLIDATED,3,5900 | 5954,"5900@tier1:financial_highlights_unaudited,nine_months_2025_performance || 5954@tier1:financial_highlights_unaudited",5900.0
Oversea-Chinese Banking Corporation Ltd,pnl.profit.net_attributable,Net profit attributable to shareholders,2024-09-30,3Q,SEG_TOTAL,GLOBAL,IND_TOTAL,CONSOLIDATED,3,1974 | 1981,"1974@tier1:financial_highlights_unaudited,third_quarter_2025_performance || 1981@tier1:financial_highlights_unaudited",1974.0
Oversea-Chinese Banking Corporation Ltd,reg.capital.cet1_ratio,CET1 ratio,2025-06-30,as_at,SEG_TOTAL,GLOBAL,IND_TOTAL,CONSOLIDATED,3,15.3 | 17,"15.3@tier9:strong_funding_liquidity_and_capital_position || 17@tier9:capital_adequacy_ratios_1,strong_funding_liquidity_and_capital_position",17.0
Oversea-Chinese Banking Corporation Ltd,reg.capital.cet1_ratio,CET1 ratio,2024-12-31,as_at,SEG_TOTAL,GLOBAL,IND_TOTAL,CONSOLIDATED,3,15.3 | 17.1,"15.3@tier9:strong_funding_liquidity_and_capital_position || 17.1@tier9:capital_adequacy_ratios_1,strong_funding_liquidity_and_capital_position",17.1
Oversea-Chinese Banking Corporation Ltd,reg.capital.cet1_ratio,CET1 ratio,2025-09-30,3Q,SEG_TOTAL,GLOBAL,IND_TOTAL,CONSOLIDATED,3,15 | 16.9,"15@tier1:3q25_performance_highlights || 16.9@tier1:3q25_performance_highlights,financial_highlights_unaudited",16.9
Oversea-Chinese Banking Corporation Ltd,reg.liquidity.lcr_ratio,Liquidity Coverage Ratio,2025-03-31,1Q,SEG_TOTAL,GLOBAL,IND_TOTAL,CONSOLIDATED,3,132 | 274,"132@tier1:financial_highlights_continued,financial_highlights_unaudited || 274@tier1:financial_highlights_unaudited",132.0
DBS Group Holdings Ltd,bs.assets.customer_loans_gross,Customer loans (gross),2021-06-30,1H,SEG_TOTAL,GLOBAL,IND_TOTAL,CONSOLIDATED,2,3427 | 341273,3427@tier2:net_interest_income || 341273@tier2:net_interest_income,3427.0
DBS Group Holdings Ltd,bs.assets.customer_loans_gross,Customer loans (gross),2025-09-30,,SEG_TOTAL,GLOBAL,IND_TOTAL,CONSOLIDATED,2,418068 | 437027,418068@tier0:selected_balance_sheet_items_m || 437027@tier0:selected_balance_sheet_items_m,418068.0
DBS Group Holdings Ltd,bs.assets.customer_loans_gross,Customer loans (gross),2022-12-31,2H,SEG_TOTAL,GLOBAL,IND_TOTAL,CONSOLIDATED,2,6369 | 376695,6369@tier0:average_balance_sheet_2nd_half_2022_2nd_half_2021_1st_half_2022 || 376695@tier0:average_balance_sheet_2nd_half_2022_2nd_half_2021_1st_half_2022,6369.0
DBS Group Holdings Ltd,bs.assets.customer_loans_gross,Customer loans (gross),2022-12-31,FY,SEG_TOTAL,GLOBAL,IND_TOTAL,CONSOLIDATED,2,10268 | 372964,10268@tier0:average_balance_sheet_year_2022_year_2021 || 372964@tier0:average_balance_sheet_year_2022_year_2021,10268.0
DBS Group Holdings Ltd,bs.assets.customer_loans_gross,Customer loans (gross),2021-12-31,FY,SEG_TOTAL,GLOBAL,IND_TOTAL,CONSOLIDATED,2,6947 | 349712,6947@tier0:average_balance_sheet_year_2022_year_2021 || 349712@tier0:average_balance_sheet_year_2022_year_2021,6947.0
DBS Group Holdings Ltd,bs.assets.npa,Non-performing assets / loans,2025-09-30,,SEG_TOTAL,GLOBAL,IND_TOTAL,CONSOLIDATED,2,4627 | 4680,4627@tier0:selected_balance_sheet_items_m || 4680@tier0:selected_balance_sheet_items_m,4627.0
DBS Group Holdings Ltd,bs.assets.total,Total assets,2025-09-30,,SEG_TOTAL,GLOBAL,IND_TOTAL,CONSOLIDATED,2,789609 | 881622,789609@tier0:selected_balance_sheet_items_m || 881622@tier0:selected_balance_sheet_items_m,789609.0
DBS Group Holdings Ltd,bs.credit.allowances_stage12_gp,General allowances balance (ECL stage 1 & 2),2024-06-30,as_at,SEG_TOTAL,GLOBAL,IND_TOTAL,CONSOLIDATED,2,3720 | 3981,3720@tier9:customer_loans || 3981@tier9:loss_allowance_coverage,3981.0
DBS Group Holdings Ltd,bs.credit.allowances_stage12_gp,General allowances balance (ECL stage 1 & 2),2022-12-31,as_at,SEG_TOTAL,GLOBAL,IND_TOTAL,CONSOLIDATED,2,3466 | 3736,3466@tier9:customer_loans || 3736@tier9:non_performing_assets_and_loss_allowance_coverage,3466.0
DBS Group Holdings Ltd,bs.credit.allowances_stage12_gp,General allowances balance (ECL stage 1 & 2),2025-12-31,as_at,SEG_TOTAL,GLOBAL,IND_TOTAL,CONSOLIDATED,2,3581 | 3859,3581@tier9:customer_loans || 3859@tier9:non_performing_assets_and_loss_allowance_coverage,3581.0
DBS Group Holdings Ltd,bs.credit.allowances_stage3_sp,Specific allowances balance (ECL stage 3),2024-06-30,as_at,SEG_TOTAL,GLOBAL,IND_TOTAL,CONSOLIDATED,2,2355 | 2569,2355@tier9:customer_loans || 2569@tier9:loss_allowance_coverage,2569.0
DBS Group Holdings Ltd,bs.credit.allowances_stage3_sp,Specific allowances balance (ECL stage 3),2022-12-31,as_at,SEG_TOTAL,GLOBAL,IND_TOTAL,CONSOLIDATED,2,2299 | 2506,2299@tier9:customer_loans || 2506@tier9:non_performing_assets_and_loss_allowance_coverage,2299.0
DBS Group Holdings Ltd,bs.credit.allowances_stage3_sp,Specific allowances balance (ECL stage 3),2025-12-31,as_at,SEG_TOTAL,GLOBAL,IND_TOTAL,CONSOLIDATED,2,2324 | 2422,2324@tier9:customer_loans || 2422@tier9:non_performing_assets_and_loss_allowance_coverage,2324.0
DBS Group Holdings Ltd,bs.equity.shareholders,Shareholders' equity,2022-06-30,1H,SEG_TOTAL,GLOBAL,IND_TOTAL,CONSOLIDATED,2,188 | 3616,188@tier0:unaudited_consolidated_statement_of_comprehensive_income || 3616@tier0:unaudited_consolidated_income_statement,188.0
DBS Group Holdings Ltd,bs.equity.shareholders,Shareholders' equity,2021-06-30,1H,SEG_TOTAL,GLOBAL,IND_TOTAL,CONSOLIDATED,2,3553 | 3712,3553@tier0:unaudited_consolidated_statement_of_comprehensive_income || 3712@tier0:unaudited_consolidated_income_statement,3553.0
DBS Group Holdings Ltd,bs.equity.shareholders,Shareholders' equity,2021-12-31,2H,SEG_TOTAL,GLOBAL,IND_TOTAL,CONSOLIDATED,2,2641 | 3093,2641@tier0:unaudited_consolidated_statement_of_comprehensive_income || 3093@tier0:unaudited_consolidated_income_statement,2641.0
DBS Group Holdings Ltd,bs.equity.shareholders,Shareholders' equity,2025-09-30,,SEG_TOTAL,GLOBAL,IND_TOTAL,CONSOLIDATED,2,67266 | 68845,67266@tier0:selected_balance_sheet_items_m || 68845@tier0:selected_balance_sheet_items_m,67266.0
DBS Group Holdings Ltd,bs.liabilities.customer_deposits,Customer deposits (total),2021-06-30,1H,SEG_TOTAL,GLOBAL,IND_TOTAL,CONSOLIDATED,2,613 | 472727,613@tier2:net_interest_income || 472727@tier2:net_interest_income,613.0
DBS Group Holdings Ltd,bs.liabilities.customer_deposits,Customer deposits (total),2025-09-30,,SEG_TOTAL,GLOBAL,IND_TOTAL,CONSOLIDATED,2,544961 | 596073,544961@tier0:selected_balance_sheet_items_m || 596073@tier0:selected_balance_sheet_items_m,544961.0
DBS Group Holdings Ltd,bs.liabilities.customer_deposits,Customer deposits (total),2022-12-31,2H,SEG_TOTAL,GLOBAL,IND_TOTAL,CONSOLIDATED,2,2781 | 529356,2781@tier0:average_balance_sheet_2nd_half_2022_2nd_half_2021_1st_half_2022 || 529356@tier0:average_balance_sheet_2nd_half_2022_2nd_half_2021_1st_half_2022,2781.0
DBS Group Holdings Ltd,bs.liabilities.customer_deposits,Customer deposits (total),2022-12-31,FY,SEG_TOTAL,GLOBAL,IND_TOTAL,CONSOLIDATED,2,3541 | 522227,3541@tier0:average_balance_sheet_year_2022_year_2021 || 522227@tier0:average_balance_sheet_year_2022_year_2021,3541.0
DBS Group Holdings Ltd,bs.liabilities.customer_deposits,Customer deposits (total),2021-12-31,FY,SEG_TOTAL,GLOBAL,IND_TOTAL,CONSOLIDATED,2,1184 | 480569,1184@tier0:average_balance_sheet_year_2022_year_2021 || 480569@tier0:average_balance_sheet_year_2022_year_2021,1184.0
DBS Group Holdings Ltd,bs.liabilities.total,Total liabilities,2025-09-30,,SEG_TOTAL,GLOBAL,IND_TOTAL,CONSOLIDATED,2,722154 | 812729,722154@tier0:selected_balance_sheet_items_m || 812729@tier0:selected_balance_sheet_items_m,722154.0
DBS Group Holdings Ltd,bs.nav_per_share,Net asset value per ordinary share,2025-09-30,,SEG_TOTAL,GLOBAL,IND_TOTAL,CONSOLIDATED,2,22.81 | 24.28,22.81@tier9:per_share_data2_7 || 24.28@tier9:per_share_data2_7,22.81
DBS Group Holdings Ltd,pnl.associates,Share of results of associates and joint ventures,2025-09-30,,SEG_TOTAL,GLOBAL,IND_TOTAL,CONSOLIDATED,2,180 | 209,180@tier0:selected_income_statement_items_m || 209@tier0:selected_income_statement_items_m,180.0
DBS Group Holdings Ltd,pnl.income.total,Total income,2025-09-30,,SEG_COMMERCIAL,GLOBAL,IND_TOTAL,CONSOLIDATED,2,16028 | 16349,16028@tier0:selected_income_statement_items_m || 16349@tier0:selected_income_statement_items_m,16028.0
DBS Group Holdings Ltd,pnl.income.total,Total income,2025-09-30,,SEG_MARKETS,GLOBAL,IND_TOTAL,CONSOLIDATED,2,764 | 1220,764@tier0:selected_income_statement_items_m || 1220@tier0:selected_income_statement_items_m,764.0
DBS Group Holdings Ltd,pnl.income.total,Total income,2025-09-30,,SEG_TOTAL,GLOBAL,IND_TOTAL,CONSOLIDATED,2,16792 | 17569,16792@tier0:selected_income_statement_items_m || 17569@tier0:selected_income_statement_items_m,16792.0
DBS Group Holdings Ltd,pnl.nii.net,Net interest income,2022-12-31,2H,SEG_TOTAL,GLOBAL,IND_TOTAL,CONSOLIDATED,2,6300 | 6394,6300@tier2:net_interest_income || 6394@tier2:net_interest_income,6300.0
DBS Group Holdings Ltd,pnl.nii.net,Net interest income,2022-12-31,FY,SEG_TOTAL,GLOBAL,IND_TOTAL,CONSOLIDATED,2,10719 | 10941,10719@tier2:net_interest_income || 10941@tier2:net_interest_income,10719.0
DBS Group Holdings Ltd,pnl.nii.net,Net interest income,2021-12-31,FY,SEG_TOTAL,GLOBAL,IND_TOTAL,CONSOLIDATED,2,7657 | 8440,7657@tier2:net_interest_income || 8440@tier2:net_interest_income,7657.0
DBS Group Holdings Ltd,pnl.noninterest.fee_commission,Net fee & commission income,2025-09-30,,SEG_TOTAL,GLOBAL,IND_TOTAL,CONSOLIDATED,2,3200 | 3799,3200@tier0:selected_income_statement_items_m || 3799@tier0:selected_income_statement_items_m,3200.0
DBS Group Holdings Ltd,pnl.noninterest.total,"Non-interest income (derived, fill-only)",2023-03-31,1Q,SEG_TOTAL,GLOBAL,IND_TOTAL,CONSOLIDATED,2,382 | 432,382@tier0:selected_income_statement_items_m || 432@tier0:selected_income_statement_items_m,382.0
DBS Group Holdings Ltd,pnl.noninterest.total,"Non-interest income (derived, fill-only)",2022-03-31,1Q,SEG_TOTAL,GLOBAL,IND_TOTAL,CONSOLIDATED,2,249 | 354,249@tier0:selected_income_statement_items_m || 354@tier0:selected_income_statement_items_m,249.0
DBS Group Holdings Ltd,pnl.noninterest.total,"Non-interest income (derived, fill-only)",2022-12-31,4Q,SEG_TOTAL,GLOBAL,IND_TOTAL,CONSOLIDATED,2,320 | 329,320@tier0:selected_income_statement_items_m || 329@tier0:selected_income_statement_items_m,320.0
DBS Group Holdings Ltd,pnl.noninterest.total,"Non-interest income (derived, fill-only)",2025-09-30,,SEG_TOTAL,GLOBAL,IND_TOTAL,CONSOLIDATED,2,1215 | 1280,1215@tier0:selected_income_statement_items_m || 1280@tier0:selected_income_statement_items_m,1215.0
DBS Group Holdings Ltd,pnl.noninterest.trading,Net trading income,2025-09-30,,SEG_TOTAL,GLOBAL,IND_TOTAL,CONSOLIDATED,2,1616 | 1648,1616@tier0:selected_income_statement_items_m || 1648@tier0:selected_income_statement_items_m,1616.0
DBS Group Holdings Ltd,pnl.opex.total,Operating expenses,2025-09-30,,SEG_TOTAL,GLOBAL,IND_TOTAL,CONSOLIDATED,2,6500 | 6877,6500@tier0:selected_income_statement_items_m || 6877@tier0:selected_income_statement_items_m,6500.0
DBS Group Holdings Ltd,pnl.profit.net_attributable,Net profit attributable to shareholders,2024-06-30,1H,SEG_TOTAL,GLOBAL,IND_TOTAL,CONSOLIDATED,2,5740 | 5759,5740@tier0:selected_income_statement_items_m || 5759@tier0:selected_income_statement_items_m,5740.0
DBS Group Holdings Ltd,pnl.profit.net_attributable,Net profit attributable to shareholders,2024-03-31,1Q,SEG_TOTAL,GLOBAL,IND_TOTAL,CONSOLIDATED,2,2951 | 2956,2951@tier0:selected_income_statement_items_m || 2956@tier0:selected_income_statement_items_m,2951.0
DBS Group Holdings Ltd,pnl.profit.net_attributable,Net profit attributable to shareholders,2024-12-31,4Q,SEG_TOTAL,GLOBAL,IND_TOTAL,CONSOLIDATED,2,2522 | 2622,2522@tier0:selected_income_statement_items_m || 2622@tier0:selected_income_statement_items_m,2522.0
DBS Group Holdings Ltd,pnl.profit.net_attributable,Net profit attributable to shareholders,2025-12-31,4Q,SEG_TOTAL,GLOBAL,IND_TOTAL,CONSOLIDATED,2,2258 | 2358,2258@tier0:selected_income_statement_items_m || 2358@tier0:selected_income_statement_items_m,2258.0
DBS Group Holdings Ltd,pnl.profit.net_attributable,Net profit attributable to shareholders,2025-12-31,2H,SEG_TOTAL,GLOBAL,IND_TOTAL,CONSOLIDATED,2,5212 | 5312,5212@tier0:selected_income_statement_items_m || 5312@tier0:selected_income_statement_items_m,5212.0
DBS Group Holdings Ltd,pnl.profit.net_attributable,Net profit attributable to shareholders,2025-12-31,FY,SEG_TOTAL,GLOBAL,IND_TOTAL,CONSOLIDATED,2,10933 | 11033,10933@tier0:selected_income_statement_items_m || 11033@tier0:selected_income_statement_items_m,10933.0
DBS Group Holdings Ltd,pnl.profit.net_attributable,Net profit attributable to shareholders,2024-12-31,FY,SEG_TOTAL,GLOBAL,IND_TOTAL,CONSOLIDATED,2,11289 | 11408,11289@tier0:selected_income_statement_items_m || 11408@tier0:selected_income_statement_items_m,11289.0
DBS Group Holdings Ltd,pnl.profit.operating,Operating profit,2025-09-30,,SEG_TOTAL,GLOBAL,IND_TOTAL,CONSOLIDATED,2,10292 | 10692,10292@tier0:selected_income_statement_items_m || 10692@tier0:selected_income_statement_items_m,10292.0
DBS Group Holdings Ltd,pnl.profit.pretax,Profit before tax,2025-09-30,,SEG_TOTAL,GLOBAL,IND_TOTAL,CONSOLIDATED,2,10041 | 10301,10041@tier0:selected_income_statement_items_m || 10301@tier0:selected_income_statement_items_m,10041.0
DBS Group Holdings Ltd,pnl.provisions.stage12_gp,General provisions (ECL stage 1 & 2),2025-09-30,,SEG_TOTAL,GLOBAL,IND_TOTAL,CONSOLIDATED,2,83 | 143,83@tier0:selected_income_statement_items_m || 143@tier0:selected_income_statement_items_m,83.0
DBS Group Holdings Ltd,pnl.provisions.stage3_sp,Specific provisions (ECL stage 3),2022-06-30,1H,SEG_TOTAL,GLOBAL,IND_TOTAL,CONSOLIDATED,2,235 | 238,235@tier9:allowances_for_credit_and_other_losses || 238@tier9:allowances_for_credit_and_other_losses,235.0
DBS Group Holdings Ltd,pnl.provisions.stage3_sp,Specific provisions (ECL stage 3),2021-06-30,1H,SEG_TOTAL,GLOBAL,IND_TOTAL,CONSOLIDATED,2,344 | 363,344@tier9:allowances_for_credit_and_other_losses || 363@tier9:allowances_for_credit_and_other_losses,344.0
DBS Group Holdings Ltd,pnl.provisions.stage3_sp,Specific provisions (ECL stage 3),2021-12-31,2H,SEG_TOTAL,GLOBAL,IND_TOTAL,CONSOLIDATED,2,127 | 135,127@tier9:allowances_for_credit_and_other_losses || 135@tier9:allowances_for_credit_and_other_losses,127.0
DBS Group Holdings Ltd,pnl.provisions.stage3_sp,Specific provisions (ECL stage 3),2025-09-30,,SEG_TOTAL,GLOBAL,IND_TOTAL,CONSOLIDATED,2,330 | 439,330@tier0:selected_income_statement_items_m || 439@tier0:selected_income_statement_items_m,330.0
DBS Group Holdings Ltd,pnl.provisions.total,Total allowances / provisions,2025-09-30,,SEG_TOTAL,GLOBAL,IND_TOTAL,CONSOLIDATED,2,413 | 582,413@tier0:selected_income_statement_items_m || 582@tier0:selected_income_statement_items_m,413.0
DBS Group Holdings Ltd,ratio.credit_cost_bps,Credit cost (bps),2025-09-30,,SEG_TOTAL,GLOBAL,IND_TOTAL,CONSOLIDATED,2,11 | 13,11@tier9:key_financial_ratios_1_2 || 13@tier9:key_financial_ratios_1_2,11.0
DBS Group Holdings Ltd,ratio.roe,Return on equity,2025-09-30,,SEG_TOTAL,GLOBAL,IND_TOTAL,CONSOLIDATED,2,17 | 18.8,17@tier9:key_financial_ratios_1_2 || 18.8@tier9:key_financial_ratios_1_2,17.0
DBS Group Holdings Ltd,reg.capital.cet1_ratio,CET1 ratio,2024-06-30,as_at,SEG_TOTAL,GLOBAL,IND_TOTAL,CONSOLIDATED,2,9.3 | 14.8,9.3@tier9:capital_adequacy || 14.8@tier9:capital_adequacy,9.3
DBS Group Holdings Ltd,reg.capital.cet1_ratio,CET1 ratio,2022-06-30,as_at,SEG_TOTAL,GLOBAL,IND_TOTAL,CONSOLIDATED,2,9.1 | 14.2,9.1@tier9:capital_adequacy || 14.2@tier9:capital_adequacy,9.1
DBS Group Holdings Ltd,reg.capital.cet1_ratio,CET1 ratio,2022-03-31,as_at,SEG_TOTAL,GLOBAL,IND_TOTAL,CONSOLIDATED,2,9.1 | 14,9.1@tier9:capital_adequacy || 14@tier9:capital_adequacy,9.1
DBS Group Holdings Ltd,reg.capital.cet1_ratio,CET1 ratio,2021-12-31,as_at,SEG_TOTAL,GLOBAL,IND_TOTAL,CONSOLIDATED,2,9.1 | 14.4,9.1@tier9:capital_adequacy || 14.4@tier9:capital_adequacy,9.1
DBS Group Holdings Ltd,reg.capital.cet1_ratio,CET1 ratio,2021-06-30,as_at,SEG_TOTAL,GLOBAL,IND_TOTAL,CONSOLIDATED,2,9.1 | 14.5,9.1@tier9:capital_adequacy || 14.5@tier9:capital_adequacy,9.1
DBS Group Holdings Ltd,reg.liquidity.lcr_ratio,Liquidity Coverage Ratio,2026-03-31,as_at,SEG_TOTAL,GLOBAL,IND_TOTAL,CONSOLIDATED,2,151 | 282,151@tier9:average_all_currency_lcr_for_the_quarter_ended_31_mar_2026 || 282@tier9:average_sgd_lcr_for_the_quarter_ended_31_mar_2026_number_of_data_points_90,151.0
DBS Group Holdings Ltd,reg.liquidity.lcr_ratio,Liquidity Coverage Ratio,2025-03-31,as_at,SEG_TOTAL,GLOBAL,IND_TOTAL,CONSOLIDATED,2,145 | 370,145@tier9:average_all_currency_lcr_for_the_quarter_ended_31_mar_2025_number_of_data_points_90 || 370@tier9:average_sgd_lcr_for_the_quarter_ended_31_mar_2025_number_of_data_points_90,145.0
DBS Group Holdings Ltd,reg.liquidity.lcr_ratio,Liquidity Coverage Ratio,2025-09-30,as_at,SEG_TOTAL,GLOBAL,IND_TOTAL,CONSOLIDATED,2,149 | 329,149@tier9:average_all_currency_lcr_for_the_quarter_ended_30_sep_2025_number_of_data_points_92 || 329@tier9:average_sgd_lcr_for_the_quarter_ended_30_sep_2025_number_of_data_points_92,149.0
DBS Group Holdings Ltd,reg.liquidity.lcr_ratio,Liquidity Coverage Ratio,2022-03-31,as_at,SEG_TOTAL,GLOBAL,IND_TOTAL,CONSOLIDATED,2,138 | 345,138@tier9:average_all_currency_lcr_for_the_quarter_ended_31_march_2022_number_of_data_points_90 || 345@tier9:average_sgd_lcr_for_the_quarter_ended_31_march_2022_number_of_data_points_90,138.0
DBS Group Holdings Ltd,reg.liquidity.lcr_ratio,Liquidity Coverage Ratio,2022-09-30,as_at,SEG_TOTAL,GLOBAL,IND_TOTAL,CONSOLIDATED,2,133 | 396,133@tier9:average_all_currency_lcr_for_the_quarter_ended_30_sep_2022_number_of_data_points_92 || 396@tier9:average_sgd_lcr_for_the_quarter_ended_30_sep_2022,133.0
Oversea-Chinese Banking Corporation Ltd,bs.assets.iea_average,Average interest-earning assets,2025-06-30,1H,SEG_TOTAL,GLOBAL,IND_TOTAL,CONSOLIDATED,2,10404 | 471723,10404@tier0:average_balance_sheet || 471723@tier0:average_balance_sheet,10404.0
Oversea-Chinese Banking Corporation Ltd,bs.assets.iea_average,Average interest-earning assets,2024-06-30,1H,SEG_TOTAL,GLOBAL,IND_TOTAL,CONSOLIDATED,2,11230 | 438360,11230@tier0:average_balance_sheet || 438360@tier0:average_balance_sheet,11230.0
Oversea-Chinese Banking Corporation Ltd,bs.assets.iea_average,Average interest-earning assets,2025-12-31,FY,SEG_TOTAL,GLOBAL,IND_TOTAL,CONSOLIDATED,2,20076 | 478684,20076@tier0:average_balance_sheet || 478684@tier0:average_balance_sheet,20076.0
Oversea-Chinese Banking Corporation Ltd,bs.assets.iea_average,Average interest-earning assets,2024-12-31,FY,SEG_TOTAL,GLOBAL,IND_TOTAL,CONSOLIDATED,2,22444 | 443419,22444@tier0:average_balance_sheet || 443419@tier0:average_balance_sheet,22444.0
Oversea-Chinese Banking Corporation Ltd,bs.equity.shareholders,Shareholders' equity,2024-06-30,1H,SEG_TOTAL,GLOBAL,IND_TOTAL,CONSOLIDATED,2,55219 | 56919,55219@tier1:financial_highlights || 56919@tier1:financial_highlights,55219.0
Oversea-Chinese Banking Corporation Ltd,bs.equity.shareholders,Shareholders' equity,2025-06-30,2Q,SEG_TOTAL,GLOBAL,IND_TOTAL,CONSOLIDATED,2,58073 | 60449,58073@tier1:financial_highlights || 60449@tier1:financial_highlights,58073.0
Oversea-Chinese Banking Corporation Ltd,bs.equity.shareholders,Shareholders' equity,2024-06-30,2Q,SEG_TOTAL,GLOBAL,IND_TOTAL,CONSOLIDATED,2,55219 | 56919,55219@tier1:financial_highlights || 56919@tier1:financial_highlights,55219.0
Oversea-Chinese Banking Corporation Ltd,bs.equity.shareholders,Shareholders' equity,2025-09-30,9M,SEG_TOTAL,GLOBAL,IND_TOTAL,CONSOLIDATED,2,58263 | 59963,58263@tier1:financial_highlights_unaudited || 59963@tier1:financial_highlights_unaudited,58263.0
Oversea-Chinese Banking Corporation Ltd,bs.equity.shareholders,Shareholders' equity,2024-09-30,9M,SEG_TOTAL,GLOBAL,IND_TOTAL,CONSOLIDATED,2,55932 | 57632,55932@tier1:financial_highlights_unaudited || 57632@tier1:financial_highlights_unaudited,55932.0
Oversea-Chinese Banking Corporation Ltd,bs.equity.shareholders,Shareholders' equity,2024-09-30,3Q,SEG_TOTAL,GLOBAL,IND_TOTAL,CONSOLIDATED,2,55932 | 57632,55932@tier1:financial_highlights_unaudited || 57632@tier1:financial_highlights_unaudited,55932.0
Oversea-Chinese Banking Corporation Ltd,bs.equity.shareholders,Shareholders' equity,2025-09-30,,SEG_TOTAL,GLOBAL,IND_TOTAL,CONSOLIDATED,2,58073 | 59773,58073@tier1:financial_highlights_unaudited || 59773@tier1:financial_highlights_unaudited,58073.0
Oversea-Chinese Banking Corporation Ltd,bs.equity.shareholders,Shareholders' equity,2025-12-31,2H,SEG_TOTAL,GLOBAL,IND_TOTAL,CONSOLIDATED,2,60070 | 61768,60070@tier1:financial_highlights_continued || 61768@tier1:financial_highlights_continued,60070.0
Oversea-Chinese Banking Corporation Ltd,bs.equity.shareholders,Shareholders' equity,2024-12-31,2H,SEG_TOTAL,GLOBAL,IND_TOTAL,CONSOLIDATED,2,57616 | 59316,57616@tier1:financial_highlights_continued || 59316@tier1:financial_highlights_continued,57616.0
Oversea-Chinese Banking Corporation Ltd,bs.equity.shareholders,Shareholders' equity,2025-12-31,FY,SEG_TOTAL,GLOBAL,IND_TOTAL,CONSOLIDATED,2,60070 | 61768,60070@tier1:financial_highlights || 61768@tier1:financial_highlights,60070.0
Oversea-Chinese Banking Corporation Ltd,bs.equity.shareholders,Shareholders' equity,2024-12-31,FY,SEG_TOTAL,GLOBAL,IND_TOTAL,CONSOLIDATED,2,57616 | 59316,57616@tier1:financial_highlights || 59316@tier1:financial_highlights,57616.0
Oversea-Chinese Banking Corporation Ltd,bs.equity.shareholders,Shareholders' equity,2025-12-31,4Q,SEG_TOTAL,GLOBAL,IND_TOTAL,CONSOLIDATED,2,60070 | 61768,60070@tier1:financial_highlights || 61768@tier1:financial_highlights,60070.0
Oversea-Chinese Banking Corporation Ltd,pnl.profit.net_attributable,Net profit attributable to shareholders,2025-09-30,,SEG_TOTAL,GLOBAL,IND_TOTAL,CONSOLIDATED,2,1816 | 1822,1816@tier1:financial_highlights_unaudited || 1822@tier1:financial_highlights_unaudited,1816.0
Oversea-Chinese Banking Corporation Ltd,reg.capital.cet1_ratio,CET1 ratio,2025-06-30,1H,SEG_TOTAL,GLOBAL,IND_TOTAL,CONSOLIDATED,2,15.3 | 17,15.3@tier1:1h25_performance_highlights || 17@tier1:1h25_performance_highlights,15.3
Oversea-Chinese Banking Corporation Ltd,reg.capital.cet1_ratio,CET1 ratio,2024-09-30,as_at,SEG_TOTAL,GLOBAL,IND_TOTAL,CONSOLIDATED,2,15.6 | 17.2,15.6@tier9:strong_funding_liquidity_and_capital_position || 17.2@tier9:strong_funding_liquidity_and_capital_position,15.6
Oversea-Chinese Banking Corporation Ltd,reg.capital.cet1_ratio,CET1 ratio,2025-03-31,1Q,SEG_TOTAL,GLOBAL,IND_TOTAL,CONSOLIDATED,2,15.5 | 17.6,15.5@tier1:1q25_performance_highlights || 17.6@tier1:1q25_performance_highlights,15.5
Oversea-Chinese Banking Corporation Ltd,reg.capital.cet1_ratio,CET1 ratio,2025-12-31,as_at,SEG_TOTAL,GLOBAL,IND_TOTAL,CONSOLIDATED,2,15.1 | 16.9,15.1@tier9:strong_funding_liquidity_and_capital_position || 16.9@tier9:strong_funding_liquidity_and_capital_position,15.1
Oversea-Chinese Banking Corporation Ltd,reg.liquidity.lcr_ratio,Liquidity Coverage Ratio,2025-09-30,9M,SEG_TOTAL,GLOBAL,IND_TOTAL,CONSOLIDATED,2,136 | 284,136@tier1:financial_highlights_unaudited || 284@tier1:financial_highlights_unaudited,136.0
Oversea-Chinese Banking Corporation Ltd,reg.liquidity.lcr_ratio,Liquidity Coverage Ratio,2024-09-30,9M,SEG_TOTAL,GLOBAL,IND_TOTAL,CONSOLIDATED,2,142 | 315,142@tier1:financial_highlights_unaudited || 315@tier1:financial_highlights_unaudited,142.0
Oversea-Chinese Banking Corporation Ltd,reg.liquidity.lcr_ratio,Liquidity Coverage Ratio,2025-09-30,3Q,SEG_TOTAL,GLOBAL,IND_TOTAL,CONSOLIDATED,2,141 | 307,141@tier1:financial_highlights_unaudited || 307@tier1:financial_highlights_unaudited,141.0
Oversea-Chinese Banking Corporation Ltd,reg.liquidity.lcr_ratio,Liquidity Coverage Ratio,2024-09-30,3Q,SEG_TOTAL,GLOBAL,IND_TOTAL,CONSOLIDATED,2,141 | 337,141@tier1:financial_highlights_unaudited || 337@tier1:financial_highlights_unaudited,141.0
Oversea-Chinese Banking Corporation Ltd,reg.liquidity.lcr_ratio,Liquidity Coverage Ratio,2025-09-30,,SEG_TOTAL,GLOBAL,IND_TOTAL,CONSOLIDATED,2,136 | 272,136@tier1:financial_highlights_unaudited || 272@tier1:financial_highlights_unaudited,136.0
Oversea-Chinese Banking Corporation Ltd,reg.liquidity.lcr_ratio,Liquidity Coverage Ratio,2024-03-31,1Q,SEG_TOTAL,GLOBAL,IND_TOTAL,CONSOLIDATED,2,146 | 292,146@tier1:financial_highlights_unaudited || 292@tier1:financial_highlights_unaudited,146.0
Oversea-Chinese Banking Corporation Ltd,reg.liquidity.lcr_ratio,Liquidity Coverage Ratio,2024-12-31,4Q,SEG_TOTAL,GLOBAL,IND_TOTAL,CONSOLIDATED,2,140 | 251,140@tier1:financial_highlights_unaudited || 251@tier1:financial_highlights_unaudited,140.0
United Overseas Bank Ltd,bs.assets.npa,Non-performing assets / loans,2025-12-31,as_at,SEG_TOTAL,GLOBAL,IND_TOTAL,CONSOLIDATED,2,5379 | 5440,5379@tier9:non_performing_assets || 5440@tier9:non_performing_assets,5379.0
United Overseas Bank Ltd,bs.assets.npa,Non-performing assets / loans,2025-06-30,as_at,SEG_TOTAL,GLOBAL,IND_TOTAL,CONSOLIDATED,2,5341 | 5386,5341@tier9:non_performing_assets || 5386@tier9:non_performing_assets,5341.0
United Overseas Bank Ltd,bs.assets.npa,Non-performing assets / loans,2024-12-31,as_at,SEG_TOTAL,GLOBAL,IND_TOTAL,CONSOLIDATED,2,5164 | 5210,5164@tier9:non_performing_assets || 5210@tier9:non_performing_assets,5164.0
United Overseas Bank Ltd,bs.assets.total,Total assets,2025-12-31,,SEG_TOTAL,GLOBAL,IND_TOTAL,CONSOLIDATED,2,537664 | 572061,537664@tier9:classification_of_financial_assets_and_financial_liabilities_continued_dec_24 || 572061@tier9:classification_of_financial_assets_and_financial_liabilities_dec_25,537664.0
United Overseas Bank Ltd,bs.liabilities.total,Total liabilities,2025-12-31,,SEG_TOTAL,GLOBAL,IND_TOTAL,CONSOLIDATED,2,487707 | 520568,487707@tier9:classification_of_financial_assets_and_financial_liabilities_continued_dec_24 || 520568@tier9:classification_of_financial_assets_and_financial_liabilities_dec_25,487707.0
United Overseas Bank Ltd,pnl.tax,Income tax expense,2025-12-31,FY,SEG_TOTAL,GLOBAL,IND_TOTAL,CONSOLIDATED,2,-119 | 1070,-119@tier9:income_tax || 1070@tier9:income_tax,119.0
United Overseas Bank Ltd,pnl.tax,Income tax expense,2024-12-31,FY,SEG_TOTAL,GLOBAL,IND_TOTAL,CONSOLIDATED,2,-119 | 1195,-119@tier9:income_tax || 1195@tier9:income_tax,119.0
United Overseas Bank Ltd,pnl.tax,Income tax expense,2025-12-31,2H,SEG_TOTAL,GLOBAL,IND_TOTAL,CONSOLIDATED,2,-20 | 345,-20@tier9:income_tax || 345@tier9:income_tax,20.0
United Overseas Bank Ltd,pnl.tax,Income tax expense,2024-12-31,2H,SEG_TOTAL,GLOBAL,IND_TOTAL,CONSOLIDATED,2,-110 | 570,-110@tier9:income_tax || 570@tier9:income_tax,110.0
United Overseas Bank Ltd,ratio.credit_cost_bps,Credit cost (bps),2025-03-31,1Q,SEG_TOTAL,GLOBAL,IND_TOTAL,CONSOLIDATED,2,18.2 | 35,18.2@tier1:financial_highlights_1q25 || 35@tier1:financial_highlights_1q25,18.2
United Overseas Bank Ltd,ratio.credit_cost_bps,Credit cost (bps),2024-12-31,4Q,SEG_TOTAL,GLOBAL,IND_TOTAL,CONSOLIDATED,2,18.2 | 25,18.2@tier1:financial_highlights_1q25 || 25@tier1:financial_highlights_1q25,18.2
United Overseas Bank Ltd,ratio.credit_cost_bps,Credit cost (bps),2024-03-31,1Q,SEG_TOTAL,GLOBAL,IND_TOTAL,CONSOLIDATED,2,16.7 | 23,16.7@tier1:financial_highlights_1q25 || 23@tier1:financial_highlights_1q25,16.7
United Overseas Bank Ltd,ratio.credit_cost_bps,Credit cost (bps),2025-09-30,9M,SEG_TOTAL,GLOBAL,IND_TOTAL,CONSOLIDATED,2,17.3 | 68,17.3@tier1:financial_highlights_3q25 || 68@tier1:financial_highlights_3q25,17.3
United Overseas Bank Ltd,ratio.credit_cost_bps,Credit cost (bps),2024-09-30,9M,SEG_TOTAL,GLOBAL,IND_TOTAL,CONSOLIDATED,2,18.4 | 27,18.4@tier1:financial_highlights_3q25 || 27@tier1:financial_highlights_3q25,18.4
United Overseas Bank Ltd,ratio.credit_cost_bps,Credit cost (bps),2025-09-30,3Q,SEG_TOTAL,GLOBAL,IND_TOTAL,CONSOLIDATED,2,17.3 | 134,17.3@tier1:financial_highlights_3q25 || 134@tier1:financial_highlights_3q25,17.3
United Overseas Bank Ltd,ratio.credit_cost_bps,Credit cost (bps),2025-06-30,2Q,SEG_TOTAL,GLOBAL,IND_TOTAL,CONSOLIDATED,2,17.9 | 32,17.9@tier1:financial_highlights_3q25 || 32@tier1:financial_highlights_3q25,17.9
United Overseas Bank Ltd,ratio.credit_cost_bps,Credit cost (bps),2024-09-30,3Q,SEG_TOTAL,GLOBAL,IND_TOTAL,CONSOLIDATED,2,18.4 | 34,18.4@tier1:financial_highlights_3q25 || 34@tier1:financial_highlights_3q25,18.4
