bank,canonical_section,section_ordinal,table_type_id,table_ordinal,line_ordinal,canonical_leaf_id,label,full_path,source_family,notes
DBS,Dividends,1,FS_DIVIDENDS,1,1,dbsh_ordinary_shares::interim_ordinary_dividend,Interim one-tier tax-exempt ordinary dividends of $1.80 (2024: $1.62),DBSH Ordinary shares > Interim one-tier tax-exempt ordinary dividends of $1.80 (2024: $1.62),Performance_summary,"vintage-specific tokens (amounts, 2024 comparator) stripped from id, kept in label"
DBS,Dividends,1,FS_DIVIDENDS,1,2,dbsh_ordinary_shares::final_ordinary_dividend,Final one-tier tax-exempt ordinary dividend of $0.66 (2024: $0.60),DBSH Ordinary shares > Final one-tier tax-exempt ordinary dividend of $0.66 (2024: $0.60),Performance_summary,vintage-specific tokens stripped from id
DBS,Dividends,1,FS_DIVIDENDS,1,3,dbsh_ordinary_shares::capital_return_dividend_ytd,One-tier tax-exempt Capital Return dividends paid for the first three quarters 2025 of $0.45 (2024: Nil),DBSH Ordinary shares > One-tier tax-exempt Capital Return dividends paid for the first three quarters 2025 of $0.45 (2024: Nil),Performance_summary,vintage-specific tokens stripped; 'YTD' = paid across first three quarters
DBS,Dividends,1,FS_DIVIDENDS,1,4,dbsh_ordinary_shares::capital_return_dividend_final,One-tier tax-exempt Capital Return dividend for fourth quarter 2025 of $0.15 (2024: Nil),DBSH Ordinary shares > One-tier tax-exempt Capital Return dividend for fourth quarter 2025 of $0.15 (2024: Nil),Performance_summary,vintage-specific tokens stripped; 'final' = fourth-quarter tranche
DBS,Dividends,1,FS_DIVIDENDS,1,5,dbsh_ordinary_shares::total,Total,DBSH Ordinary shares > Total,Performance_summary,
DBS,Overview,2,FS_INCOME_SELECTED,1,1,commercial_book_total_income,Commercial book total income,Commercial book total income,Performance_summary,
DBS,Overview,2,FS_INCOME_SELECTED,1,2,commercial_book_total_income::net_interest_income,Net interest income,Commercial book total income > Net interest income,Performance_summary,
DBS,Overview,2,FS_INCOME_SELECTED,1,3,commercial_book_total_income::net_fee_and_commission_income,Net fee and commission income,Commercial book total income > Net fee and commission income,Performance_summary,
DBS,Overview,2,FS_INCOME_SELECTED,1,4,commercial_book_total_income::treasury_customer_sales_and_other_income,Treasury customer sales and other income,Commercial book total income > Treasury customer sales and other income,Performance_summary,
DBS,Overview,2,FS_INCOME_SELECTED,1,5,markets_trading_income,Markets trading Income,Markets trading Income,Performance_summary,
DBS,Overview,2,FS_INCOME_SELECTED,1,6,markets_trading_income::net_interest_income,Net interest income,Markets trading Income > Net interest income,Performance_summary,
DBS,Overview,2,FS_INCOME_SELECTED,1,7,markets_trading_income::non_interest_income,Non-interest income,Markets trading Income > Non-interest income,Performance_summary,
DBS,Overview,2,FS_INCOME_SELECTED,1,8,total_income,Total income,Total income,Performance_summary,
DBS,Overview,2,FS_INCOME_SELECTED,1,9,total_income::of_which_net_interest_income,Of which: Net interest income,Total income > Of which: Net interest income,Performance_summary,
DBS,Overview,2,FS_INCOME_SELECTED,1,10,expenses,Expenses,Expenses,Performance_summary,
DBS,Overview,2,FS_INCOME_SELECTED,1,11,profit_before_allowances_and_amortisation,Profit before allowances and amortisation,Profit before allowances and amortisation,Performance_summary,
DBS,Overview,2,FS_INCOME_SELECTED,1,12,amortisation_of_intangible_assets,Amortisation of intangible assets,Amortisation of intangible assets,Performance_summary,
DBS,Overview,2,FS_INCOME_SELECTED,1,13,allowances_for_credit_and_other_losses,Allowances for credit and other losses,Allowances for credit and other losses,Performance_summary,
DBS,Overview,2,FS_INCOME_SELECTED,1,14,allowances_for_credit_and_other_losses::ecl_stage_3_sp,ECL Stage 3 (SP),Allowances for credit and other losses > ECL Stage 3 (SP),Performance_summary,
DBS,Overview,2,FS_INCOME_SELECTED,1,15,allowances_for_credit_and_other_losses::ecl_stage_1_and_2_gp,ECL Stage 1 and 2 (GP),Allowances for credit and other losses > ECL Stage 1 and 2 (GP),Performance_summary,
DBS,Overview,2,FS_INCOME_SELECTED,1,16,share_of_profits_losses_of_associates_and_jvs,Share of profits/losses of associates and JVs,Share of profits/losses of associates and JVs,Performance_summary,
DBS,Overview,2,FS_INCOME_SELECTED,1,17,profit_before_tax,Profit before tax,Profit before tax,Performance_summary,
DBS,Overview,2,FS_INCOME_SELECTED,1,18,net_profit,Net profit,Net profit,Performance_summary,
DBS,Overview,2,FS_INCOME_SELECTED,1,19,citi_integration,Citi Integration,Citi Integration,Performance_summary,
DBS,Overview,2,FS_INCOME_SELECTED,1,20,provision_for_csr,Provision for CSR¹,Provision for CSR¹,Performance_summary,
DBS,Overview,2,FS_INCOME_SELECTED,1,21,reported_net_profit,Reported net profit,Reported net profit,Performance_summary,
DBS,Overview,2,FS_BALANCE_SELECTED,2,1,customer_loans,Customer loans,Customer loans,Performance_summary,
DBS,Overview,2,FS_BALANCE_SELECTED,2,2,customer_loans::constant_currency_change,Constant-currency change,Customer loans > Constant-currency change,Performance_summary,
DBS,Overview,2,FS_BALANCE_SELECTED,2,3,total_assets,Total assets,Total assets,Performance_summary,
DBS,Overview,2,FS_BALANCE_SELECTED,2,4,total_assets::of_which_non_performing_assets,of which: Non-performing assets,Total assets > of which: Non-performing assets,Performance_summary,
DBS,Overview,2,FS_BALANCE_SELECTED,2,5,customer_deposits,Customer deposits,Customer deposits,Performance_summary,
DBS,Overview,2,FS_BALANCE_SELECTED,2,6,customer_deposits::constant_currency_change,Constant-currency change,Customer deposits > Constant-currency change,Performance_summary,
DBS,Overview,2,FS_BALANCE_SELECTED,2,7,total_liabilities,Total liabilities,Total liabilities,Performance_summary,
DBS,Overview,2,FS_BALANCE_SELECTED,2,8,shareholders_funds,Shareholders’ funds,Shareholders’ funds,Performance_summary,
DBS,Overview,2,FS_RATIOS_KEY,3,1,net_interest_margin_group,Net interest margin – Group,Net interest margin – Group,Performance_summary,
DBS,Overview,2,FS_RATIOS_KEY,3,2,net_interest_margin_commercial_book,Net interest margin – Commercial Book,Net interest margin – Commercial Book,Performance_summary,
DBS,Overview,2,FS_RATIOS_KEY,3,3,cost_income_ratio,Cost/ income ratio,Cost/ income ratio,Performance_summary,
DBS,Overview,2,FS_RATIOS_KEY,3,4,return_on_assets,Return on assets,Return on assets,Performance_summary,
DBS,Overview,2,FS_RATIOS_KEY,3,5,return_on_equity,"Return on equity4,5","Return on equity4,5",Performance_summary,
DBS,Overview,2,FS_RATIOS_KEY,3,6,return_on_tangible_equity,"Return on tangible equity4,5,6","Return on tangible equity4,5,6",Performance_summary,
DBS,Overview,2,FS_RATIOS_KEY,3,7,npl_ratio,NPL ratio,NPL ratio,Performance_summary,
DBS,Overview,2,FS_RATIOS_KEY,3,8,total_allowances_npa,Total allowances/ NPA,Total allowances/ NPA,Performance_summary,
DBS,Overview,2,FS_RATIOS_KEY,3,9,total_allowances_unsecured_npa,Total allowances/ unsecured NPA,Total allowances/ unsecured NPA,Performance_summary,
DBS,Overview,2,FS_RATIOS_KEY,3,10,sp_for_loans_average_loans,SP for loans/ average loans (bp),SP for loans/ average loans (bp),Performance_summary,
DBS,Overview,2,FS_RATIOS_KEY,3,11,common_equity_tier_1_cet_1_ratio,Common Equity Tier 1 (CET-1) ratio,Common Equity Tier 1 (CET-1) ratio,Performance_summary,
DBS,Overview,2,FS_RATIOS_KEY,3,12,fully_phased_in_cet_1_ratio,Fully phased-in CET-1 ratio7,Fully phased-in CET-1 ratio7,Performance_summary,
DBS,Overview,2,FS_PER_SHARE,4,1,earnings::basic,Basic,Earnings2 > Basic,Performance_summary,
DBS,Overview,2,FS_PER_SHARE,4,2,earnings::diluted,Diluted9,Earnings2 > Diluted9,Performance_summary,
DBS,Overview,2,FS_PER_SHARE,4,3,reported_earnings::basic,Basic,Reported earnings > Basic,Performance_summary,
DBS,Overview,2,FS_PER_SHARE,4,4,reported_earnings::diluted,Diluted9,Reported earnings > Diluted9,Performance_summary,
DBS,Overview,2,FS_PER_SHARE,4,5,reported_earnings::net_book_value,Net book value5,Reported earnings > Net book value5,Performance_summary,
DBS,Overview,2,FS_PER_SHARE,4,5,reported_earnings::net_book_value,Net book value5,Per share data ($) > Net book value5,Performance_summary,
DBS,NET INTEREST INCOME,3,FS_AVG_BALANCE_SHEET,1,1,customer_non_trade_loans,Customer non-trade loans,Customer non-trade loans,Performance_summary,also printed in: DBS_2Q26_performance_summary
DBS,NET INTEREST INCOME,3,FS_AVG_BALANCE_SHEET,1,2,trade_assets,Trade assets,Trade assets,Performance_summary,
DBS,NET INTEREST INCOME,3,FS_AVG_BALANCE_SHEET,1,3,interbank_assets,Interbank assets2,Interbank assets2,Performance_summary,
DBS,NET INTEREST INCOME,3,FS_AVG_BALANCE_SHEET,1,4,securities_and_others,Securities and others,Securities and others,Performance_summary,
DBS,NET INTEREST INCOME,3,FS_AVG_BALANCE_SHEET,1,5,interest_bearing_assets,Interest-bearing assets,Interest-bearing assets,Performance_summary,
DBS,NET INTEREST INCOME,3,FS_AVG_BALANCE_SHEET,1,6,customer_deposits,Customer deposits,Customer deposits,Performance_summary,
DBS,NET INTEREST INCOME,3,FS_AVG_BALANCE_SHEET,1,7,other_borrowings,Other borrowings,Other borrowings,Performance_summary,
DBS,NET INTEREST INCOME,3,FS_AVG_BALANCE_SHEET,1,8,interest_bearing_liabilities,Interest-bearing liabilities,Interest-bearing liabilities,Performance_summary,
DBS,NET INTEREST INCOME,3,FS_AVG_BALANCE_SHEET,1,9,net_interest_income_margin,Net interest income/margin1,Net interest income/margin1,Performance_summary,
DBS,NET INTEREST INCOME,3,FS_NII_DETAIL,2,1,net_interest_income_nii,Net interest income (NII),Net interest income (NII),Performance_summary,also printed in: DBS_2Q26_performance_summary
DBS,NET INTEREST INCOME,3,FS_NII_DETAIL,2,2,net_interest_income_nii::markets_trading,Less: Markets Trading,Net interest income (NII) > Less: Markets Trading,Performance_summary,'less_' prefix stripped from id
DBS,NET INTEREST INCOME,3,FS_NII_DETAIL,2,3,commercial_book_nii,Commercial Book NII,Commercial Book NII,Performance_summary,
DBS,NET INTEREST INCOME,3,FS_NII_DETAIL,2,4,average_interest_bearing_assets_iba,Average interest-bearing assets (IBA),Average interest-bearing assets (IBA),Performance_summary,
DBS,NET INTEREST INCOME,3,FS_NII_DETAIL,2,5,average_interest_bearing_assets_iba::markets_trading,Less: Markets Trading,Average interest-bearing assets (IBA) > Less: Markets Trading,Performance_summary,'less_' prefix stripped from id
DBS,NET INTEREST INCOME,3,FS_NII_DETAIL,2,6,commercial_book_average_iba,Commercial Book average IBA,Commercial Book average IBA,Performance_summary,
DBS,NET INTEREST INCOME,3,FS_NII_DETAIL,2,7,net_interest_margin,Net interest margin (%)1,Net interest margin (%)1,Performance_summary,
DBS,NET INTEREST INCOME,3,FS_NII_DETAIL,2,8,commercial_book_nim,Commercial Book NIM (%)1,Commercial Book NIM (%)1,Performance_summary,
DBS,NET INTEREST INCOME,3,FS_VOLUME_RATE,3,1,interest_income::customer_non_trade_loans,Customer non-trade loans,Interest income > Customer non-trade loans,Performance_summary,
DBS,NET INTEREST INCOME,3,FS_VOLUME_RATE,3,2,interest_income::trade_assets,Trade assets,Interest income > Trade assets,Performance_summary,
DBS,NET INTEREST INCOME,3,FS_VOLUME_RATE,3,3,interest_income::interbank_assets,Interbank assets,Interest income > Interbank assets,Performance_summary,
DBS,NET INTEREST INCOME,3,FS_VOLUME_RATE,3,4,interest_income::securities_and_others,Securities and others,Interest income > Securities and others,Performance_summary,
DBS,NET INTEREST INCOME,3,FS_VOLUME_RATE,3,5,interest_income::total,Total,Interest income > Total,Performance_summary,
DBS,NET INTEREST INCOME,3,FS_VOLUME_RATE,3,6,interest_expense::customer_deposits,Customer deposits,Interest expense > Customer deposits,Performance_summary,
DBS,NET INTEREST INCOME,3,FS_VOLUME_RATE,3,7,interest_expense::other_borrowings,Other borrowings,Interest expense > Other borrowings,Performance_summary,
DBS,NET INTEREST INCOME,3,FS_VOLUME_RATE,3,8,interest_expense::total,Total,Interest expense > Total,Performance_summary,
DBS,NET INTEREST INCOME,3,FS_VOLUME_RATE,3,9,net_impact_on_net_interest_income,Net impact on net interest income,Net impact on net interest income,Performance_summary,"ANCESTRY FIX: bridging row, not under interest_expense"
DBS,NET INTEREST INCOME,3,FS_VOLUME_RATE,3,10,due_to_change_in_number_of_days,Due to change in number of days,Due to change in number of days,Performance_summary,"ANCESTRY FIX: bridging row, not under interest_expense"
DBS,NET INTEREST INCOME,3,FS_VOLUME_RATE,3,11,net_interest_income,Net Interest Income,Net Interest Income,Performance_summary,"ANCESTRY FIX: final result, not under interest_expense"
DBS,NET FEE AND COMMISSION INCOME,4,FS_FEE_INCOME,1,1,investment_banking,Investment banking,Investment banking,Performance_summary,
DBS,NET FEE AND COMMISSION INCOME,4,FS_FEE_INCOME,1,2,transaction_services,Transaction services¹,Transaction services¹,Performance_summary,
DBS,NET FEE AND COMMISSION INCOME,4,FS_FEE_INCOME,1,3,loan_related,Loan-related,Loan-related,Performance_summary,
DBS,NET FEE AND COMMISSION INCOME,4,FS_FEE_INCOME,1,4,cards,Cards²,Cards²,Performance_summary,
DBS,NET FEE AND COMMISSION INCOME,4,FS_FEE_INCOME,1,5,wealth_management,Wealth management,Wealth management,Performance_summary,
DBS,NET FEE AND COMMISSION INCOME,4,FS_FEE_INCOME,1,6,fee_and_commission_income,Fee and commission income,Fee and commission income,Performance_summary,
DBS,NET FEE AND COMMISSION INCOME,4,FS_FEE_INCOME,1,7,fee_and_commission_expense,Less: Fee and commission expense,Less: Fee and commission expense,Performance_summary,'less_' prefix stripped from id
DBS,NET FEE AND COMMISSION INCOME,4,FS_FEE_INCOME,1,8,total,Total,Total,Performance_summary,
DBS,OTHER NON-INTEREST INCOME,5,FS_OTHER_INCOME,1,1,net_trading_income,Net trading income,Net trading income,Performance_summary,also printed in: DBS_2Q26_performance_summary
DBS,OTHER NON-INTEREST INCOME,5,FS_OTHER_INCOME,1,2,net_trading_income::customer_sales,Customer sales,Net trading income > Customer sales,Performance_summary,
DBS,OTHER NON-INTEREST INCOME,5,FS_OTHER_INCOME,1,3,net_trading_income::non_customer_sales,Non-customer sales,Net trading income > Non-customer sales,Performance_summary,
DBS,OTHER NON-INTEREST INCOME,5,FS_OTHER_INCOME,1,4,net_income_from_investment_securities,Net income from investment securities,Net income from investment securities,Performance_summary,
DBS,OTHER NON-INTEREST INCOME,5,FS_OTHER_INCOME,1,5,others,Others (include rental income and gain on disposal of fixed assets),Others (include rental income and gain on disposal of fixed assets),Performance_summary,"parenthetical description stripped from id, kept in label"
DBS,OTHER NON-INTEREST INCOME,5,FS_OTHER_INCOME,1,6,total,Total,Total,Performance_summary,
DBS,OTHER NON-INTEREST INCOME,5,FS_OTHER_INCOME,1,7,commercial_book,Commercial book,Commercial book,Performance_summary,
DBS,OTHER NON-INTEREST INCOME,5,FS_OTHER_INCOME,1,8,markets_trading,Markets Trading,Markets Trading,Performance_summary,
DBS,ALLOWANCES FOR CREDIT AND OTHER LOSSES,6,FS_ALLOWANCES,1,1,ecl_stage_1_and_2_gp,ECL Stage 1 and 2 (GP),ECL Stage 1 and 2 (GP),Performance_summary,also printed in: DBS_2Q26_performance_summary
DBS,ALLOWANCES FOR CREDIT AND OTHER LOSSES,6,FS_ALLOWANCES,1,2,ecl_stage_3_sp_for_loans,ECL Stage 3 (SP) for loans¹,ECL Stage 3 (SP) for loans¹,Performance_summary,
DBS,ALLOWANCES FOR CREDIT AND OTHER LOSSES,6,FS_ALLOWANCES,1,3,ecl_stage_3_sp_for_loans::singapore,Singapore,ECL Stage 3 (SP) for loans¹ > Singapore,Performance_summary,
DBS,ALLOWANCES FOR CREDIT AND OTHER LOSSES,6,FS_ALLOWANCES,1,4,ecl_stage_3_sp_for_loans::hong_kong,Hong Kong,ECL Stage 3 (SP) for loans¹ > Hong Kong,Performance_summary,
DBS,ALLOWANCES FOR CREDIT AND OTHER LOSSES,6,FS_ALLOWANCES,1,5,ecl_stage_3_sp_for_loans::rest_of_greater_china,Rest of Greater China,ECL Stage 3 (SP) for loans¹ > Rest of Greater China,Performance_summary,
DBS,ALLOWANCES FOR CREDIT AND OTHER LOSSES,6,FS_ALLOWANCES,1,6,ecl_stage_3_sp_for_loans::south_and_southeast_asia,South and Southeast Asia,ECL Stage 3 (SP) for loans¹ > South and Southeast Asia,Performance_summary,
DBS,ALLOWANCES FOR CREDIT AND OTHER LOSSES,6,FS_ALLOWANCES,1,7,ecl_stage_3_sp_for_loans::rest_of_the_world,Rest of the World,ECL Stage 3 (SP) for loans¹ > Rest of the World,Performance_summary,
DBS,ALLOWANCES FOR CREDIT AND OTHER LOSSES,6,FS_ALLOWANCES,1,8,ecl_stage_3_sp_for_other_credit_exposures,ECL Stage 3 (SP) for other credit exposures,ECL Stage 3 (SP) for other credit exposures,Performance_summary,
DBS,ALLOWANCES FOR CREDIT AND OTHER LOSSES,6,FS_ALLOWANCES,1,9,total_ecl_stage_3_sp,Total ECL Stage 3 (SP),Total ECL Stage 3 (SP),Performance_summary,
DBS,ALLOWANCES FOR CREDIT AND OTHER LOSSES,6,FS_ALLOWANCES,1,10,allowances_for_other_assets,Allowances for other assets,Allowances for other assets,Performance_summary,
DBS,ALLOWANCES FOR CREDIT AND OTHER LOSSES,6,FS_ALLOWANCES,1,11,total,Total,Total,Performance_summary,
DBS,EXPENSES1,7,FS_EXPENSES_DETAIL,1,1,staff,Staff,Staff,Performance_summary,also printed in: DBS_2Q26_performance_summary
DBS,EXPENSES1,7,FS_EXPENSES_DETAIL,1,2,occupancy,Occupancy,Occupancy,Performance_summary,
DBS,EXPENSES1,7,FS_EXPENSES_DETAIL,1,3,computerisation,Computerisation,Computerisation,Performance_summary,
DBS,EXPENSES1,7,FS_EXPENSES_DETAIL,1,4,revenue_related,Revenue-related,Revenue-related,Performance_summary,
DBS,EXPENSES1,7,FS_EXPENSES_DETAIL,1,5,others,Others,Others,Performance_summary,
DBS,EXPENSES1,7,FS_EXPENSES_DETAIL,1,6,total,Total,Total,Performance_summary,
DBS,EXPENSES1,7,FS_EXPENSES_DETAIL,1,7,staff_count_at_period_end,Staff count2 at period-end,Staff count2 at period-end,Performance_summary,stripped embedded footnote digit '2' from id
DBS,EXPENSES1,7,FS_EXPENSES_DETAIL,1,8,included_in_the_above_table_was::depreciation_of_properties_and_other_fixed_assets,Depreciation of properties and other fixed assets,Included in the above table was: > Depreciation of properties and other fixed assets,Performance_summary,
DBS,PERFORMANCE BY BUSINESS SEGMENTS,8,FS_BALANCE_BY_SEGMENT,1,1,total_assets_before_goodwill_and_intangible_assets,Total assets before goodwill and intangible assets,Total assets before goodwill and intangible assets,Performance_summary,
DBS,PERFORMANCE BY BUSINESS SEGMENTS,8,FS_BALANCE_BY_SEGMENT,1,2,goodwill_and_intangible_assets,Goodwill and intangible assets,Goodwill and intangible assets,Performance_summary,
DBS,PERFORMANCE BY BUSINESS SEGMENTS,8,FS_BALANCE_BY_SEGMENT,1,3,total_assets,Total assets,Total assets,Performance_summary,
DBS,PERFORMANCE BY BUSINESS SEGMENTS,8,FS_BALANCE_BY_SEGMENT,1,4,total_liabilities,Total liabilities,Total liabilities,Performance_summary,
DBS,PERFORMANCE BY BUSINESS SEGMENTS,8,FS_BALANCE_BY_SEGMENT,1,5,capital_expenditure_2h,Capital expenditure for 2nd Half 2025,Capital expenditure for 2nd Half 2025,Performance_summary,EXTRACTION DEFECT: half-year period embedded in row label; should be period-on-column
DBS,PERFORMANCE BY BUSINESS SEGMENTS,8,FS_BALANCE_BY_SEGMENT,1,6,depreciation_2h,Depreciation for 2nd Half 2025,Depreciation for 2nd Half 2025,Performance_summary,EXTRACTION DEFECT: half-year period embedded in row label
DBS,PERFORMANCE BY BUSINESS SEGMENTS,8,FS_BALANCE_BY_SEGMENT,1,7,capital_expenditure_1h,Capital expenditure for 1st Half 2025,Capital expenditure for 1st Half 2025,Performance_summary,EXTRACTION DEFECT: half-year period embedded in row label
DBS,PERFORMANCE BY BUSINESS SEGMENTS,8,FS_BALANCE_BY_SEGMENT,1,8,depreciation_1h,Depreciation for 1st Half 2025,Depreciation for 1st Half 2025,Performance_summary,EXTRACTION DEFECT: half-year period embedded in row label
DBS,PERFORMANCE BY BUSINESS SEGMENTS,8,FS_PERF_BY_SEGMENT,2,1,selected_income_statement_items::net_interest_income,Net interest income,Selected income statement items1 > Net interest income,Performance_summary,also printed in: DBS_2Q26_performance_summary
DBS,PERFORMANCE BY BUSINESS SEGMENTS,8,FS_PERF_BY_SEGMENT,2,2,selected_income_statement_items::net_fee_and_commission_income,Net fee and commission income,Selected income statement items1 > Net fee and commission income,Performance_summary,
DBS,PERFORMANCE BY BUSINESS SEGMENTS,8,FS_PERF_BY_SEGMENT,2,3,selected_income_statement_items::other_non_interest_income,Other non-interest income,Selected income statement items1 > Other non-interest income,Performance_summary,
DBS,PERFORMANCE BY BUSINESS SEGMENTS,8,FS_PERF_BY_SEGMENT,2,4,selected_income_statement_items::total_income,Total income,Selected income statement items1 > Total income,Performance_summary,
DBS,PERFORMANCE BY BUSINESS SEGMENTS,8,FS_PERF_BY_SEGMENT,2,5,selected_income_statement_items::expenses,Expenses,Selected income statement items1 > Expenses,Performance_summary,
DBS,PERFORMANCE BY BUSINESS SEGMENTS,8,FS_PERF_BY_SEGMENT,2,6,selected_income_statement_items::amortisation_of_intangible_assets,Amortisation of intangible assets,Selected income statement items1 > Amortisation of intangible assets,Performance_summary,
DBS,PERFORMANCE BY BUSINESS SEGMENTS,8,FS_PERF_BY_SEGMENT,2,7,selected_income_statement_items::allowances_for_credit_and_other_losses,Allowances for credit and other losses,Selected income statement items1 > Allowances for credit and other losses,Performance_summary,
DBS,PERFORMANCE BY BUSINESS SEGMENTS,8,FS_PERF_BY_SEGMENT,2,8,selected_income_statement_items::share_of_profits_losses_of_associates_and_jvs,Share of profits/losses of associates and JVs,Selected income statement items1 > Share of profits/losses of associates and JVs,Performance_summary,
DBS,PERFORMANCE BY BUSINESS SEGMENTS,8,FS_PERF_BY_SEGMENT,2,9,selected_income_statement_items::profit_before_tax,Profit before tax,Selected income statement items1 > Profit before tax,Performance_summary,
DBS,PERFORMANCE BY GEOGRAPHY,9,FS_BALANCE_BY_GEOGRAPHY,1,1,total_assets_before_goodwill_and_intangible_assets,Total assets before goodwill and intangible assets,Total assets before goodwill and intangible assets,Performance_summary,
DBS,PERFORMANCE BY GEOGRAPHY,9,FS_BALANCE_BY_GEOGRAPHY,1,2,goodwill_and_intangible_assets,Goodwill and intangible assets,Goodwill and intangible assets,Performance_summary,
DBS,PERFORMANCE BY GEOGRAPHY,9,FS_BALANCE_BY_GEOGRAPHY,1,3,total_assets,Total assets,Total assets,Performance_summary,
DBS,PERFORMANCE BY GEOGRAPHY,9,FS_BALANCE_BY_GEOGRAPHY,1,4,non_current_assets,Non-current assets²,Non-current assets²,Performance_summary,
DBS,PERFORMANCE BY GEOGRAPHY,9,FS_BALANCE_BY_GEOGRAPHY,1,5,gross_customer_loans,Gross customer loans,Gross customer loans,Performance_summary,
DBS,PERFORMANCE BY GEOGRAPHY,9,FS_PERF_BY_GEOGRAPHY,2,1,selected_income_statement_items::net_interest_income,Net interest income,Selected income statement items¹ > Net interest income,Performance_summary,also printed in: DBS_2Q26_performance_summary
DBS,PERFORMANCE BY GEOGRAPHY,9,FS_PERF_BY_GEOGRAPHY,2,2,selected_income_statement_items::net_fee_and_commission_income,Net fee and commission income,Selected income statement items¹ > Net fee and commission income,Performance_summary,
DBS,PERFORMANCE BY GEOGRAPHY,9,FS_PERF_BY_GEOGRAPHY,2,3,selected_income_statement_items::other_non_interest_income,Other non-interest income,Selected income statement items¹ > Other non-interest income,Performance_summary,
DBS,PERFORMANCE BY GEOGRAPHY,9,FS_PERF_BY_GEOGRAPHY,2,4,selected_income_statement_items::total_income,Total income,Selected income statement items¹ > Total income,Performance_summary,
DBS,PERFORMANCE BY GEOGRAPHY,9,FS_PERF_BY_GEOGRAPHY,2,5,selected_income_statement_items::expenses,Expenses,Selected income statement items¹ > Expenses,Performance_summary,
DBS,PERFORMANCE BY GEOGRAPHY,9,FS_PERF_BY_GEOGRAPHY,2,6,selected_income_statement_items::amortisation_of_intangible_assets,Amortisation of intangible assets,Selected income statement items¹ > Amortisation of intangible assets,Performance_summary,
DBS,PERFORMANCE BY GEOGRAPHY,9,FS_PERF_BY_GEOGRAPHY,2,7,selected_income_statement_items::allowances_for_credit_and_other_losses,Allowances for credit and other losses,Selected income statement items¹ > Allowances for credit and other losses,Performance_summary,
DBS,PERFORMANCE BY GEOGRAPHY,9,FS_PERF_BY_GEOGRAPHY,2,8,selected_income_statement_items::share_of_profits_losses_of_associates_and_jvs,Share of profits/losses of associates and JVs,Selected income statement items¹ > Share of profits/losses of associates and JVs,Performance_summary,
DBS,PERFORMANCE BY GEOGRAPHY,9,FS_PERF_BY_GEOGRAPHY,2,9,selected_income_statement_items::profit_before_tax,Profit before tax,Selected income statement items¹ > Profit before tax,Performance_summary,
DBS,PERFORMANCE BY GEOGRAPHY,9,FS_PERF_BY_GEOGRAPHY,2,10,selected_income_statement_items::income_tax_expense_and_non_controlling_interests,Income tax expense and non-controlling interests,Selected income statement items¹ > Income tax expense and non-controlling interests,Performance_summary,
DBS,PERFORMANCE BY GEOGRAPHY,9,FS_PERF_BY_GEOGRAPHY,2,11,selected_income_statement_items::net_profit,Net profit,Selected income statement items > Net profit,Performance_summary,
DBS,PERFORMANCE BY GEOGRAPHY,9,FS_PERF_BY_GEOGRAPHY,2,12,net_interest_income,Net interest income,Net interest income,Performance_summary,from a second table of this type: performance_by_geography_performance_by_geography_year_2025_year_2024_2025-12-31
DBS,PERFORMANCE BY GEOGRAPHY,9,FS_PERF_BY_GEOGRAPHY,2,13,net_fee_and_commission_income,Net fee and commission income,Net fee and commission income,Performance_summary,from a second table of this type: performance_by_geography_performance_by_geography_year_2025_year_2024_2025-12-31
DBS,PERFORMANCE BY GEOGRAPHY,9,FS_PERF_BY_GEOGRAPHY,2,14,other_non_interest_income,Other non-interest income,Other non-interest income,Performance_summary,from a second table of this type: performance_by_geography_performance_by_geography_year_2025_year_2024_2025-12-31
DBS,PERFORMANCE BY GEOGRAPHY,9,FS_PERF_BY_GEOGRAPHY,2,15,total_income,Total income,Total income,Performance_summary,from a second table of this type: performance_by_geography_performance_by_geography_year_2025_year_2024_2025-12-31
DBS,PERFORMANCE BY GEOGRAPHY,9,FS_PERF_BY_GEOGRAPHY,2,16,expenses,Expenses,Expenses,Performance_summary,from a second table of this type: performance_by_geography_performance_by_geography_year_2025_year_2024_2025-12-31
DBS,PERFORMANCE BY GEOGRAPHY,9,FS_PERF_BY_GEOGRAPHY,2,17,amortisation_of_intangible_assets,Amortisation of intangible assets,Amortisation of intangible assets,Performance_summary,from a second table of this type: performance_by_geography_performance_by_geography_year_2025_year_2024_2025-12-31
DBS,PERFORMANCE BY GEOGRAPHY,9,FS_PERF_BY_GEOGRAPHY,2,18,allowances_for_credit_and_other_losses,Allowances for credit and other losses,Allowances for credit and other losses,Performance_summary,from a second table of this type: performance_by_geography_performance_by_geography_year_2025_year_2024_2025-12-31
DBS,PERFORMANCE BY GEOGRAPHY,9,FS_PERF_BY_GEOGRAPHY,2,19,share_of_profits_losses_of_associates_and_jvs,Share of profits/losses of associates and JVs,Share of profits/losses of associates and JVs,Performance_summary,from a second table of this type: performance_by_geography_performance_by_geography_year_2025_year_2024_2025-12-31
DBS,PERFORMANCE BY GEOGRAPHY,9,FS_PERF_BY_GEOGRAPHY,2,20,profit_before_tax,Profit before tax,Profit before tax,Performance_summary,from a second table of this type: performance_by_geography_performance_by_geography_year_2025_year_2024_2025-12-31
DBS,PERFORMANCE BY GEOGRAPHY,9,FS_PERF_BY_GEOGRAPHY,2,21,income_tax_expense_and_non_controlling_interests,Income tax expense and non-controlling interests,Income tax expense and non-controlling interests,Performance_summary,from a second table of this type: performance_by_geography_performance_by_geography_year_2025_year_2024_2025-12-31
DBS,PERFORMANCE BY GEOGRAPHY,9,FS_PERF_BY_GEOGRAPHY,2,22,net_profit,Net profit,Net profit,Performance_summary,from a second table of this type: performance_by_geography_performance_by_geography_year_2025_year_2024_2025-12-31
DBS,CUSTOMER LOANS,10,FS_CUSTOMER_LOANS,1,1,gross,Gross,Gross,Performance_summary,also printed in: DBS_2Q26_performance_summary
DBS,CUSTOMER LOANS,10,FS_CUSTOMER_LOANS,1,2,ecl_stage_3_sp,ECL Stage 3 (SP),Less: > ECL Stage 3 (SP),Performance_summary,"'less::' banner stripped from id, kept in label; full_path restored to the printed chain ('Less:' is a level-1 banner over the two ECL rows); leaf id left flat as curated"
DBS,CUSTOMER LOANS,10,FS_CUSTOMER_LOANS,1,3,ecl_stage_1_and_2_gp,ECL Stage 1 & 2 (GP),Less: > ECL Stage 1 & 2 (GP),Performance_summary,'less::' banner stripped from id; full_path restored to the printed chain ('Less:' is a level-1 banner over the two ECL rows); leaf id left flat as curated
DBS,CUSTOMER LOANS,10,FS_CUSTOMER_LOANS,1,4,net_total,Net total,Net total,Performance_summary,
DBS,CUSTOMER LOANS,10,FS_CUSTOMER_LOANS,1,5,by_business_unit::consumer_banking_wealth_management,Consumer Banking/Wealth Management,By business unit > Consumer Banking/Wealth Management,Performance_summary,
DBS,CUSTOMER LOANS,10,FS_CUSTOMER_LOANS,1,6,by_business_unit::institutional_banking,Institutional Banking,By business unit > Institutional Banking,Performance_summary,
DBS,CUSTOMER LOANS,10,FS_CUSTOMER_LOANS,1,7,by_business_unit::others,Others,By business unit > Others,Performance_summary,
DBS,CUSTOMER LOANS,10,FS_CUSTOMER_LOANS,1,8,by_business_unit::total_gross,Total (Gross),By business unit > Total (Gross),Performance_summary,
DBS,CUSTOMER LOANS,10,FS_CUSTOMER_LOANS,1,9,by_geography::singapore,Singapore,By geography¹ > Singapore,Performance_summary,
DBS,CUSTOMER LOANS,10,FS_CUSTOMER_LOANS,1,10,by_geography::hong_kong,Hong Kong,By geography¹ > Hong Kong,Performance_summary,
DBS,CUSTOMER LOANS,10,FS_CUSTOMER_LOANS,1,11,by_geography::rest_of_greater_china,Rest of Greater China,By geography¹ > Rest of Greater China,Performance_summary,
DBS,CUSTOMER LOANS,10,FS_CUSTOMER_LOANS,1,12,by_geography::south_and_southeast_asia,South and Southeast Asia,By geography¹ > South and Southeast Asia,Performance_summary,
DBS,CUSTOMER LOANS,10,FS_CUSTOMER_LOANS,1,13,by_geography::rest_of_the_world,Rest of the World,By geography¹ > Rest of the World,Performance_summary,
DBS,CUSTOMER LOANS,10,FS_CUSTOMER_LOANS,1,14,by_geography::total_gross,Total (Gross),By geography > Total (Gross),Performance_summary,
DBS,CUSTOMER LOANS,10,FS_CUSTOMER_LOANS,1,15,by_industry::manufacturing,Manufacturing,By industry > Manufacturing,Performance_summary,
DBS,CUSTOMER LOANS,10,FS_CUSTOMER_LOANS,1,16,by_industry::building_and_construction,Building and construction,By industry > Building and construction,Performance_summary,
DBS,CUSTOMER LOANS,10,FS_CUSTOMER_LOANS,1,17,by_industry::housing_loans,Housing loans,By industry > Housing loans,Performance_summary,
DBS,CUSTOMER LOANS,10,FS_CUSTOMER_LOANS,1,18,by_industry::general_commerce,General commerce,By industry > General commerce,Performance_summary,
DBS,CUSTOMER LOANS,10,FS_CUSTOMER_LOANS,1,19,by_industry::transportation_storage_and_communications,"Transportation, storage & communications","By industry > Transportation, storage & communications",Performance_summary,
DBS,CUSTOMER LOANS,10,FS_CUSTOMER_LOANS,1,20,by_industry::financial_institutions_investment_and_holding_companies,"Financial institutions, investment & holding companies","By industry > Financial institutions, investment & holding companies",Performance_summary,
DBS,CUSTOMER LOANS,10,FS_CUSTOMER_LOANS,1,21,by_industry::professionals_and_private_individuals_excluding_housing_loans,Professionals & private individuals (excluding housing loans),By industry > Professionals & private individuals (excluding housing loans),Performance_summary,
DBS,CUSTOMER LOANS,10,FS_CUSTOMER_LOANS,1,22,by_industry::others,Others,By industry > Others,Performance_summary,
DBS,CUSTOMER LOANS,10,FS_CUSTOMER_LOANS,1,23,by_industry::total_gross,Total (Gross),By industry > Total (Gross),Performance_summary,
DBS,CUSTOMER LOANS,10,FS_CUSTOMER_LOANS,1,24,by_currency::singapore_dollar,Singapore dollar,By currency > Singapore dollar,Performance_summary,
DBS,CUSTOMER LOANS,10,FS_CUSTOMER_LOANS,1,25,by_currency::us_dollar,US dollar,By currency > US dollar,Performance_summary,
DBS,CUSTOMER LOANS,10,FS_CUSTOMER_LOANS,1,26,by_currency::hong_kong_dollar,Hong Kong dollar,By currency > Hong Kong dollar,Performance_summary,
DBS,CUSTOMER LOANS,10,FS_CUSTOMER_LOANS,1,27,by_currency::taiwan_dollar,Taiwan dollar,By currency > Taiwan dollar,Performance_summary,
DBS,CUSTOMER LOANS,10,FS_CUSTOMER_LOANS,1,28,by_currency::chinese_yuan,Chinese yuan,By currency > Chinese yuan,Performance_summary,
DBS,CUSTOMER LOANS,10,FS_CUSTOMER_LOANS,1,29,by_currency::others,Others,By currency > Others,Performance_summary,
DBS,CUSTOMER LOANS,10,FS_CUSTOMER_LOANS,1,30,by_currency::total_gross,Total (Gross),By currency > Total (Gross),Performance_summary,
DBS,NON-PERFORMING ASSETS AND LOSS ALLOWANCE COVERAGE,11,FS_NPA_BY_COLLATERAL,1,1,by_collateral_type::unsecured_non_performing_assets,Unsecured non-performing assets,By collateral type > Unsecured non-performing assets,Performance_summary,also printed in: DBS_2Q26_performance_summary
DBS,NON-PERFORMING ASSETS AND LOSS ALLOWANCE COVERAGE,11,FS_NPA_BY_COLLATERAL,1,2,by_collateral_type::secured_non_performing_assets_by_collateral_type::properties,Properties,By collateral type > Secured non-performing assets by collateral type > Properties,Performance_summary,
DBS,NON-PERFORMING ASSETS AND LOSS ALLOWANCE COVERAGE,11,FS_NPA_BY_COLLATERAL,1,3,by_collateral_type::secured_non_performing_assets_by_collateral_type::shares_and_debentures,Shares and debentures,By collateral type > Secured non-performing assets by collateral type > Shares and debentures,Performance_summary,
DBS,NON-PERFORMING ASSETS AND LOSS ALLOWANCE COVERAGE,11,FS_NPA_BY_COLLATERAL,1,4,by_collateral_type::secured_non_performing_assets_by_collateral_type::cash_deposits,Cash deposits,By collateral type > Secured non-performing assets by collateral type > Cash deposits,Performance_summary,
DBS,NON-PERFORMING ASSETS AND LOSS ALLOWANCE COVERAGE,11,FS_NPA_BY_COLLATERAL,1,5,by_collateral_type::secured_non_performing_assets_by_collateral_type::others,Others,By collateral type > Secured non-performing assets by collateral type > Others,Performance_summary,
DBS,NON-PERFORMING ASSETS AND LOSS ALLOWANCE COVERAGE,11,FS_NPA_BY_COLLATERAL,1,6,by_collateral_type::total,Total,By collateral type > Total,Performance_summary,
DBS,NON-PERFORMING ASSETS AND LOSS ALLOWANCE COVERAGE,11,FS_NPA_BY_INDUSTRY,2,1,by_industry::manufacturing,Manufacturing,By industry > Manufacturing,Performance_summary,also printed in: DBS_2Q26_performance_summary
DBS,NON-PERFORMING ASSETS AND LOSS ALLOWANCE COVERAGE,11,FS_NPA_BY_INDUSTRY,2,2,by_industry::building_and_construction,Building and construction,By industry > Building and construction,Performance_summary,
DBS,NON-PERFORMING ASSETS AND LOSS ALLOWANCE COVERAGE,11,FS_NPA_BY_INDUSTRY,2,3,by_industry::housing_loans,Housing loans,By industry > Housing loans,Performance_summary,
DBS,NON-PERFORMING ASSETS AND LOSS ALLOWANCE COVERAGE,11,FS_NPA_BY_INDUSTRY,2,4,by_industry::general_commerce,General commerce,By industry > General commerce,Performance_summary,
DBS,NON-PERFORMING ASSETS AND LOSS ALLOWANCE COVERAGE,11,FS_NPA_BY_INDUSTRY,2,5,by_industry::transportation_storage_and_communications,"Transportation, storage & communications","By industry > Transportation, storage & communications",Performance_summary,
DBS,NON-PERFORMING ASSETS AND LOSS ALLOWANCE COVERAGE,11,FS_NPA_BY_INDUSTRY,2,6,by_industry::financial_institutions_investment_and_holding_companies,"Financial institutions, investment & holding companies","By industry > Financial institutions, investment & holding companies",Performance_summary,
DBS,NON-PERFORMING ASSETS AND LOSS ALLOWANCE COVERAGE,11,FS_NPA_BY_INDUSTRY,2,7,by_industry::professionals_and_private_individuals_excluding_housing_loans,Professionals & private individuals (excluding housing loans),By industry > Professionals & private individuals (excluding housing loans),Performance_summary,
DBS,NON-PERFORMING ASSETS AND LOSS ALLOWANCE COVERAGE,11,FS_NPA_BY_INDUSTRY,2,8,by_industry::others,Others,By industry > Others,Performance_summary,
DBS,NON-PERFORMING ASSETS AND LOSS ALLOWANCE COVERAGE,11,FS_NPA_BY_INDUSTRY,2,9,by_industry::total_non_performing_loans,Total non-performing loans,By industry > Total non-performing loans,Performance_summary,
DBS,NON-PERFORMING ASSETS AND LOSS ALLOWANCE COVERAGE,11,FS_NPA_BY_INDUSTRY,2,10,by_industry::debt_securities_contingent_liabilities_and_others,"Debt securities, contingent liabilities & others","By industry > Debt securities, contingent liabilities & others",Performance_summary,
DBS,NON-PERFORMING ASSETS AND LOSS ALLOWANCE COVERAGE,11,FS_NPA_BY_INDUSTRY,2,11,by_industry::total_non_performing_assets_npa,Total non-performing assets (NPA),By industry > Total non-performing assets (NPA),Performance_summary,
DBS,NON-PERFORMING ASSETS AND LOSS ALLOWANCE COVERAGE,11,FS_NPA_BY_LOAN_GRADING,3,1,by_loan_grading::non_performing_assets::substandard,Substandard,By loan grading > Non-performing assets > Substandard,Performance_summary,also printed in: DBS_2Q26_performance_summary
DBS,NON-PERFORMING ASSETS AND LOSS ALLOWANCE COVERAGE,11,FS_NPA_BY_LOAN_GRADING,3,2,by_loan_grading::non_performing_assets::doubtful,Doubtful,By loan grading > Non-performing assets > Doubtful,Performance_summary,
DBS,NON-PERFORMING ASSETS AND LOSS ALLOWANCE COVERAGE,11,FS_NPA_BY_LOAN_GRADING,3,3,by_loan_grading::non_performing_assets::loss,Loss,By loan grading > Non-performing assets > Loss,Performance_summary,
DBS,NON-PERFORMING ASSETS AND LOSS ALLOWANCE COVERAGE,11,FS_NPA_BY_LOAN_GRADING,3,4,by_loan_grading::total,Total,By loan grading > Total,Performance_summary,
DBS,NON-PERFORMING ASSETS AND LOSS ALLOWANCE COVERAGE,11,FS_NPA_BY_LOAN_GRADING,3,5,by_loan_grading::of_which_restructured_assets::substandard,Substandard,By loan grading > Of which: restructured assets > Substandard,Performance_summary,
DBS,NON-PERFORMING ASSETS AND LOSS ALLOWANCE COVERAGE,11,FS_NPA_BY_LOAN_GRADING,3,6,by_loan_grading::of_which_restructured_assets::doubtful,Doubtful,By loan grading > Of which: restructured assets > Doubtful,Performance_summary,
DBS,NON-PERFORMING ASSETS AND LOSS ALLOWANCE COVERAGE,11,FS_NPA_BY_LOAN_GRADING,3,7,by_loan_grading::of_which_restructured_assets::loss,Loss,By loan grading > Of which: restructured assets > Loss,Performance_summary,
DBS,NON-PERFORMING ASSETS AND LOSS ALLOWANCE COVERAGE,11,FS_NPA_BY_PERIOD_OVERDUE,4,1,not_overdue,Not overdue,Not overdue,Performance_summary,also printed in: DBS_2Q26_performance_summary
DBS,NON-PERFORMING ASSETS AND LOSS ALLOWANCE COVERAGE,11,FS_NPA_BY_PERIOD_OVERDUE,4,2,within_90_days,Within 90 days,Within 90 days,Performance_summary,
DBS,NON-PERFORMING ASSETS AND LOSS ALLOWANCE COVERAGE,11,FS_NPA_BY_PERIOD_OVERDUE,4,3,over_90_to_180_days,Over 90 to180 days,Over 90 to180 days,Performance_summary,added missing underscore between 'to' and '180'
DBS,NON-PERFORMING ASSETS AND LOSS ALLOWANCE COVERAGE,11,FS_NPA_BY_PERIOD_OVERDUE,4,4,over_180_days,Over 180 days,Over 180 days,Performance_summary,
DBS,NON-PERFORMING ASSETS AND LOSS ALLOWANCE COVERAGE,11,FS_NPA_BY_PERIOD_OVERDUE,4,5,total,Total,Total,Performance_summary,
DBS,NON-PERFORMING ASSETS AND LOSS ALLOWANCE COVERAGE,11,FS_NPA_COVERAGE,5,1,by_business_unit::consumer_banking_wealth_management,Consumer Banking/ Wealth Management,By business unit > Consumer Banking/ Wealth Management,Performance_summary,
DBS,NON-PERFORMING ASSETS AND LOSS ALLOWANCE COVERAGE,11,FS_NPA_COVERAGE,5,2,by_business_unit::institutional_banking_and_others,Institutional Banking and Others,By business unit > Institutional Banking and Others,Performance_summary,
DBS,NON-PERFORMING ASSETS AND LOSS ALLOWANCE COVERAGE,11,FS_NPA_COVERAGE,5,3,by_business_unit::total_non_performing_loans_npl,Total non-performing loans (NPL),By business unit > Total non-performing loans (NPL),Performance_summary,
DBS,NON-PERFORMING ASSETS AND LOSS ALLOWANCE COVERAGE,11,FS_NPA_COVERAGE,5,4,by_business_unit::debt_securities_contingent_liabilities_and_others,"Debt securities, contingent liabilities & others","By business unit > Debt securities, contingent liabilities & others",Performance_summary,
DBS,NON-PERFORMING ASSETS AND LOSS ALLOWANCE COVERAGE,11,FS_NPA_COVERAGE,5,5,by_business_unit::total_non_performing_assets_npa,Total non-performing assets (NPA),By business unit > Total non-performing assets (NPA),Performance_summary,
DBS,NON-PERFORMING ASSETS AND LOSS ALLOWANCE COVERAGE,11,FS_NPA_COVERAGE,5,6,by_geography::singapore,Singapore,By geography¹ > Singapore,Performance_summary,
DBS,NON-PERFORMING ASSETS AND LOSS ALLOWANCE COVERAGE,11,FS_NPA_COVERAGE,5,7,by_geography::hong_kong,Hong Kong,By geography¹ > Hong Kong,Performance_summary,
DBS,NON-PERFORMING ASSETS AND LOSS ALLOWANCE COVERAGE,11,FS_NPA_COVERAGE,5,8,by_geography::rest_of_greater_china,Rest of Greater China,By geography¹ > Rest of Greater China,Performance_summary,
DBS,NON-PERFORMING ASSETS AND LOSS ALLOWANCE COVERAGE,11,FS_NPA_COVERAGE,5,9,by_geography::south_and_southeast_asia,South and Southeast Asia,By geography¹ > South and Southeast Asia,Performance_summary,
DBS,NON-PERFORMING ASSETS AND LOSS ALLOWANCE COVERAGE,11,FS_NPA_COVERAGE,5,10,by_geography::rest_of_the_world,Rest of the World,By geography¹ > Rest of the World,Performance_summary,
DBS,NON-PERFORMING ASSETS AND LOSS ALLOWANCE COVERAGE,11,FS_NPA_COVERAGE,5,11,by_geography::total_non_performing_loans_npl,Total non-performing loans (NPL),By geography¹ > Total non-performing loans (NPL),Performance_summary,
DBS,NON-PERFORMING ASSETS AND LOSS ALLOWANCE COVERAGE,11,FS_NPA_COVERAGE,5,12,by_geography::debt_securities_contingent_liabilities_and_others,"Debt securities, contingent liabilities & others","By geography¹ > Debt securities, contingent liabilities & others",Performance_summary,
DBS,NON-PERFORMING ASSETS AND LOSS ALLOWANCE COVERAGE,11,FS_NPA_COVERAGE,5,13,by_geography::total_non_performing_assets_npa,Total non-performing assets (NPA),By geography¹ > Total non-performing assets (NPA),Performance_summary,
DBS,NON-PERFORMING ASSETS AND LOSS ALLOWANCE COVERAGE,11,FS_NPA_COVERAGE,5,14,loss_allowance_coverage::ecl_stage_3_sp,ECL Stage 3 (SP),Loss Allowance Coverage > ECL Stage 3 (SP),Performance_summary,
DBS,NON-PERFORMING ASSETS AND LOSS ALLOWANCE COVERAGE,11,FS_NPA_COVERAGE,5,15,loss_allowance_coverage::ecl_stage_1_and_2_gp,ECL Stage 1 and 2 (GP),Loss Allowance Coverage > ECL Stage 1 and 2 (GP),Performance_summary,
DBS,NON-PERFORMING ASSETS AND LOSS ALLOWANCE COVERAGE,11,FS_NPA_COVERAGE,5,16,loss_allowance_coverage::total_allowances,Total allowances,Loss Allowance Coverage > Total allowances,Performance_summary,
DBS,NON-PERFORMING ASSETS AND LOSS ALLOWANCE COVERAGE,11,FS_NPA_COVERAGE,5,17,loss_allowance_coverage::total_allowances_npa,Total allowances/ NPA,Loss Allowance Coverage > Total allowances/ NPA,Performance_summary,
DBS,NON-PERFORMING ASSETS AND LOSS ALLOWANCE COVERAGE,11,FS_NPA_COVERAGE,5,18,loss_allowance_coverage::total_allowances_unsecured_npa,Total allowances/ unsecured NPA,Loss Allowance Coverage > Total allowances/ unsecured NPA,Performance_summary,
DBS,CUSTOMER DEPOSITS,12,FS_CUSTOMER_DEPOSITS,1,1,by_currency_and_product::singapore_dollar,Singapore dollar,By currency and product > Singapore dollar,Performance_summary,also printed in: DBS_2Q26_performance_summary
DBS,CUSTOMER DEPOSITS,12,FS_CUSTOMER_DEPOSITS,1,2,by_currency_and_product::singapore_dollar::fixed_deposits,Fixed deposits,By currency and product > Singapore dollar > Fixed deposits,Performance_summary,
DBS,CUSTOMER DEPOSITS,12,FS_CUSTOMER_DEPOSITS,1,3,by_currency_and_product::singapore_dollar::savings_accounts,Savings accounts,By currency and product > Singapore dollar > Savings accounts,Performance_summary,
DBS,CUSTOMER DEPOSITS,12,FS_CUSTOMER_DEPOSITS,1,4,by_currency_and_product::singapore_dollar::current_accounts,Current accounts,By currency and product > Singapore dollar > Current accounts,Performance_summary,
DBS,CUSTOMER DEPOSITS,12,FS_CUSTOMER_DEPOSITS,1,5,by_currency_and_product::singapore_dollar::others,Others,By currency and product > Singapore dollar > Others,Performance_summary,
DBS,CUSTOMER DEPOSITS,12,FS_CUSTOMER_DEPOSITS,1,6,by_currency_and_product::us_dollar,US dollar,By currency and product > US dollar,Performance_summary,
DBS,CUSTOMER DEPOSITS,12,FS_CUSTOMER_DEPOSITS,1,7,by_currency_and_product::us_dollar::fixed_deposits,Fixed deposits,By currency and product > US dollar > Fixed deposits,Performance_summary,
DBS,CUSTOMER DEPOSITS,12,FS_CUSTOMER_DEPOSITS,1,8,by_currency_and_product::us_dollar::savings_accounts,Savings accounts,By currency and product > US dollar > Savings accounts,Performance_summary,
DBS,CUSTOMER DEPOSITS,12,FS_CUSTOMER_DEPOSITS,1,9,by_currency_and_product::us_dollar::current_accounts,Current accounts,By currency and product > US dollar > Current accounts,Performance_summary,
DBS,CUSTOMER DEPOSITS,12,FS_CUSTOMER_DEPOSITS,1,10,by_currency_and_product::us_dollar::others,Others,By currency and product > US dollar > Others,Performance_summary,
DBS,CUSTOMER DEPOSITS,12,FS_CUSTOMER_DEPOSITS,1,11,by_currency_and_product::hong_kong_dollar,Hong Kong dollar,By currency and product > Hong Kong dollar,Performance_summary,
DBS,CUSTOMER DEPOSITS,12,FS_CUSTOMER_DEPOSITS,1,12,by_currency_and_product::hong_kong_dollar::fixed_deposits,Fixed deposits,By currency and product > Hong Kong dollar > Fixed deposits,Performance_summary,
DBS,CUSTOMER DEPOSITS,12,FS_CUSTOMER_DEPOSITS,1,13,by_currency_and_product::hong_kong_dollar::savings_accounts,Savings accounts,By currency and product > Hong Kong dollar > Savings accounts,Performance_summary,
DBS,CUSTOMER DEPOSITS,12,FS_CUSTOMER_DEPOSITS,1,14,by_currency_and_product::hong_kong_dollar::current_accounts,Current accounts,By currency and product > Hong Kong dollar > Current accounts,Performance_summary,
DBS,CUSTOMER DEPOSITS,12,FS_CUSTOMER_DEPOSITS,1,15,by_currency_and_product::hong_kong_dollar::others,Others,By currency and product > Hong Kong dollar > Others,Performance_summary,
DBS,CUSTOMER DEPOSITS,12,FS_CUSTOMER_DEPOSITS,1,16,by_currency_and_product::taiwan_dollar,Taiwan dollar,By currency and product > Taiwan dollar,Performance_summary,
DBS,CUSTOMER DEPOSITS,12,FS_CUSTOMER_DEPOSITS,1,17,by_currency_and_product::taiwan_dollar::fixed_deposits,Fixed deposits,By currency and product > Taiwan dollar > Fixed deposits,Performance_summary,
DBS,CUSTOMER DEPOSITS,12,FS_CUSTOMER_DEPOSITS,1,18,by_currency_and_product::taiwan_dollar::savings_accounts,Savings accounts,By currency and product > Taiwan dollar > Savings accounts,Performance_summary,
DBS,CUSTOMER DEPOSITS,12,FS_CUSTOMER_DEPOSITS,1,19,by_currency_and_product::taiwan_dollar::current_accounts,Current accounts,By currency and product > Taiwan dollar > Current accounts,Performance_summary,
DBS,CUSTOMER DEPOSITS,12,FS_CUSTOMER_DEPOSITS,1,20,by_currency_and_product::taiwan_dollar::others,Others,By currency and product > Taiwan dollar > Others,Performance_summary,
DBS,CUSTOMER DEPOSITS,12,FS_CUSTOMER_DEPOSITS,1,21,by_currency_and_product::chinese_yuan,Chinese yuan,By currency and product > Chinese yuan,Performance_summary,
DBS,CUSTOMER DEPOSITS,12,FS_CUSTOMER_DEPOSITS,1,22,by_currency_and_product::chinese_yuan::fixed_deposits,Fixed deposits,By currency and product > Chinese yuan > Fixed deposits,Performance_summary,
DBS,CUSTOMER DEPOSITS,12,FS_CUSTOMER_DEPOSITS,1,23,by_currency_and_product::chinese_yuan::savings_accounts,Savings accounts,By currency and product > Chinese yuan > Savings accounts,Performance_summary,
DBS,CUSTOMER DEPOSITS,12,FS_CUSTOMER_DEPOSITS,1,24,by_currency_and_product::chinese_yuan::current_accounts,Current accounts,By currency and product > Chinese yuan > Current accounts,Performance_summary,
DBS,CUSTOMER DEPOSITS,12,FS_CUSTOMER_DEPOSITS,1,25,by_currency_and_product::chinese_yuan::others,Others,By currency and product > Chinese yuan > Others,Performance_summary,
DBS,CUSTOMER DEPOSITS,12,FS_CUSTOMER_DEPOSITS,1,26,by_currency_and_product::others,Others,By currency and product > Others,Performance_summary,
DBS,CUSTOMER DEPOSITS,12,FS_CUSTOMER_DEPOSITS,1,27,by_currency_and_product::others::fixed_deposits,Fixed deposits,By currency and product > Others > Fixed deposits,Performance_summary,
DBS,CUSTOMER DEPOSITS,12,FS_CUSTOMER_DEPOSITS,1,28,by_currency_and_product::others::savings_accounts,Savings accounts,By currency and product > Others > Savings accounts,Performance_summary,
DBS,CUSTOMER DEPOSITS,12,FS_CUSTOMER_DEPOSITS,1,29,by_currency_and_product::others::current_accounts,Current accounts,By currency and product > Others > Current accounts,Performance_summary,
DBS,CUSTOMER DEPOSITS,12,FS_CUSTOMER_DEPOSITS,1,30,by_currency_and_product::total,Total,By currency and product > Total,Performance_summary,
DBS,CUSTOMER DEPOSITS,12,FS_CUSTOMER_DEPOSITS,1,31,by_currency_and_product::others,Others,By currency and product > Others > Others,Performance_summary,
DBS,DEBTS ISSUED,13,FS_DEBTS_ISSUED,1,1,subordinated_term_debts,Subordinated term debts¹,Subordinated term debts¹,Performance_summary,also printed in: DBS_2Q26_performance_summary
DBS,DEBTS ISSUED,13,FS_DEBTS_ISSUED,1,2,negotiable_certificates_of_deposit,Negotiable certificates of deposit¹,Negotiable certificates of deposit¹,Performance_summary,
DBS,DEBTS ISSUED,13,FS_DEBTS_ISSUED,1,3,senior_medium_term_notes,Senior medium term notes¹,Senior medium term notes¹,Performance_summary,
DBS,DEBTS ISSUED,13,FS_DEBTS_ISSUED,1,4,commercial_papers,Commercial papers¹,Commercial papers¹,Performance_summary,
DBS,DEBTS ISSUED,13,FS_DEBTS_ISSUED,1,5,covered_bonds_and_other_secured_notes,Covered bonds and other secured notes²,Covered bonds and other secured notes²,Performance_summary,
DBS,DEBTS ISSUED,13,FS_DEBTS_ISSUED,1,6,other_debt_securities,Other debt securities¹,Other debt securities¹,Performance_summary,
DBS,DEBTS ISSUED,13,FS_DEBTS_ISSUED,1,7,total,Total,Total,Performance_summary,
DBS,DEBTS ISSUED,13,FS_DEBTS_ISSUED,1,8,due_within_1_year,Due within 1 year,Due within 1 year,Performance_summary,
DBS,DEBTS ISSUED,13,FS_DEBTS_ISSUED,1,9,due_after_1_year,Due after 1 year³,Due after 1 year³,Performance_summary,
DBS,CAPITAL ADEQUACY,14,FS_CAPITAL_ADEQUACY,1,1,common_equity_tier_1_cet_1,Common Equity Tier 1 (CET-1),Common Equity Tier 1 (CET-1),Performance_summary,also printed in: DBS_2Q26_performance_summary
DBS,CAPITAL ADEQUACY,14,FS_CAPITAL_ADEQUACY,1,2,tier_1,Tier 1,Tier 1,Performance_summary,restored '_1' — was truncated by footnote-digit strip
DBS,CAPITAL ADEQUACY,14,FS_CAPITAL_ADEQUACY,1,3,total,Total,Total,Performance_summary,
DBS,CAPITAL ADEQUACY,14,FS_CAPITAL_ADEQUACY,1,4,fully_phased_in_cet_1,Fully phased-in CET-1¹,Fully phased-in CET-1¹,Performance_summary,restored '_1'
DBS,CAPITAL ADEQUACY,14,FS_CAPITAL_MINIMUM_REQUIREMENTS,2,1,cet_1,CET-1,CET-1,Performance_summary,also printed in: DBS_2Q26_performance_summary | restored '_1'
DBS,CAPITAL ADEQUACY,14,FS_CAPITAL_MINIMUM_REQUIREMENTS,2,2,effective_tier_1,Effective Tier 1,Effective Tier 1,Performance_summary,restored '_1'
DBS,CAPITAL ADEQUACY,14,FS_CAPITAL_MINIMUM_REQUIREMENTS,2,3,effective_total,Effective Total,Effective Total,Performance_summary,
DBS,CAPITAL ADEQUACY,14,FS_CAPITAL_MINIMUM_REQUIREMENTS,2,4,of_which_buffer_requirements::capital_conservation_buffer,Capital Conservation Buffer,Of which: Buffer Requirements (%) > Capital Conservation Buffer,Performance_summary,
DBS,CAPITAL ADEQUACY,14,FS_CAPITAL_MINIMUM_REQUIREMENTS,2,5,of_which_buffer_requirements::countercyclical_capital_buffer,Countercyclical Capital Buffer,Of which: Buffer Requirements (%) > Countercyclical Capital Buffer,Performance_summary,
DBS,AUDITED CONSOLIDATED INCOME STATEMENT,15,FS_INCOME_CONSOLIDATED,1,1,interest_and_similar_income,Interest and similar income,Income > Interest and similar income,Performance_summary,also printed in: DBS_2Q26_performance_summary
DBS,AUDITED CONSOLIDATED INCOME STATEMENT,15,FS_INCOME_CONSOLIDATED,1,2,interest_expense,Interest expense,Income > Interest expense,Performance_summary,
DBS,AUDITED CONSOLIDATED INCOME STATEMENT,15,FS_INCOME_CONSOLIDATED,1,3,net_interest_income,Net interest income,Income > Net interest income,Performance_summary,
DBS,AUDITED CONSOLIDATED INCOME STATEMENT,15,FS_INCOME_CONSOLIDATED,1,4,net_fee_and_commission_income,Net fee and commission income,Income > Net fee and commission income,Performance_summary,
DBS,AUDITED CONSOLIDATED INCOME STATEMENT,15,FS_INCOME_CONSOLIDATED,1,5,net_trading_income,Net trading income,Income > Net trading income,Performance_summary,
DBS,AUDITED CONSOLIDATED INCOME STATEMENT,15,FS_INCOME_CONSOLIDATED,1,6,net_income_from_investment_securities,Net income from investment securities,Income > Net income from investment securities,Performance_summary,
DBS,AUDITED CONSOLIDATED INCOME STATEMENT,15,FS_INCOME_CONSOLIDATED,1,7,other_income,Other income,Income > Other income,Performance_summary,
DBS,AUDITED CONSOLIDATED INCOME STATEMENT,15,FS_INCOME_CONSOLIDATED,1,8,non_interest_income,Non-interest income,Income > Non-interest income,Performance_summary,
DBS,AUDITED CONSOLIDATED INCOME STATEMENT,15,FS_INCOME_CONSOLIDATED,1,9,total_income,Total income,Income > Total income,Performance_summary,
DBS,AUDITED CONSOLIDATED INCOME STATEMENT,15,FS_INCOME_CONSOLIDATED,1,10,employee_benefits,Employee benefits,Total income > Employee benefits,Performance_summary,"ANCESTRY FIX: was under total_income parent, actually flat expense line"
DBS,AUDITED CONSOLIDATED INCOME STATEMENT,15,FS_INCOME_CONSOLIDATED,1,11,other_expenses,Other expenses,Total income > Other expenses,Performance_summary,ANCESTRY FIX: flat expense line
DBS,AUDITED CONSOLIDATED INCOME STATEMENT,15,FS_INCOME_CONSOLIDATED,1,12,total_expenses,Total expenses,Total income > Total expenses,Performance_summary,ANCESTRY FIX: flat
DBS,AUDITED CONSOLIDATED INCOME STATEMENT,15,FS_INCOME_CONSOLIDATED,1,13,profit_before_allowances_and_amortisation,Profit before allowances and amortisation,Income > Profit before allowances and amortisation,Performance_summary,
DBS,AUDITED CONSOLIDATED INCOME STATEMENT,15,FS_INCOME_CONSOLIDATED,1,14,amortisation_of_intangible_assets,Amortisation of intangible assets,Profit before allowances and amortisation > Amortisation of intangible assets,Performance_summary,"ANCESTRY FIX: flat, not child of profit_before_allowances"
DBS,AUDITED CONSOLIDATED INCOME STATEMENT,15,FS_INCOME_CONSOLIDATED,1,15,allowances_for_credit_and_other_losses,Allowances for credit and other losses,Profit before allowances and amortisation > Allowances for credit and other losses,Performance_summary,ANCESTRY FIX: flat
DBS,AUDITED CONSOLIDATED INCOME STATEMENT,15,FS_INCOME_CONSOLIDATED,1,16,profit_after_allowances_and_amortisation,Profit after allowances and amortisation,Income > Profit after allowances and amortisation,Performance_summary,
DBS,AUDITED CONSOLIDATED INCOME STATEMENT,15,FS_INCOME_CONSOLIDATED,1,17,share_of_profits_losses_of_associates_and_jvs,Share of profits/losses of associates and JVs,Profit before allowances and amortisation > Share of profits/losses of associates and JVs,Performance_summary,ANCESTRY FIX: flat
DBS,AUDITED CONSOLIDATED INCOME STATEMENT,15,FS_INCOME_CONSOLIDATED,1,18,profit_before_tax,Profit before tax,Income > Profit before tax,Performance_summary,
DBS,AUDITED CONSOLIDATED INCOME STATEMENT,15,FS_INCOME_CONSOLIDATED,1,19,income_tax_expense,Income tax expense,Profit before allowances and amortisation > Income tax expense,Performance_summary,ANCESTRY FIX: flat
DBS,AUDITED CONSOLIDATED INCOME STATEMENT,15,FS_INCOME_CONSOLIDATED,1,20,net_profit,Net profit,Income > Net profit,Performance_summary,
DBS,AUDITED CONSOLIDATED INCOME STATEMENT,15,FS_INCOME_CONSOLIDATED,1,21,attributable_to::shareholders,Shareholders,Attributable to: > Shareholders,Performance_summary,ANCESTRY FIX: removed profit_before_allowances_and_amortisation:: prefix
DBS,AUDITED CONSOLIDATED INCOME STATEMENT,15,FS_INCOME_CONSOLIDATED,1,22,attributable_to::non_controlling_interests,Non-controlling interests,Attributable to: > Non-controlling interests,Performance_summary,ANCESTRY FIX: removed profit_before_allowances_and_amortisation:: prefix
DBS,AUDITED CONSOLIDATED STATEMENT OF COMPREHENSIVE INCOME,16,FS_COMPREHENSIVE_INCOME,1,1,net_profit,Net profit,Net profit,Performance_summary,also printed in: DBS_2Q26_performance_summary
DBS,AUDITED CONSOLIDATED STATEMENT OF COMPREHENSIVE INCOME,16,FS_COMPREHENSIVE_INCOME,1,2,other_comprehensive_income::items_that_may_be_reclassified_subsequently_to_income_statement::translation_differences_for_foreign_operations,Translation differences for foreign operations,Other comprehensive income > Items that may be reclassified subsequently to income statement: > Translation differences for foreign operations,Performance_summary,
DBS,AUDITED CONSOLIDATED STATEMENT OF COMPREHENSIVE INCOME,16,FS_COMPREHENSIVE_INCOME,1,3,other_comprehensive_income::items_that_may_be_reclassified_subsequently_to_income_statement::share_of_other_comprehensive_income_of_associates_and_joint_ventures,Share of other comprehensive income of associates and joint ventures,Other comprehensive income > Items that may be reclassified subsequently to income statement: > Share of other comprehensive income of associates and joint ventures,Performance_summary,
DBS,AUDITED CONSOLIDATED STATEMENT OF COMPREHENSIVE INCOME,16,FS_COMPREHENSIVE_INCOME,1,4,other_comprehensive_income::items_that_may_be_reclassified_subsequently_to_income_statement::debt_instruments_at_fair_value_through_other_comprehensive_income::net_valuation_gains_taken_to_equity,Net valuation gains taken to equity,Other comprehensive income > Items that may be reclassified subsequently to income statement: > Debt instruments at fair value through other comprehensive income > Net valuation gains taken to equity,Performance_summary,
DBS,AUDITED CONSOLIDATED STATEMENT OF COMPREHENSIVE INCOME,16,FS_COMPREHENSIVE_INCOME,1,5,other_comprehensive_income::items_that_may_be_reclassified_subsequently_to_income_statement::debt_instruments_at_fair_value_through_other_comprehensive_income::losses_gains_transferred_to_income_statement,Losses/ (gains) transferred to income statement,Other comprehensive income > Items that may be reclassified subsequently to income statement: > Debt instruments at fair value through other comprehensive income > Losses/ (gains) transferred to income statement,Performance_summary,
DBS,AUDITED CONSOLIDATED STATEMENT OF COMPREHENSIVE INCOME,16,FS_COMPREHENSIVE_INCOME,1,6,other_comprehensive_income::items_that_may_be_reclassified_subsequently_to_income_statement::taxation_relating_to_components_of_other_comprehensive_income,Taxation relating to components of other comprehensive income,Other comprehensive income > Items that may be reclassified subsequently to income statement: > Taxation relating to components of other comprehensive income,Performance_summary,
DBS,AUDITED CONSOLIDATED STATEMENT OF COMPREHENSIVE INCOME,16,FS_COMPREHENSIVE_INCOME,1,7,other_comprehensive_income::items_that_may_be_reclassified_subsequently_to_income_statement::cash_flow_hedges::net_valuation_gains_taken_to_equity,Net valuation gains taken to equity,Other comprehensive income > Items that may be reclassified subsequently to income statement: > Cash flow hedges > Net valuation gains taken to equity,Performance_summary,
DBS,AUDITED CONSOLIDATED STATEMENT OF COMPREHENSIVE INCOME,16,FS_COMPREHENSIVE_INCOME,1,8,other_comprehensive_income::items_that_may_be_reclassified_subsequently_to_income_statement::cash_flow_hedges::gains_transferred_to_income_statement,Gains transferred to income statement,Other comprehensive income > Items that may be reclassified subsequently to income statement: > Cash flow hedges > Gains transferred to income statement,Performance_summary,
DBS,AUDITED CONSOLIDATED STATEMENT OF COMPREHENSIVE INCOME,16,FS_COMPREHENSIVE_INCOME,1,9,other_comprehensive_income::items_that_will_not_be_reclassified_to_income_statement::gains_on_equity_instruments_at_fair_value_through_other_comprehensive_income_net_of_tax,Gains on equity instruments at fair value through other comprehensive income (net of tax),Other comprehensive income > Items that will not be reclassified to income statement: > Gains on equity instruments at fair value through other comprehensive income (net of tax),Performance_summary,
DBS,AUDITED CONSOLIDATED STATEMENT OF COMPREHENSIVE INCOME,16,FS_COMPREHENSIVE_INCOME,1,10,other_comprehensive_income::items_that_will_not_be_reclassified_to_income_statement::fair_value_change_from_own_credit_risk_on_financial_liabilities_designated_at_fair_value_net_of_tax,Fair value change from own credit risk on financial liabilities designated at fair value (net of tax),Other comprehensive income > Items that will not be reclassified to income statement: > Fair value change from own credit risk on financial liabilities designated at fair value (net of tax),Performance_summary,
DBS,AUDITED CONSOLIDATED STATEMENT OF COMPREHENSIVE INCOME,16,FS_COMPREHENSIVE_INCOME,1,11,other_comprehensive_income::items_that_will_not_be_reclassified_to_income_statement::defined_benefit_plans_remeasurements_net_of_tax,Defined benefit plans remeasurements (net of tax),Other comprehensive income > Items that will not be reclassified to income statement: > Defined benefit plans remeasurements (net of tax),Performance_summary,
DBS,AUDITED CONSOLIDATED STATEMENT OF COMPREHENSIVE INCOME,16,FS_COMPREHENSIVE_INCOME,1,12,other_comprehensive_income::other_comprehensive_income_net_of_tax,"Other comprehensive income, net of tax","Other comprehensive income > Other comprehensive income, net of tax",Performance_summary,
DBS,AUDITED CONSOLIDATED STATEMENT OF COMPREHENSIVE INCOME,16,FS_COMPREHENSIVE_INCOME,1,13,other_comprehensive_income::total_comprehensive_income,Total comprehensive income,Other comprehensive income > Total comprehensive income,Performance_summary,
DBS,AUDITED CONSOLIDATED STATEMENT OF COMPREHENSIVE INCOME,16,FS_COMPREHENSIVE_INCOME,1,14,total_comprehensive_income::shareholders,Shareholders,Total comprehensive income > Shareholders,Performance_summary,
DBS,AUDITED CONSOLIDATED STATEMENT OF COMPREHENSIVE INCOME,16,FS_COMPREHENSIVE_INCOME,1,15,total_comprehensive_income::non_controlling_interests,Non-controlling interests,Total comprehensive income > Non-controlling interests,Performance_summary,
DBS,AUDITED BALANCE SHEETS,17,FS_BALANCE_CONSOLIDATED,1,1,cash_and_balances_with_central_banks,Cash and balances with central banks,Assets > Cash and balances with central banks,Performance_summary,also printed in: DBS_2Q26_performance_summary
DBS,AUDITED BALANCE SHEETS,17,FS_BALANCE_CONSOLIDATED,1,2,government_securities_and_treasury_bills,Government securities and treasury bills,Assets > Government securities and treasury bills,Performance_summary,
DBS,AUDITED BALANCE SHEETS,17,FS_BALANCE_CONSOLIDATED,1,3,due_from_banks,Due from banks,Assets > Due from banks,Performance_summary,
DBS,AUDITED BALANCE SHEETS,17,FS_BALANCE_CONSOLIDATED,1,4,derivative_assets,Derivative assets,Assets > Derivative assets,Performance_summary,
DBS,AUDITED BALANCE SHEETS,17,FS_BALANCE_CONSOLIDATED,1,5,bank_and_corporate_securities,Bank and corporate securities,Assets > Bank and corporate securities,Performance_summary,
DBS,AUDITED BALANCE SHEETS,17,FS_BALANCE_CONSOLIDATED,1,6,loans_and_advances_to_customers,Loans and advances to customers,Assets > Loans and advances to customers,Performance_summary,
DBS,AUDITED BALANCE SHEETS,17,FS_BALANCE_CONSOLIDATED,1,7,other_assets,Other assets,Assets > Other assets,Performance_summary,
DBS,AUDITED BALANCE SHEETS,17,FS_BALANCE_CONSOLIDATED,1,8,investment_in_subsidiaries,Investment in subsidiaries,Assets > Investment in subsidiaries,Performance_summary,
DBS,AUDITED BALANCE SHEETS,17,FS_BALANCE_CONSOLIDATED,1,9,due_from_subsidiaries,Due from subsidiaries,Assets > Due from subsidiaries,Performance_summary,
DBS,AUDITED BALANCE SHEETS,17,FS_BALANCE_CONSOLIDATED,1,10,associates_and_joint_ventures,Associates and joint ventures,Assets > Associates and joint ventures,Performance_summary,
DBS,AUDITED BALANCE SHEETS,17,FS_BALANCE_CONSOLIDATED,1,11,properties_and_other_fixed_assets,Properties and other fixed assets,Assets > Properties and other fixed assets,Performance_summary,
DBS,AUDITED BALANCE SHEETS,17,FS_BALANCE_CONSOLIDATED,1,12,goodwill_and_intangible_assets,Goodwill and intangible assets,Assets > Goodwill and intangible assets,Performance_summary,
DBS,AUDITED BALANCE SHEETS,17,FS_BALANCE_CONSOLIDATED,1,13,total_assets,Total assets,Assets > Total assets,Performance_summary,
DBS,AUDITED BALANCE SHEETS,17,FS_BALANCE_CONSOLIDATED,1,14,due_to_banks,Due to banks,Liabilities > Due to banks,Performance_summary,
DBS,AUDITED BALANCE SHEETS,17,FS_BALANCE_CONSOLIDATED,1,15,deposits_and_balances_from_customers,Deposits and balances from customers,Liabilities > Deposits and balances from customers,Performance_summary,
DBS,AUDITED BALANCE SHEETS,17,FS_BALANCE_CONSOLIDATED,1,16,derivative_liabilities,Derivative liabilities,Liabilities > Derivative liabilities,Performance_summary,
DBS,AUDITED BALANCE SHEETS,17,FS_BALANCE_CONSOLIDATED,1,17,other_liabilities,Other liabilities,Liabilities > Other liabilities,Performance_summary,
DBS,AUDITED BALANCE SHEETS,17,FS_BALANCE_CONSOLIDATED,1,18,due_to_subsidiaries,Due to subsidiaries,Liabilities > Due to subsidiaries,Performance_summary,
DBS,AUDITED BALANCE SHEETS,17,FS_BALANCE_CONSOLIDATED,1,19,other_debt_securities,Other debt securities,Liabilities > Other debt securities,Performance_summary,
DBS,AUDITED BALANCE SHEETS,17,FS_BALANCE_CONSOLIDATED,1,20,subordinated_term_debts,Subordinated term debts,Liabilities > Subordinated term debts,Performance_summary,
DBS,AUDITED BALANCE SHEETS,17,FS_BALANCE_CONSOLIDATED,1,21,total_liabilities,Total liabilities,Liabilities > Total liabilities,Performance_summary,
DBS,AUDITED BALANCE SHEETS,17,FS_BALANCE_CONSOLIDATED,1,22,net_assets,Net assets,Liabilities > Net assets,Performance_summary,
DBS,AUDITED BALANCE SHEETS,17,FS_BALANCE_CONSOLIDATED,1,23,share_capital,Share capital,Equity > Share capital,Performance_summary,
DBS,AUDITED BALANCE SHEETS,17,FS_BALANCE_CONSOLIDATED,1,24,other_equity_instruments,Other equity instruments,Equity > Other equity instruments,Performance_summary,
DBS,AUDITED BALANCE SHEETS,17,FS_BALANCE_CONSOLIDATED,1,25,other_reserves,Other reserves,Equity > Other reserves,Performance_summary,
DBS,AUDITED BALANCE SHEETS,17,FS_BALANCE_CONSOLIDATED,1,26,revenue_reserves,Revenue reserves,Equity > Revenue reserves,Performance_summary,
DBS,AUDITED BALANCE SHEETS,17,FS_BALANCE_CONSOLIDATED,1,27,shareholders_funds,Shareholders' funds,Equity > Shareholders' funds,Performance_summary,
DBS,AUDITED BALANCE SHEETS,17,FS_BALANCE_CONSOLIDATED,1,28,non_controlling_interests,Non-controlling interests,Equity > Non-controlling interests,Performance_summary,"ANCESTRY FIX: NCI is sibling of Revenue reserves, not child"
DBS,AUDITED BALANCE SHEETS,17,FS_BALANCE_CONSOLIDATED,1,29,total_equity,Total equity,Equity > Total equity,Performance_summary,
DBS,AUDITED BALANCE SHEETS,17,FS_BALANCE_CONSOLIDATED,1,30,net_book_value_per_share,Net book value per share ($),Other Information > Net book value per share ($),Performance_summary,
DBS,AUDITED BALANCE SHEETS,17,FS_BALANCE_CONSOLIDATED,1,31,non_controlling_interests,Non-controlling interests,Equity > Revenue reserves > Non-controlling interests,Performance_summary,"flat id: the extractor nested this under Revenue reserves, but Total equity = Shareholders' funds + NCI, so it is a sibling"
DBS,AUDITED CONSOLIDATED STATEMENT OF CHANGES IN EQUITY,18,FS_EQUITY_CHANGES_GROUP,1,1,balance_at_1_january,Balance at 1 January 2024,Balance at 1 January 2024,Performance_summary,also printed in: DBS_2Q26_performance_summary
DBS,AUDITED CONSOLIDATED STATEMENT OF CHANGES IN EQUITY,18,FS_EQUITY_CHANGES_GROUP,1,2,purchase_of_treasury_shares,Purchase of treasury shares,Purchase of treasury shares,Performance_summary,DATE PARENT FIX: movement row flattened
DBS,AUDITED CONSOLIDATED STATEMENT OF CHANGES IN EQUITY,18,FS_EQUITY_CHANGES_GROUP,1,3,draw_down_of_share_plan_reserves_upon_vesting_of_performance_shares,Draw-down of share plan reserves upon vesting of performance shares,Draw-down of share plan reserves upon vesting of performance shares,Performance_summary,DATE PARENT FIX: movement row flattened
DBS,AUDITED CONSOLIDATED STATEMENT OF CHANGES IN EQUITY,18,FS_EQUITY_CHANGES_GROUP,1,4,cost_of_share_based_payments,Cost of share-based payments,Cost of share-based payments,Performance_summary,DATE PARENT FIX: movement row flattened
DBS,AUDITED CONSOLIDATED STATEMENT OF CHANGES IN EQUITY,18,FS_EQUITY_CHANGES_GROUP,1,5,dividends_to_shareholders,Dividends to shareholders¹,Dividends to shareholders¹,Performance_summary,DATE PARENT FIX: movement row flattened
DBS,AUDITED CONSOLIDATED STATEMENT OF CHANGES IN EQUITY,18,FS_EQUITY_CHANGES_GROUP,1,6,change_in_non_controlling_interests,Change in non-controlling interests,Change in non-controlling interests,Performance_summary,DATE PARENT FIX: movement row flattened
DBS,AUDITED CONSOLIDATED STATEMENT OF CHANGES IN EQUITY,18,FS_EQUITY_CHANGES_GROUP,1,7,other_movements,Other movements,Other movements,Performance_summary,DATE PARENT FIX: movement row flattened
DBS,AUDITED CONSOLIDATED STATEMENT OF CHANGES IN EQUITY,18,FS_EQUITY_CHANGES_GROUP,1,8,net_profit,Net profit,Net profit,Performance_summary,DATE PARENT FIX: movement row flattened
DBS,AUDITED CONSOLIDATED STATEMENT OF CHANGES IN EQUITY,18,FS_EQUITY_CHANGES_GROUP,1,9,other_comprehensive_income,Other comprehensive income,Other comprehensive income,Performance_summary,DATE PARENT FIX: movement row flattened
DBS,AUDITED CONSOLIDATED STATEMENT OF CHANGES IN EQUITY,18,FS_EQUITY_CHANGES_GROUP,1,10,balance_at_31_december,Balance at 31 December 2024,Balance at 31 December 2024,Performance_summary,
DBS,AUDITED CONSOLIDATED STATEMENT OF CHANGES IN EQUITY,18,FS_EQUITY_CHANGES_GROUP,1,11,redemption_of_perpetual_capital_securities,Redemption of perpetual capital securities,Balance at 1 January 2025 > Redemption of perpetual capital securities,Performance_summary,
DBS,AUDITED CONSOLIDATED STATEMENT OF CHANGES IN EQUITY,18,FS_EQUITY_CHANGES_GROUP,1,12,redemption_of_perpetual_capital_securities,Redemption of perpetual capital securities,Balance at 1 July 2025 > Redemption of perpetual capital securities,Performance_summary,half-year statement prints the same movement under the 1 July opening balance
DBS,AUDITED CONSOLIDATED STATEMENT OF CHANGES IN EQUITY,18,FS_EQUITY_CHANGES_GROUP,1,13,shares_repurchased_and_cancelled,Shares repurchased and cancelled,Balance at 1 January 2025 > Shares repurchased and cancelled,Performance_summary,
DBS,AUDITED CONSOLIDATED STATEMENT OF CHANGES IN EQUITY,18,FS_EQUITY_CHANGES_GROUP,1,14,shares_repurchased_and_cancelled,Shares repurchased and cancelled,Balance at 1 July 2025 > Shares repurchased and cancelled,Performance_summary,
DBS,AUDITED CONSOLIDATED STATEMENT OF CHANGES IN EQUITY,18,FS_EQUITY_CHANGES_GROUP,1,15,balance_at_1_july,Balance at 1 July 2024,Balance at 1 July 2024,Performance_summary,"opening balance of the HALF-YEAR statement; day+month is identity, the year is period"
DBS,AUDITED STATEMENT OF CHANGES IN EQUITY,19,FS_EQUITY_CHANGES_COMPANY,1,1,balance_at_1_january,Balance at 1 January 2024,Balance at 1 January 2024,Performance_summary,also printed in: DBS_2Q26_performance_summary
DBS,AUDITED STATEMENT OF CHANGES IN EQUITY,19,FS_EQUITY_CHANGES_COMPANY,1,2,purchase_of_treasury_shares,Purchase of treasury shares,Purchase of treasury shares,Performance_summary,"DATE PARENT FIX: movement row is sibling of opening balance, not child"
DBS,AUDITED STATEMENT OF CHANGES IN EQUITY,19,FS_EQUITY_CHANGES_COMPANY,1,3,transfer_of_treasury_shares,Transfer of treasury shares,Transfer of treasury shares,Performance_summary,DATE PARENT FIX: movement row flattened
DBS,AUDITED STATEMENT OF CHANGES IN EQUITY,19,FS_EQUITY_CHANGES_COMPANY,1,4,draw_down_of_share_plan_reserves_upon_vesting_of_performance_shares,Draw-down of share plan reserves upon vesting of performance shares,Draw-down of share plan reserves upon vesting of performance shares,Performance_summary,DATE PARENT FIX: movement row flattened
DBS,AUDITED STATEMENT OF CHANGES IN EQUITY,19,FS_EQUITY_CHANGES_COMPANY,1,5,cost_of_share_based_payments,Cost of share-based payments,Cost of share-based payments,Performance_summary,DATE PARENT FIX: movement row flattened
DBS,AUDITED STATEMENT OF CHANGES IN EQUITY,19,FS_EQUITY_CHANGES_COMPANY,1,6,dividends_to_shareholders,Dividends to shareholders1,Dividends to shareholders1,Performance_summary,DATE PARENT FIX: movement row flattened
DBS,AUDITED STATEMENT OF CHANGES IN EQUITY,19,FS_EQUITY_CHANGES_COMPANY,1,7,net_profit,Net profit,Net profit,Performance_summary,DATE PARENT FIX: movement row flattened
DBS,AUDITED STATEMENT OF CHANGES IN EQUITY,19,FS_EQUITY_CHANGES_COMPANY,1,8,other_comprehensive_income,Other comprehensive income,Other comprehensive income,Performance_summary,DATE PARENT FIX: movement row flattened
DBS,AUDITED STATEMENT OF CHANGES IN EQUITY,19,FS_EQUITY_CHANGES_COMPANY,1,9,balance_at_31_december,Balance at 31 December 2024,Balance at 31 December 2024,Performance_summary,
DBS,AUDITED STATEMENT OF CHANGES IN EQUITY,19,FS_EQUITY_CHANGES_COMPANY,1,10,redemption_of_perpetual_capital_securities,Redemption of perpetual capital securities,Balance at 1 January 2025 > Redemption of perpetual capital securities,Performance_summary,
DBS,AUDITED STATEMENT OF CHANGES IN EQUITY,19,FS_EQUITY_CHANGES_COMPANY,1,11,redemption_of_perpetual_capital_securities,Redemption of perpetual capital securities,Redemption of perpetual capital securities,Performance_summary,
DBS,AUDITED STATEMENT OF CHANGES IN EQUITY,19,FS_EQUITY_CHANGES_COMPANY,1,12,shares_repurchased_and_cancelled,Shares repurchased and cancelled,Balance at 1 January 2025 > Shares repurchased and cancelled,Performance_summary,
DBS,AUDITED STATEMENT OF CHANGES IN EQUITY,19,FS_EQUITY_CHANGES_COMPANY,1,13,shares_repurchased_and_cancelled,Shares repurchased and cancelled,Shares repurchased and cancelled,Performance_summary,
DBS,AUDITED STATEMENT OF CHANGES IN EQUITY,19,FS_EQUITY_CHANGES_COMPANY,1,14,balance_at_1_july,Balance at 1 July 2025,Balance at 1 July 2025,Performance_summary,opening balance of the HALF-YEAR statement
DBS,AUDITED CONSOLIDATED CASH FLOW STATEMENT,20,FS_CASHFLOW,1,1,cash_flows_from_operating_activities::profit_before_tax,Profit before tax,Cash flows from operating activities > Profit before tax,Performance_summary,also printed in: DBS_2Q26_performance_summary
DBS,AUDITED CONSOLIDATED CASH FLOW STATEMENT,20,FS_CASHFLOW,1,2,cash_flows_from_operating_activities::adjustments_for_non_cash_and_other_items::allowances_for_credit_and_other_losses,Allowances for credit and other losses,Cash flows from operating activities > Adjustments for non-cash and other items: > Allowances for credit and other losses,Performance_summary,
DBS,AUDITED CONSOLIDATED CASH FLOW STATEMENT,20,FS_CASHFLOW,1,3,cash_flows_from_operating_activities::adjustments_for_non_cash_and_other_items::amortisation_of_intangible_assets,Amortisation of intangible assets,Cash flows from operating activities > Adjustments for non-cash and other items: > Amortisation of intangible assets,Performance_summary,
DBS,AUDITED CONSOLIDATED CASH FLOW STATEMENT,20,FS_CASHFLOW,1,4,cash_flows_from_operating_activities::adjustments_for_non_cash_and_other_items::depreciation_of_properties_and_other_fixed_assets,Depreciation of properties and other fixed assets,Cash flows from operating activities > Adjustments for non-cash and other items: > Depreciation of properties and other fixed assets,Performance_summary,
DBS,AUDITED CONSOLIDATED CASH FLOW STATEMENT,20,FS_CASHFLOW,1,5,cash_flows_from_operating_activities::adjustments_for_non_cash_and_other_items::share_of_profits_or_losses_of_associates_and_joint_ventures,Share of profits or losses of associates and joint ventures,Cash flows from operating activities > Adjustments for non-cash and other items: > Share of profits or losses of associates and joint ventures,Performance_summary,
DBS,AUDITED CONSOLIDATED CASH FLOW STATEMENT,20,FS_CASHFLOW,1,6,cash_flows_from_operating_activities::adjustments_for_non_cash_and_other_items::net_gain_on_disposal_of_interest_in_associates,Net gain on disposal of interest in associates,Cash flows from operating activities > Adjustments for non-cash and other items: > Net gain on disposal of interest in associates,Performance_summary,
DBS,AUDITED CONSOLIDATED CASH FLOW STATEMENT,20,FS_CASHFLOW,1,7,cash_flows_from_operating_activities::adjustments_for_non_cash_and_other_items::net_loss_gain_on_disposal_net_of_write_off_of_properties_and_other_fixed_assets,"Net loss/ (gain) on disposal, net of write-off of properties and other fixed assets","Cash flows from operating activities > Adjustments for non-cash and other items: > Net loss/ (gain) on disposal, net of write-off of properties and other fixed assets",Performance_summary,
DBS,AUDITED CONSOLIDATED CASH FLOW STATEMENT,20,FS_CASHFLOW,1,8,cash_flows_from_operating_activities::adjustments_for_non_cash_and_other_items::net_income_from_investment_securities,Net income from investment securities,Cash flows from operating activities > Adjustments for non-cash and other items: > Net income from investment securities,Performance_summary,
DBS,AUDITED CONSOLIDATED CASH FLOW STATEMENT,20,FS_CASHFLOW,1,9,cash_flows_from_operating_activities::adjustments_for_non_cash_and_other_items::cost_of_share_based_payments,Cost of share-based payments,Cash flows from operating activities > Adjustments for non-cash and other items: > Cost of share-based payments,Performance_summary,
DBS,AUDITED CONSOLIDATED CASH FLOW STATEMENT,20,FS_CASHFLOW,1,10,cash_flows_from_operating_activities::adjustments_for_non_cash_and_other_items::interest_expense_on_subordinated_term_debts,Interest expense on subordinated term debts,Cash flows from operating activities > Adjustments for non-cash and other items: > Interest expense on subordinated term debts,Performance_summary,
DBS,AUDITED CONSOLIDATED CASH FLOW STATEMENT,20,FS_CASHFLOW,1,11,cash_flows_from_operating_activities::adjustments_for_non_cash_and_other_items::interest_expense_on_lease_liabilities,Interest expense on lease liabilities,Cash flows from operating activities > Adjustments for non-cash and other items: > Interest expense on lease liabilities,Performance_summary,
DBS,AUDITED CONSOLIDATED CASH FLOW STATEMENT,20,FS_CASHFLOW,1,12,cash_flows_from_operating_activities::profit_before_changes_in_operating_assets_and_liabilities,Profit before changes in operating assets and liabilities,Cash flows from operating activities > Profit before changes in operating assets and liabilities,Performance_summary,
DBS,AUDITED CONSOLIDATED CASH FLOW STATEMENT,20,FS_CASHFLOW,1,13,cash_flows_from_operating_activities::increase_decrease_in::due_to_banks,Due to banks,Cash flows from operating activities > Increase/ (Decrease) in: > Due to banks,Performance_summary,
DBS,AUDITED CONSOLIDATED CASH FLOW STATEMENT,20,FS_CASHFLOW,1,14,cash_flows_from_operating_activities::increase_decrease_in::deposits_and_balances_from_customers,Deposits and balances from customers,Cash flows from operating activities > Increase/ (Decrease) in: > Deposits and balances from customers,Performance_summary,
DBS,AUDITED CONSOLIDATED CASH FLOW STATEMENT,20,FS_CASHFLOW,1,15,cash_flows_from_operating_activities::increase_decrease_in::derivative_and_other_liabilities,Derivative and other liabilities,Cash flows from operating activities > Increase/ (Decrease) in: > Derivative and other liabilities,Performance_summary,
DBS,AUDITED CONSOLIDATED CASH FLOW STATEMENT,20,FS_CASHFLOW,1,16,cash_flows_from_operating_activities::increase_decrease_in::other_debt_securities_and_borrowings,Other debt securities and borrowings,Cash flows from operating activities > Increase/ (Decrease) in: > Other debt securities and borrowings,Performance_summary,
DBS,AUDITED CONSOLIDATED CASH FLOW STATEMENT,20,FS_CASHFLOW,1,17,cash_flows_from_operating_activities::increase_decrease_in::restricted_balances_with_central_banks,Restricted balances with central banks,Cash flows from operating activities > (Increase) /Decrease in: > Restricted balances with central banks,Performance_summary,
DBS,AUDITED CONSOLIDATED CASH FLOW STATEMENT,20,FS_CASHFLOW,1,18,cash_flows_from_operating_activities::increase_decrease_in::government_securities_and_treasury_bills,Government securities and treasury bills,Cash flows from operating activities > (Increase) /Decrease in: > Government securities and treasury bills,Performance_summary,
DBS,AUDITED CONSOLIDATED CASH FLOW STATEMENT,20,FS_CASHFLOW,1,19,cash_flows_from_operating_activities::increase_decrease_in::due_from_banks,Due from banks,Cash flows from operating activities > (Increase) /Decrease in: > Due from banks,Performance_summary,
DBS,AUDITED CONSOLIDATED CASH FLOW STATEMENT,20,FS_CASHFLOW,1,20,cash_flows_from_operating_activities::increase_decrease_in::bank_and_corporate_securities,Bank and corporate securities,Cash flows from operating activities > (Increase) /Decrease in: > Bank and corporate securities,Performance_summary,
DBS,AUDITED CONSOLIDATED CASH FLOW STATEMENT,20,FS_CASHFLOW,1,21,cash_flows_from_operating_activities::increase_decrease_in::loans_and_advances_to_customers,Loans and advances to customers,Cash flows from operating activities > (Increase) /Decrease in: > Loans and advances to customers,Performance_summary,
DBS,AUDITED CONSOLIDATED CASH FLOW STATEMENT,20,FS_CASHFLOW,1,22,cash_flows_from_operating_activities::increase_decrease_in::derivative_and_other_assets,Derivative and other assets,Cash flows from operating activities > (Increase) /Decrease in: > Derivative and other assets,Performance_summary,
DBS,AUDITED CONSOLIDATED CASH FLOW STATEMENT,20,FS_CASHFLOW,1,23,cash_flows_from_operating_activities::income_taxes_paid,Income taxes paid,Cash flows from operating activities > Income taxes paid,Performance_summary,
DBS,AUDITED CONSOLIDATED CASH FLOW STATEMENT,20,FS_CASHFLOW,1,24,cash_flows_from_operating_activities::net_cash_generated_from_operating_activities,Net cash generated from operating activities (1),Cash flows from operating activities > Net cash generated from operating activities (1),Performance_summary,
DBS,AUDITED CONSOLIDATED CASH FLOW STATEMENT,20,FS_CASHFLOW,1,25,cash_flows_from_investing_activities::dividends_from_associates_and_joint_ventures,Dividends from associates and joint ventures,Cash flows from investing activities > Dividends from associates and joint ventures,Performance_summary,
DBS,AUDITED CONSOLIDATED CASH FLOW STATEMENT,20,FS_CASHFLOW,1,26,cash_flows_from_investing_activities::acquisition_of_interests_in_associates_and_joint_ventures,Acquisition of interests in associates and joint ventures,Cash flows from investing activities > Acquisition of interests in associates and joint ventures,Performance_summary,
DBS,AUDITED CONSOLIDATED CASH FLOW STATEMENT,20,FS_CASHFLOW,1,27,cash_flows_from_investing_activities::return_of_capital_from_associates_and_joint_ventures,Return of capital from associates and joint ventures,Cash flows from investing activities > Return of capital from associates and joint ventures,Performance_summary,
DBS,AUDITED CONSOLIDATED CASH FLOW STATEMENT,20,FS_CASHFLOW,1,28,cash_flows_from_investing_activities::proceeds_from_disposal_of_properties_and_other_fixed_assets,Proceeds from disposal of properties and other fixed assets,Cash flows from investing activities > Proceeds from disposal of properties and other fixed assets,Performance_summary,
DBS,AUDITED CONSOLIDATED CASH FLOW STATEMENT,20,FS_CASHFLOW,1,29,cash_flows_from_investing_activities::proceeds_from_disposal_of_associates,Proceeds from disposal of associates,Cash flows from investing activities > Proceeds from disposal of associates,Performance_summary,
DBS,AUDITED CONSOLIDATED CASH FLOW STATEMENT,20,FS_CASHFLOW,1,30,cash_flows_from_investing_activities::purchase_of_properties_and_other_fixed_assets,Purchase of properties and other fixed assets,Cash flows from investing activities > Purchase of properties and other fixed assets,Performance_summary,
DBS,AUDITED CONSOLIDATED CASH FLOW STATEMENT,20,FS_CASHFLOW,1,31,cash_flows_from_investing_activities::purchase_of_additional_stake_in_a_subsidiary_from_non_controlling_interest,Purchase of additional stake in a subsidiary from non-controlling interest,Cash flows from investing activities > Purchase of additional stake in a subsidiary from non-controlling interest,Performance_summary,
DBS,AUDITED CONSOLIDATED CASH FLOW STATEMENT,20,FS_CASHFLOW,1,32,cash_flows_from_investing_activities::net_cash_used_in_investing_activities,Net cash used in investing activities (2),Cash flows from investing activities > Net cash used in investing activities (2),Performance_summary,
DBS,AUDITED CONSOLIDATED CASH FLOW STATEMENT,20,FS_CASHFLOW,1,33,cash_flows_from_financing_activities::interest_paid_on_subordinated_term_debts,Interest paid on subordinated term debts,Cash flows from financing activities > Interest paid on subordinated term debts,Performance_summary,
DBS,AUDITED CONSOLIDATED CASH FLOW STATEMENT,20,FS_CASHFLOW,1,34,cash_flows_from_financing_activities::purchase_of_treasury_shares,Purchase of treasury shares,Cash flows from financing activities > Purchase of treasury shares,Performance_summary,
DBS,AUDITED CONSOLIDATED CASH FLOW STATEMENT,20,FS_CASHFLOW,1,35,cash_flows_from_financing_activities::dividends_paid_to_shareholders_of_the_company,Dividends paid to shareholders of the Company¹,Cash flows from financing activities > Dividends paid to shareholders of the Company¹,Performance_summary,
DBS,AUDITED CONSOLIDATED CASH FLOW STATEMENT,20,FS_CASHFLOW,1,36,cash_flows_from_financing_activities::repayment_of_lease_liabilities,Repayment of lease liabilities,Cash flows from financing activities > Repayment of lease liabilities,Performance_summary,
DBS,AUDITED CONSOLIDATED CASH FLOW STATEMENT,20,FS_CASHFLOW,1,37,cash_flows_from_financing_activities::redemption_of_perpetual_capital_securities,Redemption of perpetual capital securities,Cash flows from financing activities > Redemption of perpetual capital securities,Performance_summary,
DBS,AUDITED CONSOLIDATED CASH FLOW STATEMENT,20,FS_CASHFLOW,1,38,cash_flows_from_financing_activities::shares_repurchased_and_cancelled,Shares repurchased and cancelled,Cash flows from financing activities > Shares repurchased and cancelled,Performance_summary,
DBS,AUDITED CONSOLIDATED CASH FLOW STATEMENT,20,FS_CASHFLOW,1,39,cash_flows_from_financing_activities::net_cash_used_in_financing_activities,Net cash used in financing activities (3),Cash flows from financing activities > Net cash used in financing activities (3),Performance_summary,
DBS,AUDITED CONSOLIDATED CASH FLOW STATEMENT,20,FS_CASHFLOW,1,40,cash_flows_from_financing_activities::exchange_translation_adjustments,Exchange translation adjustments (4),Cash flows from financing activities > Exchange translation adjustments (4),Performance_summary,
DBS,AUDITED CONSOLIDATED CASH FLOW STATEMENT,20,FS_CASHFLOW,1,41,net_change_in_cash_and_cash_equivalents,Net change in cash and cash equivalents² (1)+(2)+(3)+(4),Net change in cash and cash equivalents² (1)+(2)+(3)+(4),Performance_summary,ANCESTRY FIX: flat reconciliation item; parent stripped '_1_2_3' formula noise
DBS,AUDITED CONSOLIDATED CASH FLOW STATEMENT,20,FS_CASHFLOW,1,42,cash_and_cash_equivalents_at_beginning_of_year,Cash and cash equivalents at beginning of year,Cash and cash equivalents at beginning of year,Performance_summary,"ANCESTRY FIX: flat reconciliation item, not child of net_change"
DBS,AUDITED CONSOLIDATED CASH FLOW STATEMENT,20,FS_CASHFLOW,1,43,cash_and_cash_equivalents_at_end_of_year,Cash and cash equivalents at end of year,Cash and cash equivalents at end of year,Performance_summary,"ANCESTRY FIX: flat reconciliation item, not under financing activities"
DBS,2. Off-balance Sheet Items,21,FS_OFF_BALANCE_SHEET,1,1,contingent_liabilities,Contingent liabilities,Contingent liabilities,Performance_summary,also printed in: DBS_2Q26_performance_summary
DBS,2. Off-balance Sheet Items,21,FS_OFF_BALANCE_SHEET,1,2,commitments,Commitments1,Commitments1,Performance_summary,
DBS,2. Off-balance Sheet Items,21,FS_OFF_BALANCE_SHEET,1,3,financial_derivatives,Financial derivatives,Financial derivatives,Performance_summary,
DBS,Fair Value Hierarchy,22,FS_FAIR_VALUE_HIERARCHY,1,1,assets::financial_assets_at_fvpl::government_securities_and_treasury_bills,- Government securities and treasury bills,Assets > Financial assets at FVPL1 > - Government securities and treasury bills,Performance_summary,also printed in: DBS_2Q26_performance_summary
DBS,Fair Value Hierarchy,22,FS_FAIR_VALUE_HIERARCHY,1,2,assets::financial_assets_at_fvpl::bank_and_corporate_securities,- Bank and corporate securities,Assets > Financial assets at FVPL1 > - Bank and corporate securities,Performance_summary,
DBS,Fair Value Hierarchy,22,FS_FAIR_VALUE_HIERARCHY,1,3,assets::financial_assets_at_fvpl::other_financial_assets,- Other financial assets,Assets > Financial assets at FVPL1 > - Other financial assets,Performance_summary,
DBS,Fair Value Hierarchy,22,FS_FAIR_VALUE_HIERARCHY,1,4,assets::fvoci_financial_assets::government_securities_and_treasury_bills,- Government securities and treasury bills,Assets > FVOCI2 financial assets > - Government securities and treasury bills,Performance_summary,stripped footnote digit '2' from fvoci in id
DBS,Fair Value Hierarchy,22,FS_FAIR_VALUE_HIERARCHY,1,5,assets::fvoci_financial_assets::bank_and_corporate_securities,- Bank and corporate securities,Assets > FVOCI2 financial assets > - Bank and corporate securities,Performance_summary,stripped footnote digit '2' from fvoci
DBS,Fair Value Hierarchy,22,FS_FAIR_VALUE_HIERARCHY,1,6,assets::fvoci_financial_assets::other_financial_assets,- Other financial assets,Assets > FVOCI2 financial assets > - Other financial assets,Performance_summary,stripped footnote digit '2' from fvoci
DBS,Fair Value Hierarchy,22,FS_FAIR_VALUE_HIERARCHY,1,7,assets::derivative_assets,Derivative assets,Assets > Derivative assets,Performance_summary,
DBS,Fair Value Hierarchy,22,FS_FAIR_VALUE_HIERARCHY,1,8,assets::non_financial_assets,Non-financial assets,Assets > Non-financial assets,Performance_summary,
DBS,Fair Value Hierarchy,22,FS_FAIR_VALUE_HIERARCHY,1,9,liabilities::financial_liabilities_at_fvpl::other_debt_securities,- Other debt securities,Liabilities > Financial liabilities at FVPL1 > - Other debt securities,Performance_summary,
DBS,Fair Value Hierarchy,22,FS_FAIR_VALUE_HIERARCHY,1,10,liabilities::financial_liabilities_at_fvpl::other_financial_liabilities,- Other financial liabilities,Liabilities > Financial liabilities at FVPL1 > - Other financial liabilities,Performance_summary,
DBS,Fair Value Hierarchy,22,FS_FAIR_VALUE_HIERARCHY,1,11,liabilities::derivative_liabilities,Derivative liabilities,Liabilities > Derivative liabilities,Performance_summary,
DBS,SHARE CAPITAL,23,FS_SHARE_CAPITAL,1,1,issued_ordinary_shares::balance_at_beginning_of_period,Balance at beginning of period,Issued Ordinary shares > Balance at beginning of period,Performance_summary,also printed in: DBS_2Q26_performance_summary
DBS,SHARE CAPITAL,23,FS_SHARE_CAPITAL,1,2,issued_ordinary_shares::shares_repurchased_and_cancelled,Shares repurchased and cancelled,Issued Ordinary shares > Shares repurchased and cancelled,Performance_summary,
DBS,SHARE CAPITAL,23,FS_SHARE_CAPITAL,1,3,issued_ordinary_shares::issue_of_bonus_shares,Issue of bonus shares,Issued Ordinary shares > Issue of bonus shares,Performance_summary,
DBS,SHARE CAPITAL,23,FS_SHARE_CAPITAL,1,4,issued_ordinary_shares::balance_at_end_of_period,Balance at end of period,Issued Ordinary shares > Balance at end of period,Performance_summary,
DBS,SHARE CAPITAL,23,FS_SHARE_CAPITAL,1,5,treasury_shares::balance_at_beginning_of_period,Balance at beginning of period,Treasury shares > Balance at beginning of period,Performance_summary,
DBS,SHARE CAPITAL,23,FS_SHARE_CAPITAL,1,6,treasury_shares::purchase_of_treasury_shares,Purchase of treasury shares,Treasury shares > Purchase of treasury shares,Performance_summary,
DBS,SHARE CAPITAL,23,FS_SHARE_CAPITAL,1,7,treasury_shares::shares_transferred_pursuant_to_dbsh_share_plan,Shares transferred pursuant to DBSH Share Plan,Treasury shares > Shares transferred pursuant to DBSH Share Plan,Performance_summary,
DBS,SHARE CAPITAL,23,FS_SHARE_CAPITAL,1,8,treasury_shares::balance_at_end_of_period,Balance at end of period,Treasury shares > Balance at end of period,Performance_summary,
DBS,SHARE CAPITAL,23,FS_SHARE_CAPITAL,1,9,treasury_shares::issued_ordinary_shares_net_of_treasury_shares,Issued Ordinary shares net of Treasury shares,Treasury shares > Issued Ordinary shares net of Treasury shares,Performance_summary,
