bank,table,status,detail,G1_ghosts,G2_date_ids,G3_tagged,G3_untagged,G3_coverage,G3_active,G3_printed,G4_suffix,G5_unresolved_nonref
DBS,FS_INCOME_SELECTED,PASS,,0,0,21,0,100%,21,21,0,18
DBS,FS_BALANCE_SELECTED[panel_1],PASS,,0,0,15,0,100%,5,15,0,41
DBS,FS_BALANCE_SELECTED[panel_2],PASS,,0,0,8,0,100%,8,8,0,12
DBS,FS_RATIOS_KEY,PASS,,0,0,12,0,100%,12,12,0,1
DBS,FS_PER_SHARE,PASS,,0,0,5,0,100%,5,5,0,8
DBS,FS_NII_DETAIL,PASS,,0,0,8,0,100%,8,8,0,11
DBS,FS_AVG_BALANCE_SHEET,PASS,,0,0,18,0,100%,9,9,0,0
DBS,FS_VOLUME_RATE[panel_1],PASS,,0,0,11,0,100%,11,11,0,0
DBS,FS_VOLUME_RATE[panel_2],PASS,,0,0,11,0,100%,11,11,0,0
DBS,FS_FEE_DETAIL,PASS,,0,0,8,0,100%,8,8,0,0
DBS,FS_OTHER_NONII_DETAIL,PASS,,0,0,9,0,100%,8,9,0,2
DBS,FS_EXPENSES_DETAIL,PASS,,0,0,8,0,100%,8,8,0,1
DBS,FS_ALLOWANCES_DETAIL,PASS,,0,0,11,0,100%,11,11,0,4
DBS,FS_PERF_BY_SEGMENT,PASS,,0,0,45,0,100%,9,45,0,0
DBS,FS_PERF_BY_GEOGRAPHY,FAIL,G4 suffix-collapsible ids=11,0,0,55,0,100%,22,33,11,0
DBS,FS_CUSTOMER_LOANS,PASS,,0,0,30,0,100%,30,30,0,0
DBS,FS_NPA_COVERAGE[panel_1],PASS,,0,0,18,0,100%,18,18,0,0
DBS,FS_NPA_COVERAGE[by_industry],PASS,,0,0,11,0,100%,11,11,0,62
DBS,FS_NPA_COVERAGE[by_loan_grading],PASS,,0,0,8,0,100%,7,8,0,62
DBS,FS_NPA_COVERAGE[by_collateral_type],PASS,,0,0,6,0,100%,6,6,0,62
DBS,FS_CUSTOMER_DEPOSITS,PASS,,0,0,35,0,100%,30,35,0,37
DBS,FS_DEBTS_ISSUED,PASS,,0,0,10,0,100%,9,10,0,1
DBS,FS_CAPITAL_ADEQUACY,PASS,,0,0,16,0,100%,16,16,0,12
DBS,FS_INCOME_STATUTORY,PASS,,0,0,23,0,100%,23,23,0,0
DBS,FS_COMPREHENSIVE_INCOME,PASS,,0,0,17,0,100%,16,17,0,0
DBS,FS_BALANCE_STATUTORY,PASS,,0,0,30,0,100%,30,30,0,0
DBS,FS_EQUITY_CHANGES_GROUP,PASS,,0,0,21,0,100%,12,11,0,0
DBS,FS_EQUITY_CHANGES_COMPANY,PASS,,0,0,19,0,100%,11,10,0,0
DBS,FS_CASHFLOW,PASS,,0,0,43,0,100%,43,43,0,0
DBS,FS_FAIR_VALUE_HIERARCHY,NO_REFERENCE_TABLE,absent from the reference set,0,0,0,0,-,0,0,0,0
DBS,FS_OFF_BALANCE_SHEET,PASS,,0,0,3,0,100%,3,3,0,0
DBS,FS_SHARE_CAPITAL,PASS,,0,0,9,0,100%,9,9,0,0
OCBC,FS_INCOME_SELECTED,NO_REFERENCE_TABLE,absent from the reference set,0,0,0,0,-,0,0,0,0
OCBC,FS_BALANCE_SELECTED,NO_REFERENCE_TABLE,absent from the reference set,0,0,0,0,-,0,0,0,0
OCBC,FS_RATIOS_KEY,PASS,,0,0,17,0,100%,17,17,0,0
OCBC,FS_AVG_BALANCE_SHEET,PASS,,0,0,9,0,100%,9,9,0,0
OCBC,FS_VOLUME_RATE,PASS,,0,0,33,0,100%,12,11,0,0
OCBC,FS_OTHER_NONII_DETAIL,FAIL,G4 suffix-collapsible ids=6,0,0,61,0,100%,34,27,6,3
OCBC,FS_EXPENSES_DETAIL,PASS,,0,0,33,0,100%,13,9,0,12
OCBC,FS_ALLOWANCES_DETAIL,PASS,,0,0,35,0,100%,16,10,0,0
OCBC,FS_CUSTOMER_LOANS,PASS,,0,0,70,0,100%,33,33,0,0
OCBC,FS_NPA_COVERAGE[panel_1],PASS,,0,0,28,0,100%,7,14,0,0
OCBC,FS_NPA_COVERAGE[by_industry],PASS,,0,0,24,0,100%,24,12,0,21
OCBC,FS_NPA_COVERAGE[by_period_overdue],PASS,,0,0,12,0,100%,12,6,0,21
OCBC,FS_NPA_COVERAGE[panel_4],PASS,,0,0,8,0,100%,4,4,0,21
OCBC,FS_CUSTOMER_DEPOSITS,FAIL,G4 suffix-collapsible ids=2,0,0,47,0,100%,27,20,2,0
OCBC,FS_CAPITAL_ADEQUACY,NO_REFERENCE_TABLE,absent from the reference set,0,0,0,0,-,0,0,0,0
OCBC,FS_PERF_BY_SEGMENT,NO_REFERENCE_TABLE,absent from the reference set,0,0,0,0,-,0,0,0,0
OCBC,FS_ASSET_QUALITY,PASS,,0,0,6,0,100%,3,3,0,4
OCBC,FS_HIGHLIGHTS_COMBINED,PASS,,0,0,10,0,100%,10,10,0,0
OCBC,FS_INCOME_STATUTORY[panel_1],PASS,,0,0,28,0,100%,28,28,0,0
OCBC,FS_INCOME_STATUTORY[panel_2],PASS,,0,0,16,0,100%,16,16,0,0
OCBC,FS_INCOME_STATUTORY[panel_3],PASS,,0,0,16,0,100%,16,16,0,0
OCBC,FS_DIVIDENDS,PASS,,0,0,16,0,100%,16,9,0,0
OCBC,FS_COMPREHENSIVE_INCOME,FAIL,G3 untagged_rows=1 of 18,0,0,17,1,94%,17,18,0,0
OCBC,FS_BALANCE_STATUTORY,PASS,,0,0,45,0,100%,45,45,0,0
OCBC,FS_EQUITY_CHANGES_GROUP,PASS,,0,0,58,0,100%,36,29,0,0
OCBC,FS_EQUITY_CHANGES_COMPANY,PASS,,0,0,26,0,100%,15,13,0,0
OCBC,FS_CASHFLOW,PASS,,0,0,50,0,100%,50,50,0,0
OCBC,FS_NII_DETAIL,PASS,,0,0,9,0,100%,9,9,0,0
OCBC,FS_FEE_DETAIL,PASS,,0,0,13,0,100%,13,13,0,0
OCBC,FS_SHARE_CAPITAL,PASS,,0,0,12,0,100%,12,12,0,0
OCBC,FS_DEBTS_ISSUED,PASS,,0,0,9,0,100%,9,9,0,0
OCBC,FS_PERF_BY_GEOGRAPHY,NO_REFERENCE_TABLE,absent from the reference set,0,0,0,0,-,0,0,0,0
OCBC,FS_FAIR_VALUE_HIERARCHY,NO_REFERENCE_TABLE,absent from the reference set,0,0,0,0,-,0,0,0,0
UOB,FS_INCOME_SELECTED,NO_REFERENCE_TABLE,absent from the reference set,0,0,0,0,-,0,0,0,0
UOB,FS_BALANCE_SELECTED,NO_REFERENCE_TABLE,absent from the reference set,0,0,0,0,-,0,0,0,0
UOB,FS_RATIOS_KEY,NO_REFERENCE_TABLE,absent from the reference set,0,0,0,0,-,0,0,0,0
UOB,FS_AVG_BALANCE_SHEET,NO_REFERENCE_TABLE,absent from the reference set,0,0,0,0,-,0,0,0,0
UOB,FS_VOLUME_RATE,PASS,,0,0,18,0,100%,9,9,0,0
UOB,FS_FEE_DETAIL,NO_REFERENCE_TABLE,absent from the reference set,0,0,0,0,-,0,0,0,0
UOB,FS_EXPENSES_DETAIL,PASS,,0,0,9,0,100%,9,9,0,0
UOB,FS_ALLOWANCES_DETAIL,PASS,,0,0,10,0,100%,10,10,0,0
UOB,FS_CUSTOMER_LOANS,PASS,,0,0,32,0,100%,32,32,0,0
UOB,FS_NPA_COVERAGE[panel_1],PASS,,0,0,24,0,100%,16,24,0,0
UOB,FS_NPA_COVERAGE[panel_2],FAIL,G3 untagged_rows=1 of 22,0,0,21,1,95%,21,22,0,0
UOB,FS_CUSTOMER_DEPOSITS,PASS,,0,0,20,0,100%,20,20,0,0
UOB,FS_PERF_BY_SEGMENT,FAIL,G4 suffix-collapsible ids=2,0,0,81,0,100%,32,12,2,0
UOB,FS_PERF_BY_GEOGRAPHY,PASS,,0,0,55,0,100%,11,11,0,0
UOB,FS_CAPITAL_ADEQUACY,PASS,,0,0,17,0,100%,17,17,0,0
UOB,FS_INCOME_STATUTORY,FAIL,G3 untagged_rows=1 of 26,0,0,25,1,96%,25,26,0,0
UOB,FS_COMPREHENSIVE_INCOME,PASS,,0,0,18,0,100%,18,18,0,0
UOB,FS_BALANCE_STATUTORY,PASS,,0,0,38,0,100%,38,38,0,0
UOB,FS_EQUITY_CHANGES_GROUP,NO_REFERENCE_TABLE,absent from the reference set,0,0,0,0,-,0,0,0,0
UOB,FS_EQUITY_CHANGES_COMPANY,NO_REFERENCE_TABLE,absent from the reference set,0,0,0,0,-,0,0,0,0
UOB,FS_CASHFLOW,PASS,,0,0,44,0,100%,44,44,0,0
UOB,FS_INCOME_TAX,PASS,,0,0,2,0,100%,2,2,0,0
UOB,FS_SHARE_CAPITAL,PASS,,0,0,14,0,100%,14,14,0,0
UOB,FS_DIVIDENDS,PASS,,0,0,2,0,100%,2,2,0,0
UOB,FS_FINANCIAL_CLASSIFICATION,NO_REFERENCE_TABLE,absent from the reference set,0,0,0,0,-,0,0,0,0
UOB,FS_FAIR_VALUE_HIERARCHY[panel_1],FAIL,G3 untagged_rows=2 of 18,0,0,16,2,89%,16,18,0,0
UOB,FS_FAIR_VALUE_HIERARCHY[panel_2],PASS,,0,0,10,0,100%,5,10,0,0
UOB,FS_DEBTS_ISSUED,PASS,,0,0,9,0,100%,8,9,0,0
