bank,table_type_id,doc_id,period,leaf_id,label,path,suggestion
DBS,FS_INCOME_SELECTED,DBS_1Q26_trading_update,1Q26,markets_trading_income::total_income,Total income,Markets trading income > Total income,markets_trading_income
DBS,FS_INCOME_SELECTED,DBS_1Q26_trading_update,1Q26,markets_trading_income::total_income::of_which::net_interest_income,Of which: Net interest income,Markets trading income > Total income > Of which: Net interest income,markets_trading_income
DBS,FS_INCOME_SELECTED,DBS_1Q26_trading_update,1Q26,markets_trading_income::expenses,Expenses,Markets trading income > Expenses,markets_trading_income
DBS,FS_INCOME_SELECTED,DBS_1Q26_trading_update,1Q26,markets_trading_income::profit_before_allowances_and_amortisation,Profit before allowances and amortisation,Markets trading income > Profit before allowances and amortisation,markets_trading_income
DBS,FS_INCOME_SELECTED,DBS_1Q26_trading_update,1Q26,markets_trading_income::amortisation_of_intangible_assets,Amortisation of intangible assets,Markets trading income > Amortisation of intangible assets,markets_trading_income
DBS,FS_INCOME_SELECTED,DBS_1Q26_trading_update,1Q26,markets_trading_income::allowances_for_credit_and_other_losses,Allowances for credit and other losses,Markets trading income > Allowances for credit and other losses,markets_trading_income
DBS,FS_INCOME_SELECTED,DBS_1Q26_trading_update,1Q26,markets_trading_income::allowances_for_credit_and_other_losses::ecl_stage_3_sp,ECL Stage 3 (SP),Markets trading income > Allowances for credit and other losses > ECL Stage 3 (SP),markets_trading_income
DBS,FS_INCOME_SELECTED,DBS_1Q26_trading_update,1Q26,markets_trading_income::allowances_for_credit_and_other_losses::ecl_stage_1_and_2_gp,ECL Stage 1 and 2 (GP),Markets trading income > Allowances for credit and other losses > ECL Stage 1 and 2 (GP),markets_trading_income
DBS,FS_INCOME_SELECTED,DBS_1Q26_trading_update,1Q26,markets_trading_income::share_of_profits_losses_of_associates_and_jvs,Share of profits/losses of associates and JVs,Markets trading income > Share of profits/losses of associates and JVs,markets_trading_income
DBS,FS_INCOME_SELECTED,DBS_1Q26_trading_update,1Q26,markets_trading_income::profit_before_tax,Profit before tax,Markets trading income > Profit before tax,markets_trading_income
DBS,FS_INCOME_SELECTED,DBS_1Q26_trading_update,1Q26,markets_trading_income::net_profit,Net profit,Markets trading income > Net profit,markets_trading_income
DBS,FS_INCOME_SELECTED,DBS_1Q26_trading_update,1Q26,markets_trading_income::provision_for_csr,Provision for CSR¹,Markets trading income > Provision for CSR,markets_trading_income
DBS,FS_INCOME_SELECTED,DBS_1Q26_trading_update,1Q26,markets_trading_income::reported_net_profit,Reported net profit,Markets trading income > Reported net profit,markets_trading_income
DBS,FS_INCOME_SELECTED,1Q23_trading_update,1Q23,commercial_book_total_income::other_non_interest_income,Other non-interest income,Commercial Book total income > Other non-interest income,commercial_book_total_income
DBS,FS_INCOME_SELECTED,1Q23_trading_update,1Q23,treasury_markets_total_income,Treasury Markets total income²,Treasury Markets total income,
DBS,FS_INCOME_SELECTED,1Q23_trading_update,1Q23,treasury_markets_total_income::net_interest_income,Net interest income,Treasury Markets total income > Net interest income,
DBS,FS_INCOME_SELECTED,1Q23_trading_update,1Q23,treasury_markets_total_income::non_interest_income,Non-interest income,Treasury Markets total income > Non-interest income,
DBS,FS_INCOME_SELECTED,1Q23_trading_update,1Q23,profit_before_allowances,Profit before allowances,Profit before allowances,
DBS,FS_BALANCE_SELECTED,DBS_2Q25_performance_summary,2Q25,customer_loans,Customer loans,Customer loans,
DBS,FS_BALANCE_SELECTED,DBS_2Q25_performance_summary,2Q25,customer_loans::constant_currency_change,Constant-currency change,Customer loans > Constant-currency change,
DBS,FS_BALANCE_SELECTED,DBS_2Q25_performance_summary,2Q25,total_assets::of_which::non_performing_assets,of which: Non-performing assets,Total assets > of which: Non-performing assets,total_assets
DBS,FS_BALANCE_SELECTED,DBS_2Q25_performance_summary,2Q25,customer_deposits,Customer deposits,Customer deposits,
DBS,FS_BALANCE_SELECTED,DBS_2Q25_performance_summary,2Q25,customer_deposits::constant_currency_change,Constant-currency change,Customer deposits > Constant-currency change,
DBS,FS_BALANCE_SELECTED,DBS_2Q25_performance_summary,2Q25,total_liabilities,Total liabilities,Total liabilities,
DBS,FS_BALANCE_SELECTED,DBS_2Q25_performance_summary,2Q25,shareholders_funds,Shareholders’ funds,Shareholders’ funds,
DBS,FS_BALANCE_SELECTED,DBS_1Q25_trading_update,1Q25,customer_loans,Customer loans,Customer loans,
DBS,FS_BALANCE_SELECTED,DBS_1Q25_trading_update,1Q25,customer_loans::constant_currency_change,Constant-currency change,Customer loans > Constant-currency change,
DBS,FS_BALANCE_SELECTED,DBS_1Q25_trading_update,1Q25,total_assets::of_which::non_performing_assets,of which: Non-performing assets,Total assets > of which: Non-performing assets,total_assets
DBS,FS_BALANCE_SELECTED,DBS_1Q25_trading_update,1Q25,customer_deposits,Customer deposits,Customer deposits,
DBS,FS_BALANCE_SELECTED,DBS_1Q25_trading_update,1Q25,customer_deposits::constant_currency_change,Constant-currency change,Customer deposits > Constant-currency change,
DBS,FS_BALANCE_SELECTED,DBS_1Q25_trading_update,1Q25,total_liabilities,Total liabilities,Total liabilities,
DBS,FS_BALANCE_SELECTED,DBS_1Q25_trading_update,1Q25,shareholders_funds,Shareholders' funds,Shareholders' funds,
DBS,FS_BALANCE_SELECTED,DBS_1Q26_trading_update,1Q26,customer_loans,Customer loans,Customer loans,
DBS,FS_BALANCE_SELECTED,DBS_1Q26_trading_update,1Q26,customer_loans::constant_currency_change,Constant-currency change,Customer loans > Constant-currency change,
DBS,FS_BALANCE_SELECTED,DBS_1Q26_trading_update,1Q26,total_assets::of_which::non_performing_assets,of which: Non-performing assets,Total assets > of which: Non-performing assets,total_assets
DBS,FS_BALANCE_SELECTED,DBS_1Q26_trading_update,1Q26,customer_deposits,Customer deposits,Customer deposits,
DBS,FS_BALANCE_SELECTED,DBS_1Q26_trading_update,1Q26,customer_deposits::constant_currency_change,Constant-currency change,Customer deposits > Constant-currency change,
DBS,FS_BALANCE_SELECTED,DBS_1Q26_trading_update,1Q26,total_liabilities,Total liabilities,Total liabilities,
DBS,FS_BALANCE_SELECTED,DBS_1Q26_trading_update,1Q26,shareholders_funds,Shareholders’ funds,Shareholders’ funds,
DBS,FS_BALANCE_SELECTED,3Q25_trading_update,3Q25,customer_loans,Customer loans,Customer loans,
DBS,FS_BALANCE_SELECTED,3Q25_trading_update,3Q25,customer_loans::constant_currency_change,Constant-currency change,Customer loans > Constant-currency change,
DBS,FS_BALANCE_SELECTED,3Q25_trading_update,3Q25,total_assets::of_which::non_performing_assets,of which: Non-performing assets,Total assets > of which: Non-performing assets,total_assets
DBS,FS_BALANCE_SELECTED,3Q25_trading_update,3Q25,customer_deposits,Customer deposits,Customer deposits,
DBS,FS_BALANCE_SELECTED,3Q25_trading_update,3Q25,customer_deposits::constant_currency_change,Constant-currency change,Customer deposits > Constant-currency change,
DBS,FS_BALANCE_SELECTED,3Q25_trading_update,3Q25,total_liabilities,Total liabilities,Total liabilities,
DBS,FS_BALANCE_SELECTED,3Q25_trading_update,3Q25,shareholders_funds,Shareholders’ funds,Shareholders’ funds,
DBS,FS_BALANCE_SELECTED,1Q23_trading_update,1Q23,customer_loans,Customer loans,Customer loans,
DBS,FS_BALANCE_SELECTED,1Q23_trading_update,1Q23,customer_loans::constant_currency_change,Constant-currency change,Customer loans > Constant-currency change,
DBS,FS_BALANCE_SELECTED,1Q23_trading_update,1Q23,total_assets::of_which::non_performing_assets,of which: Non-performing assets,Total assets > of which: Non-performing assets,total_assets
DBS,FS_BALANCE_SELECTED,1Q23_trading_update,1Q23,customer_deposits,Customer deposits,Customer deposits,
DBS,FS_BALANCE_SELECTED,1Q23_trading_update,1Q23,customer_deposits::constant_currency_change,Constant-currency change,Customer deposits > Constant-currency change,
DBS,FS_BALANCE_SELECTED,1Q23_trading_update,1Q23,total_liabilities,Total liabilities,Total liabilities,
DBS,FS_BALANCE_SELECTED,1Q23_trading_update,1Q23,shareholders_funds,Shareholders’ funds,Shareholders’ funds,
DBS,FS_BALANCE_SELECTED,DBS_4Q22_performance_summary,4Q22,total_assets_before_goodwill_and_intangibles,Total assets before goodwill and intangibles,Total assets before goodwill and intangibles,
DBS,FS_BALANCE_SELECTED,DBS_4Q22_performance_summary,4Q22,goodwill_and_intangibles,Goodwill and intangibles,Goodwill and intangibles,
DBS,FS_BALANCE_SELECTED,DBS_4Q22_performance_summary,4Q22,total_assets_before_goodwill_and_intangibles,Total assets before goodwill and intangibles,Total assets before goodwill and intangibles,
DBS,FS_BALANCE_SELECTED,DBS_4Q22_performance_summary,4Q22,goodwill_and_intangibles,Goodwill and intangibles,Goodwill and intangibles,
DBS,FS_BALANCE_SELECTED,DBS_4Q22_performance_summary,4Q22,total_assets_before_goodwill_and_intangibles,Total assets before goodwill and intangibles,Total assets before goodwill and intangibles,
DBS,FS_BALANCE_SELECTED,DBS_4Q22_performance_summary,4Q22,goodwill_and_intangibles,Goodwill and intangibles,Goodwill and intangibles,
DBS,FS_BALANCE_SELECTED,DBS_4Q22_performance_summary,4Q22,total_assets_before_goodwill_and_intangibles,Total assets before goodwill and intangibles,Total assets before goodwill and intangibles,
DBS,FS_BALANCE_SELECTED,DBS_4Q22_performance_summary,4Q22,goodwill_and_intangibles,Goodwill and intangibles,Goodwill and intangibles,
DBS,FS_BALANCE_SELECTED,DBS_4Q22_performance_summary,4Q22,non_current_assets,Non-current assets³,Non-current assets,
DBS,FS_BALANCE_SELECTED,DBS_4Q22_performance_summary,4Q22,gross_customer_loans,Gross customer loans,Gross customer loans,
DBS,FS_BALANCE_SELECTED,DBS_4Q22_performance_summary,4Q22,total_assets_before_goodwill_and_intangibles,Total assets before goodwill and intangibles,Total assets before goodwill and intangibles,
DBS,FS_BALANCE_SELECTED,DBS_4Q22_performance_summary,4Q22,goodwill_and_intangibles,Goodwill and intangibles,Goodwill and intangibles,
DBS,FS_BALANCE_SELECTED,DBS_4Q22_performance_summary,4Q22,non_current_assets,Non-current assets³,Non-current assets,
DBS,FS_BALANCE_SELECTED,DBS_4Q22_performance_summary,4Q22,gross_customer_loans,Gross customer loans,Gross customer loans,
DBS,FS_BALANCE_SELECTED,DBS_4Q22_performance_summary,4Q22,total_assets_before_goodwill_and_intangibles,Total assets before goodwill and intangibles,Total assets before goodwill and intangibles,
DBS,FS_BALANCE_SELECTED,DBS_4Q22_performance_summary,4Q22,goodwill_and_intangibles,Goodwill and intangibles,Goodwill and intangibles,
DBS,FS_BALANCE_SELECTED,DBS_4Q22_performance_summary,4Q22,non_current_assets,Non-current assets³,Non-current assets,
DBS,FS_BALANCE_SELECTED,DBS_4Q22_performance_summary,4Q22,gross_customer_loans,Gross customer loans,Gross customer loans,
DBS,FS_RATIOS_KEY,1Q23_trading_update,1Q23,common_equity_tier_1_capital_adequacy_ratio,Common Equity Tier 1 capital adequacy ratio,Common Equity Tier 1 capital adequacy ratio,
DBS,FS_PER_SHARE,DBS_1Q25_trading_update,1Q25,per_basic_and_diluted_share::earnings,– earnings2,Per basic and diluted share > – earnings,
DBS,FS_PER_SHARE,DBS_1Q25_trading_update,1Q25,per_basic_and_diluted_share::reported_earnings,– reported earnings,Per basic and diluted share > – reported earnings,
DBS,FS_PER_SHARE,DBS_1Q25_trading_update,1Q25,per_basic_and_diluted_share::net_book_value,– net book value5,Per basic and diluted share > – net book value,
DBS,FS_PER_SHARE,DBS_2Q22_performance_summary,2Q22,per_basic_and_diluted_share::earnings_excluding_one_time_items,– earnings excluding one-time items,Per basic and diluted share > – earnings excluding one-time items,
DBS,FS_PER_SHARE,DBS_2Q22_performance_summary,2Q22,per_basic_and_diluted_share::earnings,– earnings,Per basic and diluted share > – earnings,
DBS,FS_PER_SHARE,DBS_2Q22_performance_summary,2Q22,per_basic_and_diluted_share::net_book_value,– net book value8,Per basic and diluted share > – net book value,
DBS,FS_PER_SHARE,1Q23_trading_update,1Q23,per_basic_and_diluted_share::earnings,– earnings,Per basic and diluted share > – earnings,
DBS,FS_PER_SHARE,1Q23_trading_update,1Q23,per_basic_and_diluted_share::net_book_value,– net book value⁶,Per basic and diluted share > – net book value,
DBS,FS_NII_DETAIL,DBS_2Q22_performance_summary,2Q22,interest_bearing_assets::customer_non_trade_loans,Customer non-trade Loans,Interest-bearing assets > Customer non-trade Loans,
DBS,FS_NII_DETAIL,DBS_2Q22_performance_summary,2Q22,interest_bearing_assets::trade_assets,Trade assets,Interest-bearing assets > Trade assets,
DBS,FS_NII_DETAIL,DBS_2Q22_performance_summary,2Q22,interest_bearing_assets::interbank_assets,Interbank assets¹,Interest-bearing assets > Interbank assets,
DBS,FS_NII_DETAIL,DBS_2Q22_performance_summary,2Q22,interest_bearing_assets::securities_and_others,Securities and others,Interest-bearing assets > Securities and others,
DBS,FS_NII_DETAIL,DBS_2Q22_performance_summary,2Q22,interest_bearing_assets::total,Total,Interest-bearing assets > Total,
DBS,FS_NII_DETAIL,DBS_2Q22_performance_summary,2Q22,interest_bearing_liabilities::customer_deposits,Customer deposits,Interest-bearing liabilities > Customer deposits,
DBS,FS_NII_DETAIL,DBS_2Q22_performance_summary,2Q22,interest_bearing_liabilities::other_borrowings,Other borrowings,Interest-bearing liabilities > Other borrowings,
DBS,FS_NII_DETAIL,DBS_2Q22_performance_summary,2Q22,interest_bearing_liabilities::total,Total,Interest-bearing liabilities > Total,
DBS,FS_NII_DETAIL,DBS_2Q22_performance_summary,2Q22,interest_bearing_liabilities::net_interest_income_margin,Net interest income/margin2,Interest-bearing liabilities > Net interest income/margin,
DBS,FS_NII_DETAIL,DBS_4Q22_performance_summary,4Q22,net_interest_income_nii::less_treasury_markets,Less: Treasury Markets,Net interest income (NII) > Less: Treasury Markets,net_interest_income_nii
DBS,FS_NII_DETAIL,DBS_4Q22_performance_summary,4Q22,average_interest_bearing_assets_iba::less_treasury_markets,Less: Treasury Markets,Average interest-bearing assets (IBA) > Less: Treasury Markets,average_interest_bearing_assets_iba
DBS,FS_OTHER_NONII_DETAIL,DBS_2Q25_performance_summary,2Q25,others_include_rental_income_and_gain_on_disposal_of_properties_and_fixed_assets,Others (include rental income and gain on disposal of properties and fixed assets),Others (include rental income and gain on disposal of properties and fixed assets),
DBS,FS_OTHER_NONII_DETAIL,DBS_2Q22_performance_summary,2Q22,others_include_rental_income_share_of_profits_or_losses_of_associates_and_joint_ventures_and_gain_on_disposal_of_fixed_assets,"Others (include rental income, share of profits or losses of associates and joint ventures and gain on disposal of fixed assets)","Others (include rental income, share of profits or losses of associates and joint ventures and gain on disposal of fixed assets)",
DBS,FS_EXPENSES_DETAIL,DBS_2Q22_performance_summary,2Q22,staff_count_at_period_end,Staff count² at period-end,Staff count at period-end,
DBS,FS_ALLOWANCES_DETAIL,DBS_2Q25_performance_summary,2Q25,ecl_stage_3_sp_for_loans::ecl_stage_3_sp_for_other_credit_exposures,ECL Stage 3 (SP) for other credit exposures,ECL Stage 3 (SP) for loans > ECL Stage 3 (SP) for other credit exposures,ecl_stage_3_sp_for_loans
DBS,FS_ALLOWANCES_DETAIL,DBS_2Q25_performance_summary,2Q25,ecl_stage_3_sp_for_loans::total_ecl_stage_3_sp,Total ECL Stage 3 (SP),ECL Stage 3 (SP) for loans > Total ECL Stage 3 (SP),ecl_stage_3_sp_for_loans
DBS,FS_ALLOWANCES_DETAIL,DBS_2Q25_performance_summary,2Q25,ecl_stage_3_sp_for_loans::allowances_for_other_assets,Allowances for other assets,ECL Stage 3 (SP) for loans > Allowances for other assets,ecl_stage_3_sp_for_loans
DBS,FS_ALLOWANCES_DETAIL,DBS_2Q25_performance_summary,2Q25,ecl_stage_3_sp_for_loans::total,Total,ECL Stage 3 (SP) for loans > Total,ecl_stage_3_sp_for_loans
DBS,FS_NPA_COVERAGE,DBS_2Q25_performance_summary,2Q25,by_business_unit::consumer_banking_wealth_management,Consumer Banking/ Wealth Management,By business unit > Consumer Banking/ Wealth Management,
DBS,FS_NPA_COVERAGE,DBS_2Q25_performance_summary,2Q25,by_business_unit::institutional_banking_and_others,Institutional Banking and Others,By business unit > Institutional Banking and Others,
DBS,FS_NPA_COVERAGE,DBS_2Q25_performance_summary,2Q25,by_business_unit::total_non_performing_loans_npl,Total non-performing loans (NPL),By business unit > Total non-performing loans (NPL),
DBS,FS_NPA_COVERAGE,DBS_2Q25_performance_summary,2Q25,by_business_unit::debt_securities_contingent_liabilities_and_others,"Debt securities, contingent liabilities & others","By business unit > Debt securities, contingent liabilities & others",
DBS,FS_NPA_COVERAGE,DBS_2Q25_performance_summary,2Q25,by_business_unit::total_non_performing_assets_npa,Total non-performing assets (NPA),By business unit > Total non-performing assets (NPA),
DBS,FS_NPA_COVERAGE,DBS_2Q25_performance_summary,2Q25,by_geography::singapore,Singapore,By geography > Singapore,
DBS,FS_NPA_COVERAGE,DBS_2Q25_performance_summary,2Q25,by_geography::hong_kong,Hong Kong,By geography > Hong Kong,
DBS,FS_NPA_COVERAGE,DBS_2Q25_performance_summary,2Q25,by_geography::rest_of_greater_china,Rest of Greater China,By geography > Rest of Greater China,
DBS,FS_NPA_COVERAGE,DBS_2Q25_performance_summary,2Q25,by_geography::south_and_southeast_asia,South and Southeast Asia,By geography > South and Southeast Asia,
DBS,FS_NPA_COVERAGE,DBS_2Q25_performance_summary,2Q25,by_geography::rest_of_the_world,Rest of the World,By geography > Rest of the World,
DBS,FS_NPA_COVERAGE,DBS_2Q25_performance_summary,2Q25,by_geography::total_non_performing_loans_npl,Total non-performing loans (NPL),By geography > Total non-performing loans (NPL),
DBS,FS_NPA_COVERAGE,DBS_2Q25_performance_summary,2Q25,by_geography::debt_securities_contingent_liabilities_and_others,"Debt securities, contingent liabilities & others","By geography > Debt securities, contingent liabilities & others",
DBS,FS_NPA_COVERAGE,DBS_2Q25_performance_summary,2Q25,by_geography::total_non_performing_assets_npa,Total non-performing assets (NPA),By geography > Total non-performing assets (NPA),
DBS,FS_NPA_COVERAGE,DBS_2Q22_performance_summary,2Q22,by_business_unit::consumer_banking_wealth_management,Consumer Banking/ Wealth Management,By business unit > Consumer Banking/ Wealth Management,
DBS,FS_NPA_COVERAGE,DBS_2Q22_performance_summary,2Q22,by_business_unit::institutional_banking_and_others,Institutional Banking and Others,By business unit > Institutional Banking and Others,
DBS,FS_NPA_COVERAGE,DBS_2Q22_performance_summary,2Q22,by_business_unit::total_non_performing_loans_npl,Total non-performing loans (NPL),By business unit > Total non-performing loans (NPL),
DBS,FS_NPA_COVERAGE,DBS_2Q22_performance_summary,2Q22,by_business_unit::debt_securities_contingent_liabilities_and_others,"Debt securities, contingent liabilities & others","By business unit > Debt securities, contingent liabilities & others",
DBS,FS_NPA_COVERAGE,DBS_2Q22_performance_summary,2Q22,by_business_unit::total_non_performing_assets_npa,Total non-performing assets (NPA),By business unit > Total non-performing assets (NPA),
DBS,FS_NPA_COVERAGE,DBS_2Q22_performance_summary,2Q22,by_geography::singapore,Singapore,By geography > Singapore,
DBS,FS_NPA_COVERAGE,DBS_2Q22_performance_summary,2Q22,by_geography::hong_kong,Hong Kong,By geography > Hong Kong,
DBS,FS_NPA_COVERAGE,DBS_2Q22_performance_summary,2Q22,by_geography::rest_of_greater_china,Rest of Greater China,By geography > Rest of Greater China,
DBS,FS_NPA_COVERAGE,DBS_2Q22_performance_summary,2Q22,by_geography::south_and_southeast_asia,South and Southeast Asia,By geography > South and Southeast Asia,
DBS,FS_NPA_COVERAGE,DBS_2Q22_performance_summary,2Q22,by_geography::rest_of_the_world,Rest of the World,By geography > Rest of the World,
DBS,FS_NPA_COVERAGE,DBS_2Q22_performance_summary,2Q22,by_geography::total_non_performing_loans_npl,Total non-performing loans (NPL),By geography > Total non-performing loans (NPL),
DBS,FS_NPA_COVERAGE,DBS_2Q22_performance_summary,2Q22,by_geography::debt_securities_contingent_liabilities_and_others,"Debt securities, contingent liabilities & others","By geography > Debt securities, contingent liabilities & others",
DBS,FS_NPA_COVERAGE,DBS_2Q22_performance_summary,2Q22,by_geography::total_non_performing_assets_npa,Total non-performing assets (NPA),By geography > Total non-performing assets (NPA),
DBS,FS_NPA_COVERAGE,DBS_2Q22_performance_summary,2Q22,loss_allowance_coverage::ecl_stage_3_sp,ECL² Stage 3 (SP),Loss Allowance Coverage > ECL Stage 3 (SP),
DBS,FS_NPA_COVERAGE,DBS_2Q22_performance_summary,2Q22,loss_allowance_coverage::ecl_stage_1_and_2_gp,ECL² Stage 1 and 2 (GP),Loss Allowance Coverage > ECL Stage 1 and 2 (GP),
DBS,FS_NPA_COVERAGE,DBS_2Q22_performance_summary,2Q22,loss_allowance_coverage::total_allowances,Total allowances,Loss Allowance Coverage > Total allowances,
DBS,FS_NPA_COVERAGE,DBS_2Q22_performance_summary,2Q22,loss_allowance_coverage::total_allowances_npa,Total allowances/ NPA,Loss Allowance Coverage > Total allowances/ NPA,
DBS,FS_NPA_COVERAGE,DBS_2Q22_performance_summary,2Q22,loss_allowance_coverage::total_allowances_unsecured_npa,Total allowances/ unsecured NPA,Loss Allowance Coverage > Total allowances/ unsecured NPA,
DBS,FS_NPA_COVERAGE,DBS_2Q22_performance_summary,2Q22,by_business_unit::consumer_banking_wealth_management,Consumer Banking/ Wealth Management,By business unit > Consumer Banking/ Wealth Management,
DBS,FS_NPA_COVERAGE,DBS_2Q22_performance_summary,2Q22,by_business_unit::institutional_banking_and_others,Institutional Banking and Others,By business unit > Institutional Banking and Others,
DBS,FS_NPA_COVERAGE,DBS_2Q22_performance_summary,2Q22,by_business_unit::total_non_performing_loans_npl,Total non-performing loans (NPL),By business unit > Total non-performing loans (NPL),
DBS,FS_NPA_COVERAGE,DBS_2Q22_performance_summary,2Q22,by_business_unit::debt_securities_contingent_liabilities_and_others,"Debt securities, contingent liabilities & others","By business unit > Debt securities, contingent liabilities & others",
DBS,FS_NPA_COVERAGE,DBS_2Q22_performance_summary,2Q22,by_business_unit::total_non_performing_assets_npa,Total non-performing assets (NPA),By business unit > Total non-performing assets (NPA),
DBS,FS_NPA_COVERAGE,DBS_2Q22_performance_summary,2Q22,by_geography::singapore,Singapore,By geography > Singapore,
DBS,FS_NPA_COVERAGE,DBS_2Q22_performance_summary,2Q22,by_geography::hong_kong,Hong Kong,By geography > Hong Kong,
DBS,FS_NPA_COVERAGE,DBS_2Q22_performance_summary,2Q22,by_geography::rest_of_greater_china,Rest of Greater China,By geography > Rest of Greater China,
DBS,FS_NPA_COVERAGE,DBS_2Q22_performance_summary,2Q22,by_geography::south_and_southeast_asia,South and Southeast Asia,By geography > South and Southeast Asia,
DBS,FS_NPA_COVERAGE,DBS_2Q22_performance_summary,2Q22,by_geography::rest_of_the_world,Rest of the World,By geography > Rest of the World,
DBS,FS_NPA_COVERAGE,DBS_2Q22_performance_summary,2Q22,by_geography::total_non_performing_loans_npl,Total non-performing loans (NPL),By geography > Total non-performing loans (NPL),
DBS,FS_NPA_COVERAGE,DBS_2Q22_performance_summary,2Q22,by_geography::debt_securities_contingent_liabilities_and_others,"Debt securities, contingent liabilities & others","By geography > Debt securities, contingent liabilities & others",
DBS,FS_NPA_COVERAGE,DBS_2Q22_performance_summary,2Q22,by_geography::total_non_performing_assets_npa,Total non-performing assets (NPA),By geography > Total non-performing assets (NPA),
DBS,FS_NPA_COVERAGE,DBS_4Q22_performance_summary,4Q22,by_business_unit::consumer_banking_wealth_management,Consumer Banking/ Wealth Management,By business unit > Consumer Banking/ Wealth Management,
DBS,FS_NPA_COVERAGE,DBS_4Q22_performance_summary,4Q22,by_business_unit::institutional_banking_and_others,Institutional Banking and Others,By business unit > Institutional Banking and Others,
DBS,FS_NPA_COVERAGE,DBS_4Q22_performance_summary,4Q22,by_business_unit::total_non_performing_loans_npl,Total non-performing loans (NPL),By business unit > Total non-performing loans (NPL),
DBS,FS_NPA_COVERAGE,DBS_4Q22_performance_summary,4Q22,by_business_unit::debt_securities_contingent_liabilities_and_others,"Debt securities, contingent liabilities & others","By business unit > Debt securities, contingent liabilities & others",
DBS,FS_NPA_COVERAGE,DBS_4Q22_performance_summary,4Q22,by_business_unit::total_non_performing_assets_npa,Total non-performing assets (NPA),By business unit > Total non-performing assets (NPA),
DBS,FS_NPA_COVERAGE,DBS_4Q22_performance_summary,4Q22,by_geography::singapore,Singapore,By geography > Singapore,
DBS,FS_NPA_COVERAGE,DBS_4Q22_performance_summary,4Q22,by_geography::hong_kong,Hong Kong,By geography > Hong Kong,
DBS,FS_NPA_COVERAGE,DBS_4Q22_performance_summary,4Q22,by_geography::rest_of_greater_china,Rest of Greater China,By geography > Rest of Greater China,
DBS,FS_NPA_COVERAGE,DBS_4Q22_performance_summary,4Q22,by_geography::south_and_southeast_asia,South and Southeast Asia,By geography > South and Southeast Asia,
DBS,FS_NPA_COVERAGE,DBS_4Q22_performance_summary,4Q22,by_geography::rest_of_the_world,Rest of the World,By geography > Rest of the World,
DBS,FS_NPA_COVERAGE,DBS_4Q22_performance_summary,4Q22,by_geography::total_non_performing_loans_npl,Total non-performing loans (NPL),By geography > Total non-performing loans (NPL),
DBS,FS_NPA_COVERAGE,DBS_4Q22_performance_summary,4Q22,by_geography::debt_securities_contingent_liabilities_and_others,"Debt securities, contingent liabilities & others","By geography > Debt securities, contingent liabilities & others",
DBS,FS_NPA_COVERAGE,DBS_4Q22_performance_summary,4Q22,by_geography::total_non_performing_assets_npa,Total non-performing assets (NPA),By geography > Total non-performing assets (NPA),
DBS,FS_NPA_COVERAGE,DBS_4Q22_performance_summary,4Q22,loss_allowance_coverage::ecl_stage_3_sp,ECL² Stage 3 (SP),Loss Allowance Coverage > ECL Stage 3 (SP),
DBS,FS_NPA_COVERAGE,DBS_4Q22_performance_summary,4Q22,loss_allowance_coverage::ecl_stage_1_and_2_gp,ECL² Stage 1 and 2 (GP),Loss Allowance Coverage > ECL Stage 1 and 2 (GP),
DBS,FS_NPA_COVERAGE,DBS_4Q22_performance_summary,4Q22,loss_allowance_coverage::total_allowances,Total allowances,Loss Allowance Coverage > Total allowances,
DBS,FS_NPA_COVERAGE,DBS_4Q22_performance_summary,4Q22,loss_allowance_coverage::total_allowances_npa,Total allowances / NPA,Loss Allowance Coverage > Total allowances / NPA,
DBS,FS_NPA_COVERAGE,DBS_4Q22_performance_summary,4Q22,loss_allowance_coverage::total_allowances_unsecured_npa,Total allowances / unsecured NPA,Loss Allowance Coverage > Total allowances / unsecured NPA,
DBS,FS_NPA_COVERAGE,DBS_2Q25_performance_summary,2Q25,by_business_unit::consumer_banking_wealth_management,Consumer Banking/ Wealth Management,By business unit > Consumer Banking/ Wealth Management,
DBS,FS_NPA_COVERAGE,DBS_2Q25_performance_summary,2Q25,by_business_unit::institutional_banking_and_others,Institutional Banking and Others,By business unit > Institutional Banking and Others,
DBS,FS_NPA_COVERAGE,DBS_2Q25_performance_summary,2Q25,by_business_unit::total_non_performing_loans_npl,Total non-performing loans (NPL),By business unit > Total non-performing loans (NPL),
DBS,FS_NPA_COVERAGE,DBS_2Q25_performance_summary,2Q25,by_business_unit::debt_securities_contingent_liabilities_and_others,"Debt securities, contingent liabilities & others","By business unit > Debt securities, contingent liabilities & others",
DBS,FS_NPA_COVERAGE,DBS_2Q25_performance_summary,2Q25,by_business_unit::total_non_performing_assets_npa,Total non-performing assets (NPA),By business unit > Total non-performing assets (NPA),
DBS,FS_NPA_COVERAGE,DBS_2Q25_performance_summary,2Q25,by_geography::singapore,Singapore,By geography > Singapore,
DBS,FS_NPA_COVERAGE,DBS_2Q25_performance_summary,2Q25,by_geography::hong_kong,Hong Kong,By geography > Hong Kong,
DBS,FS_NPA_COVERAGE,DBS_2Q25_performance_summary,2Q25,by_geography::rest_of_greater_china,Rest of Greater China,By geography > Rest of Greater China,
DBS,FS_NPA_COVERAGE,DBS_2Q25_performance_summary,2Q25,by_geography::south_and_southeast_asia,South and Southeast Asia,By geography > South and Southeast Asia,
DBS,FS_NPA_COVERAGE,DBS_2Q25_performance_summary,2Q25,by_geography::rest_of_the_world,Rest of the World,By geography > Rest of the World,
DBS,FS_NPA_COVERAGE,DBS_2Q25_performance_summary,2Q25,by_geography::total_non_performing_loans_npl,Total non-performing loans (NPL),By geography > Total non-performing loans (NPL),
DBS,FS_NPA_COVERAGE,DBS_2Q25_performance_summary,2Q25,by_geography::debt_securities_contingent_liabilities_and_others,"Debt securities, contingent liabilities & others","By geography > Debt securities, contingent liabilities & others",
DBS,FS_NPA_COVERAGE,DBS_2Q25_performance_summary,2Q25,by_geography::total_non_performing_assets_npa,Total non-performing assets (NPA),By geography > Total non-performing assets (NPA),
DBS,FS_NPA_COVERAGE,DBS_2Q22_performance_summary,2Q22,by_business_unit::consumer_banking_wealth_management,Consumer Banking/ Wealth Management,By business unit > Consumer Banking/ Wealth Management,
DBS,FS_NPA_COVERAGE,DBS_2Q22_performance_summary,2Q22,by_business_unit::institutional_banking_and_others,Institutional Banking and Others,By business unit > Institutional Banking and Others,
DBS,FS_NPA_COVERAGE,DBS_2Q22_performance_summary,2Q22,by_business_unit::total_non_performing_loans_npl,Total non-performing loans (NPL),By business unit > Total non-performing loans (NPL),
DBS,FS_NPA_COVERAGE,DBS_2Q22_performance_summary,2Q22,by_business_unit::debt_securities_contingent_liabilities_and_others,"Debt securities, contingent liabilities & others","By business unit > Debt securities, contingent liabilities & others",
DBS,FS_NPA_COVERAGE,DBS_2Q22_performance_summary,2Q22,by_business_unit::total_non_performing_assets_npa,Total non-performing assets (NPA),By business unit > Total non-performing assets (NPA),
DBS,FS_NPA_COVERAGE,DBS_2Q22_performance_summary,2Q22,by_geography::singapore,Singapore,By geography > Singapore,
DBS,FS_NPA_COVERAGE,DBS_2Q22_performance_summary,2Q22,by_geography::hong_kong,Hong Kong,By geography > Hong Kong,
DBS,FS_NPA_COVERAGE,DBS_2Q22_performance_summary,2Q22,by_geography::rest_of_greater_china,Rest of Greater China,By geography > Rest of Greater China,
DBS,FS_NPA_COVERAGE,DBS_2Q22_performance_summary,2Q22,by_geography::south_and_southeast_asia,South and Southeast Asia,By geography > South and Southeast Asia,
DBS,FS_NPA_COVERAGE,DBS_2Q22_performance_summary,2Q22,by_geography::rest_of_the_world,Rest of the World,By geography > Rest of the World,
DBS,FS_NPA_COVERAGE,DBS_2Q22_performance_summary,2Q22,by_geography::total_non_performing_loans_npl,Total non-performing loans (NPL),By geography > Total non-performing loans (NPL),
DBS,FS_NPA_COVERAGE,DBS_2Q22_performance_summary,2Q22,by_geography::debt_securities_contingent_liabilities_and_others,"Debt securities, contingent liabilities & others","By geography > Debt securities, contingent liabilities & others",
DBS,FS_NPA_COVERAGE,DBS_2Q22_performance_summary,2Q22,by_geography::total_non_performing_assets_npa,Total non-performing assets (NPA),By geography > Total non-performing assets (NPA),
DBS,FS_NPA_COVERAGE,DBS_2Q22_performance_summary,2Q22,loss_allowance_coverage::ecl_stage_3_sp,ECL² Stage 3 (SP),Loss Allowance Coverage > ECL Stage 3 (SP),
DBS,FS_NPA_COVERAGE,DBS_2Q22_performance_summary,2Q22,loss_allowance_coverage::ecl_stage_1_and_2_gp,ECL² Stage 1 and 2 (GP),Loss Allowance Coverage > ECL Stage 1 and 2 (GP),
DBS,FS_NPA_COVERAGE,DBS_2Q22_performance_summary,2Q22,loss_allowance_coverage::total_allowances,Total allowances,Loss Allowance Coverage > Total allowances,
DBS,FS_NPA_COVERAGE,DBS_2Q22_performance_summary,2Q22,loss_allowance_coverage::total_allowances_npa,Total allowances/ NPA,Loss Allowance Coverage > Total allowances/ NPA,
DBS,FS_NPA_COVERAGE,DBS_2Q22_performance_summary,2Q22,loss_allowance_coverage::total_allowances_unsecured_npa,Total allowances/ unsecured NPA,Loss Allowance Coverage > Total allowances/ unsecured NPA,
DBS,FS_NPA_COVERAGE,DBS_2Q22_performance_summary,2Q22,by_business_unit::consumer_banking_wealth_management,Consumer Banking/ Wealth Management,By business unit > Consumer Banking/ Wealth Management,
DBS,FS_NPA_COVERAGE,DBS_2Q22_performance_summary,2Q22,by_business_unit::institutional_banking_and_others,Institutional Banking and Others,By business unit > Institutional Banking and Others,
DBS,FS_NPA_COVERAGE,DBS_2Q22_performance_summary,2Q22,by_business_unit::total_non_performing_loans_npl,Total non-performing loans (NPL),By business unit > Total non-performing loans (NPL),
DBS,FS_NPA_COVERAGE,DBS_2Q22_performance_summary,2Q22,by_business_unit::debt_securities_contingent_liabilities_and_others,"Debt securities, contingent liabilities & others","By business unit > Debt securities, contingent liabilities & others",
DBS,FS_NPA_COVERAGE,DBS_2Q22_performance_summary,2Q22,by_business_unit::total_non_performing_assets_npa,Total non-performing assets (NPA),By business unit > Total non-performing assets (NPA),
DBS,FS_NPA_COVERAGE,DBS_2Q22_performance_summary,2Q22,by_geography::singapore,Singapore,By geography > Singapore,
DBS,FS_NPA_COVERAGE,DBS_2Q22_performance_summary,2Q22,by_geography::hong_kong,Hong Kong,By geography > Hong Kong,
DBS,FS_NPA_COVERAGE,DBS_2Q22_performance_summary,2Q22,by_geography::rest_of_greater_china,Rest of Greater China,By geography > Rest of Greater China,
DBS,FS_NPA_COVERAGE,DBS_2Q22_performance_summary,2Q22,by_geography::south_and_southeast_asia,South and Southeast Asia,By geography > South and Southeast Asia,
DBS,FS_NPA_COVERAGE,DBS_2Q22_performance_summary,2Q22,by_geography::rest_of_the_world,Rest of the World,By geography > Rest of the World,
DBS,FS_NPA_COVERAGE,DBS_2Q22_performance_summary,2Q22,by_geography::total_non_performing_loans_npl,Total non-performing loans (NPL),By geography > Total non-performing loans (NPL),
DBS,FS_NPA_COVERAGE,DBS_2Q22_performance_summary,2Q22,by_geography::debt_securities_contingent_liabilities_and_others,"Debt securities, contingent liabilities & others","By geography > Debt securities, contingent liabilities & others",
DBS,FS_NPA_COVERAGE,DBS_2Q22_performance_summary,2Q22,by_geography::total_non_performing_assets_npa,Total non-performing assets (NPA),By geography > Total non-performing assets (NPA),
DBS,FS_NPA_COVERAGE,DBS_4Q22_performance_summary,4Q22,by_business_unit::consumer_banking_wealth_management,Consumer Banking/ Wealth Management,By business unit > Consumer Banking/ Wealth Management,
DBS,FS_NPA_COVERAGE,DBS_4Q22_performance_summary,4Q22,by_business_unit::institutional_banking_and_others,Institutional Banking and Others,By business unit > Institutional Banking and Others,
DBS,FS_NPA_COVERAGE,DBS_4Q22_performance_summary,4Q22,by_business_unit::total_non_performing_loans_npl,Total non-performing loans (NPL),By business unit > Total non-performing loans (NPL),
DBS,FS_NPA_COVERAGE,DBS_4Q22_performance_summary,4Q22,by_business_unit::debt_securities_contingent_liabilities_and_others,"Debt securities, contingent liabilities & others","By business unit > Debt securities, contingent liabilities & others",
DBS,FS_NPA_COVERAGE,DBS_4Q22_performance_summary,4Q22,by_business_unit::total_non_performing_assets_npa,Total non-performing assets (NPA),By business unit > Total non-performing assets (NPA),
DBS,FS_NPA_COVERAGE,DBS_4Q22_performance_summary,4Q22,by_geography::singapore,Singapore,By geography > Singapore,
DBS,FS_NPA_COVERAGE,DBS_4Q22_performance_summary,4Q22,by_geography::hong_kong,Hong Kong,By geography > Hong Kong,
DBS,FS_NPA_COVERAGE,DBS_4Q22_performance_summary,4Q22,by_geography::rest_of_greater_china,Rest of Greater China,By geography > Rest of Greater China,
DBS,FS_NPA_COVERAGE,DBS_4Q22_performance_summary,4Q22,by_geography::south_and_southeast_asia,South and Southeast Asia,By geography > South and Southeast Asia,
DBS,FS_NPA_COVERAGE,DBS_4Q22_performance_summary,4Q22,by_geography::rest_of_the_world,Rest of the World,By geography > Rest of the World,
DBS,FS_NPA_COVERAGE,DBS_4Q22_performance_summary,4Q22,by_geography::total_non_performing_loans_npl,Total non-performing loans (NPL),By geography > Total non-performing loans (NPL),
DBS,FS_NPA_COVERAGE,DBS_4Q22_performance_summary,4Q22,by_geography::debt_securities_contingent_liabilities_and_others,"Debt securities, contingent liabilities & others","By geography > Debt securities, contingent liabilities & others",
DBS,FS_NPA_COVERAGE,DBS_4Q22_performance_summary,4Q22,by_geography::total_non_performing_assets_npa,Total non-performing assets (NPA),By geography > Total non-performing assets (NPA),
DBS,FS_NPA_COVERAGE,DBS_4Q22_performance_summary,4Q22,loss_allowance_coverage::ecl_stage_3_sp,ECL² Stage 3 (SP),Loss Allowance Coverage > ECL Stage 3 (SP),
DBS,FS_NPA_COVERAGE,DBS_4Q22_performance_summary,4Q22,loss_allowance_coverage::ecl_stage_1_and_2_gp,ECL² Stage 1 and 2 (GP),Loss Allowance Coverage > ECL Stage 1 and 2 (GP),
DBS,FS_NPA_COVERAGE,DBS_4Q22_performance_summary,4Q22,loss_allowance_coverage::total_allowances,Total allowances,Loss Allowance Coverage > Total allowances,
DBS,FS_NPA_COVERAGE,DBS_4Q22_performance_summary,4Q22,loss_allowance_coverage::total_allowances_npa,Total allowances / NPA,Loss Allowance Coverage > Total allowances / NPA,
DBS,FS_NPA_COVERAGE,DBS_4Q22_performance_summary,4Q22,loss_allowance_coverage::total_allowances_unsecured_npa,Total allowances / unsecured NPA,Loss Allowance Coverage > Total allowances / unsecured NPA,
DBS,FS_NPA_COVERAGE,DBS_2Q25_performance_summary,2Q25,by_business_unit::consumer_banking_wealth_management,Consumer Banking/ Wealth Management,By business unit > Consumer Banking/ Wealth Management,
DBS,FS_NPA_COVERAGE,DBS_2Q25_performance_summary,2Q25,by_business_unit::institutional_banking_and_others,Institutional Banking and Others,By business unit > Institutional Banking and Others,
DBS,FS_NPA_COVERAGE,DBS_2Q25_performance_summary,2Q25,by_business_unit::total_non_performing_loans_npl,Total non-performing loans (NPL),By business unit > Total non-performing loans (NPL),
DBS,FS_NPA_COVERAGE,DBS_2Q25_performance_summary,2Q25,by_business_unit::debt_securities_contingent_liabilities_and_others,"Debt securities, contingent liabilities & others","By business unit > Debt securities, contingent liabilities & others",
DBS,FS_NPA_COVERAGE,DBS_2Q25_performance_summary,2Q25,by_business_unit::total_non_performing_assets_npa,Total non-performing assets (NPA),By business unit > Total non-performing assets (NPA),
DBS,FS_NPA_COVERAGE,DBS_2Q25_performance_summary,2Q25,by_geography::singapore,Singapore,By geography > Singapore,
DBS,FS_NPA_COVERAGE,DBS_2Q25_performance_summary,2Q25,by_geography::hong_kong,Hong Kong,By geography > Hong Kong,
DBS,FS_NPA_COVERAGE,DBS_2Q25_performance_summary,2Q25,by_geography::rest_of_greater_china,Rest of Greater China,By geography > Rest of Greater China,
DBS,FS_NPA_COVERAGE,DBS_2Q25_performance_summary,2Q25,by_geography::south_and_southeast_asia,South and Southeast Asia,By geography > South and Southeast Asia,
DBS,FS_NPA_COVERAGE,DBS_2Q25_performance_summary,2Q25,by_geography::rest_of_the_world,Rest of the World,By geography > Rest of the World,
DBS,FS_NPA_COVERAGE,DBS_2Q25_performance_summary,2Q25,by_geography::total_non_performing_loans_npl,Total non-performing loans (NPL),By geography > Total non-performing loans (NPL),
DBS,FS_NPA_COVERAGE,DBS_2Q25_performance_summary,2Q25,by_geography::debt_securities_contingent_liabilities_and_others,"Debt securities, contingent liabilities & others","By geography > Debt securities, contingent liabilities & others",
DBS,FS_NPA_COVERAGE,DBS_2Q25_performance_summary,2Q25,by_geography::total_non_performing_assets_npa,Total non-performing assets (NPA),By geography > Total non-performing assets (NPA),
DBS,FS_NPA_COVERAGE,DBS_2Q22_performance_summary,2Q22,by_business_unit::consumer_banking_wealth_management,Consumer Banking/ Wealth Management,By business unit > Consumer Banking/ Wealth Management,
DBS,FS_NPA_COVERAGE,DBS_2Q22_performance_summary,2Q22,by_business_unit::institutional_banking_and_others,Institutional Banking and Others,By business unit > Institutional Banking and Others,
DBS,FS_NPA_COVERAGE,DBS_2Q22_performance_summary,2Q22,by_business_unit::total_non_performing_loans_npl,Total non-performing loans (NPL),By business unit > Total non-performing loans (NPL),
DBS,FS_NPA_COVERAGE,DBS_2Q22_performance_summary,2Q22,by_business_unit::debt_securities_contingent_liabilities_and_others,"Debt securities, contingent liabilities & others","By business unit > Debt securities, contingent liabilities & others",
DBS,FS_NPA_COVERAGE,DBS_2Q22_performance_summary,2Q22,by_business_unit::total_non_performing_assets_npa,Total non-performing assets (NPA),By business unit > Total non-performing assets (NPA),
DBS,FS_NPA_COVERAGE,DBS_2Q22_performance_summary,2Q22,by_geography::singapore,Singapore,By geography > Singapore,
DBS,FS_NPA_COVERAGE,DBS_2Q22_performance_summary,2Q22,by_geography::hong_kong,Hong Kong,By geography > Hong Kong,
DBS,FS_NPA_COVERAGE,DBS_2Q22_performance_summary,2Q22,by_geography::rest_of_greater_china,Rest of Greater China,By geography > Rest of Greater China,
DBS,FS_NPA_COVERAGE,DBS_2Q22_performance_summary,2Q22,by_geography::south_and_southeast_asia,South and Southeast Asia,By geography > South and Southeast Asia,
DBS,FS_NPA_COVERAGE,DBS_2Q22_performance_summary,2Q22,by_geography::rest_of_the_world,Rest of the World,By geography > Rest of the World,
DBS,FS_NPA_COVERAGE,DBS_2Q22_performance_summary,2Q22,by_geography::total_non_performing_loans_npl,Total non-performing loans (NPL),By geography > Total non-performing loans (NPL),
DBS,FS_NPA_COVERAGE,DBS_2Q22_performance_summary,2Q22,by_geography::debt_securities_contingent_liabilities_and_others,"Debt securities, contingent liabilities & others","By geography > Debt securities, contingent liabilities & others",
DBS,FS_NPA_COVERAGE,DBS_2Q22_performance_summary,2Q22,by_geography::total_non_performing_assets_npa,Total non-performing assets (NPA),By geography > Total non-performing assets (NPA),
DBS,FS_NPA_COVERAGE,DBS_2Q22_performance_summary,2Q22,loss_allowance_coverage::ecl_stage_3_sp,ECL² Stage 3 (SP),Loss Allowance Coverage > ECL Stage 3 (SP),
DBS,FS_NPA_COVERAGE,DBS_2Q22_performance_summary,2Q22,loss_allowance_coverage::ecl_stage_1_and_2_gp,ECL² Stage 1 and 2 (GP),Loss Allowance Coverage > ECL Stage 1 and 2 (GP),
DBS,FS_NPA_COVERAGE,DBS_2Q22_performance_summary,2Q22,loss_allowance_coverage::total_allowances,Total allowances,Loss Allowance Coverage > Total allowances,
DBS,FS_NPA_COVERAGE,DBS_2Q22_performance_summary,2Q22,loss_allowance_coverage::total_allowances_npa,Total allowances/ NPA,Loss Allowance Coverage > Total allowances/ NPA,
DBS,FS_NPA_COVERAGE,DBS_2Q22_performance_summary,2Q22,loss_allowance_coverage::total_allowances_unsecured_npa,Total allowances/ unsecured NPA,Loss Allowance Coverage > Total allowances/ unsecured NPA,
DBS,FS_NPA_COVERAGE,DBS_2Q22_performance_summary,2Q22,by_business_unit::consumer_banking_wealth_management,Consumer Banking/ Wealth Management,By business unit > Consumer Banking/ Wealth Management,
DBS,FS_NPA_COVERAGE,DBS_2Q22_performance_summary,2Q22,by_business_unit::institutional_banking_and_others,Institutional Banking and Others,By business unit > Institutional Banking and Others,
DBS,FS_NPA_COVERAGE,DBS_2Q22_performance_summary,2Q22,by_business_unit::total_non_performing_loans_npl,Total non-performing loans (NPL),By business unit > Total non-performing loans (NPL),
DBS,FS_NPA_COVERAGE,DBS_2Q22_performance_summary,2Q22,by_business_unit::debt_securities_contingent_liabilities_and_others,"Debt securities, contingent liabilities & others","By business unit > Debt securities, contingent liabilities & others",
DBS,FS_NPA_COVERAGE,DBS_2Q22_performance_summary,2Q22,by_business_unit::total_non_performing_assets_npa,Total non-performing assets (NPA),By business unit > Total non-performing assets (NPA),
DBS,FS_NPA_COVERAGE,DBS_2Q22_performance_summary,2Q22,by_geography::singapore,Singapore,By geography > Singapore,
DBS,FS_NPA_COVERAGE,DBS_2Q22_performance_summary,2Q22,by_geography::hong_kong,Hong Kong,By geography > Hong Kong,
DBS,FS_NPA_COVERAGE,DBS_2Q22_performance_summary,2Q22,by_geography::rest_of_greater_china,Rest of Greater China,By geography > Rest of Greater China,
DBS,FS_NPA_COVERAGE,DBS_2Q22_performance_summary,2Q22,by_geography::south_and_southeast_asia,South and Southeast Asia,By geography > South and Southeast Asia,
DBS,FS_NPA_COVERAGE,DBS_2Q22_performance_summary,2Q22,by_geography::rest_of_the_world,Rest of the World,By geography > Rest of the World,
DBS,FS_NPA_COVERAGE,DBS_2Q22_performance_summary,2Q22,by_geography::total_non_performing_loans_npl,Total non-performing loans (NPL),By geography > Total non-performing loans (NPL),
DBS,FS_NPA_COVERAGE,DBS_2Q22_performance_summary,2Q22,by_geography::debt_securities_contingent_liabilities_and_others,"Debt securities, contingent liabilities & others","By geography > Debt securities, contingent liabilities & others",
DBS,FS_NPA_COVERAGE,DBS_2Q22_performance_summary,2Q22,by_geography::total_non_performing_assets_npa,Total non-performing assets (NPA),By geography > Total non-performing assets (NPA),
DBS,FS_NPA_COVERAGE,DBS_4Q22_performance_summary,4Q22,by_business_unit::consumer_banking_wealth_management,Consumer Banking/ Wealth Management,By business unit > Consumer Banking/ Wealth Management,
DBS,FS_NPA_COVERAGE,DBS_4Q22_performance_summary,4Q22,by_business_unit::institutional_banking_and_others,Institutional Banking and Others,By business unit > Institutional Banking and Others,
DBS,FS_NPA_COVERAGE,DBS_4Q22_performance_summary,4Q22,by_business_unit::total_non_performing_loans_npl,Total non-performing loans (NPL),By business unit > Total non-performing loans (NPL),
DBS,FS_NPA_COVERAGE,DBS_4Q22_performance_summary,4Q22,by_business_unit::debt_securities_contingent_liabilities_and_others,"Debt securities, contingent liabilities & others","By business unit > Debt securities, contingent liabilities & others",
DBS,FS_NPA_COVERAGE,DBS_4Q22_performance_summary,4Q22,by_business_unit::total_non_performing_assets_npa,Total non-performing assets (NPA),By business unit > Total non-performing assets (NPA),
DBS,FS_NPA_COVERAGE,DBS_4Q22_performance_summary,4Q22,by_geography::singapore,Singapore,By geography > Singapore,
DBS,FS_NPA_COVERAGE,DBS_4Q22_performance_summary,4Q22,by_geography::hong_kong,Hong Kong,By geography > Hong Kong,
DBS,FS_NPA_COVERAGE,DBS_4Q22_performance_summary,4Q22,by_geography::rest_of_greater_china,Rest of Greater China,By geography > Rest of Greater China,
DBS,FS_NPA_COVERAGE,DBS_4Q22_performance_summary,4Q22,by_geography::south_and_southeast_asia,South and Southeast Asia,By geography > South and Southeast Asia,
DBS,FS_NPA_COVERAGE,DBS_4Q22_performance_summary,4Q22,by_geography::rest_of_the_world,Rest of the World,By geography > Rest of the World,
DBS,FS_NPA_COVERAGE,DBS_4Q22_performance_summary,4Q22,by_geography::total_non_performing_loans_npl,Total non-performing loans (NPL),By geography > Total non-performing loans (NPL),
DBS,FS_NPA_COVERAGE,DBS_4Q22_performance_summary,4Q22,by_geography::debt_securities_contingent_liabilities_and_others,"Debt securities, contingent liabilities & others","By geography > Debt securities, contingent liabilities & others",
DBS,FS_NPA_COVERAGE,DBS_4Q22_performance_summary,4Q22,by_geography::total_non_performing_assets_npa,Total non-performing assets (NPA),By geography > Total non-performing assets (NPA),
DBS,FS_NPA_COVERAGE,DBS_4Q22_performance_summary,4Q22,loss_allowance_coverage::ecl_stage_3_sp,ECL² Stage 3 (SP),Loss Allowance Coverage > ECL Stage 3 (SP),
DBS,FS_NPA_COVERAGE,DBS_4Q22_performance_summary,4Q22,loss_allowance_coverage::ecl_stage_1_and_2_gp,ECL² Stage 1 and 2 (GP),Loss Allowance Coverage > ECL Stage 1 and 2 (GP),
DBS,FS_NPA_COVERAGE,DBS_4Q22_performance_summary,4Q22,loss_allowance_coverage::total_allowances,Total allowances,Loss Allowance Coverage > Total allowances,
DBS,FS_NPA_COVERAGE,DBS_4Q22_performance_summary,4Q22,loss_allowance_coverage::total_allowances_npa,Total allowances / NPA,Loss Allowance Coverage > Total allowances / NPA,
DBS,FS_NPA_COVERAGE,DBS_4Q22_performance_summary,4Q22,loss_allowance_coverage::total_allowances_unsecured_npa,Total allowances / unsecured NPA,Loss Allowance Coverage > Total allowances / unsecured NPA,
DBS,FS_CUSTOMER_DEPOSITS,DBS_2Q25_performance_summary,2Q25,singapore_dollar::fixed_deposits,Fixed deposits,Singapore dollar > Fixed deposits,
DBS,FS_CUSTOMER_DEPOSITS,DBS_2Q25_performance_summary,2Q25,singapore_dollar::savings_accounts,Savings accounts,Singapore dollar > Savings accounts,
DBS,FS_CUSTOMER_DEPOSITS,DBS_2Q25_performance_summary,2Q25,singapore_dollar::current_accounts,Current accounts,Singapore dollar > Current accounts,
DBS,FS_CUSTOMER_DEPOSITS,DBS_2Q25_performance_summary,2Q25,singapore_dollar::others,Others,Singapore dollar > Others,
DBS,FS_CUSTOMER_DEPOSITS,DBS_2Q25_performance_summary,2Q25,us_dollar::fixed_deposits,Fixed deposits,US dollar > Fixed deposits,
DBS,FS_CUSTOMER_DEPOSITS,DBS_2Q25_performance_summary,2Q25,us_dollar::savings_accounts,Savings accounts,US dollar > Savings accounts,
DBS,FS_CUSTOMER_DEPOSITS,DBS_2Q25_performance_summary,2Q25,us_dollar::current_accounts,Current accounts,US dollar > Current accounts,
DBS,FS_CUSTOMER_DEPOSITS,DBS_2Q25_performance_summary,2Q25,us_dollar::others,Others,US dollar > Others,
DBS,FS_CUSTOMER_DEPOSITS,DBS_2Q25_performance_summary,2Q25,hong_kong_dollar::fixed_deposits,Fixed deposits,Hong Kong dollar > Fixed deposits,
DBS,FS_CUSTOMER_DEPOSITS,DBS_2Q25_performance_summary,2Q25,hong_kong_dollar::savings_accounts,Savings accounts,Hong Kong dollar > Savings accounts,
DBS,FS_CUSTOMER_DEPOSITS,DBS_2Q25_performance_summary,2Q25,hong_kong_dollar::current_accounts,Current accounts,Hong Kong dollar > Current accounts,
DBS,FS_CUSTOMER_DEPOSITS,DBS_2Q25_performance_summary,2Q25,hong_kong_dollar::others,Others,Hong Kong dollar > Others,
DBS,FS_CUSTOMER_DEPOSITS,DBS_2Q25_performance_summary,2Q25,taiwan_dollar::fixed_deposits,Fixed deposits,Taiwan dollar > Fixed deposits,
DBS,FS_CUSTOMER_DEPOSITS,DBS_2Q25_performance_summary,2Q25,taiwan_dollar::savings_accounts,Savings accounts,Taiwan dollar > Savings accounts,
DBS,FS_CUSTOMER_DEPOSITS,DBS_2Q25_performance_summary,2Q25,taiwan_dollar::current_accounts,Current accounts,Taiwan dollar > Current accounts,
DBS,FS_CUSTOMER_DEPOSITS,DBS_2Q25_performance_summary,2Q25,chinese_yuan::fixed_deposits,Fixed deposits,Chinese yuan > Fixed deposits,
DBS,FS_CUSTOMER_DEPOSITS,DBS_2Q25_performance_summary,2Q25,chinese_yuan::savings_accounts,Savings accounts,Chinese yuan > Savings accounts,
DBS,FS_CUSTOMER_DEPOSITS,DBS_2Q25_performance_summary,2Q25,chinese_yuan::current_accounts,Current accounts,Chinese yuan > Current accounts,
DBS,FS_CUSTOMER_DEPOSITS,DBS_2Q25_performance_summary,2Q25,chinese_yuan::others,Others,Chinese yuan > Others,
DBS,FS_CUSTOMER_DEPOSITS,DBS_2Q25_performance_summary,2Q25,others::fixed_deposits,Fixed deposits,Others > Fixed deposits,
DBS,FS_CUSTOMER_DEPOSITS,DBS_2Q25_performance_summary,2Q25,others::savings_accounts,Savings accounts,Others > Savings accounts,
DBS,FS_CUSTOMER_DEPOSITS,DBS_2Q25_performance_summary,2Q25,others::current_accounts,Current accounts,Others > Current accounts,
DBS,FS_CUSTOMER_DEPOSITS,DBS_2Q25_performance_summary,2Q25,others,Others,Others > Others,
DBS,FS_CUSTOMER_DEPOSITS,DBS_2Q25_performance_summary,2Q25,others::total,Total,Others > Total,
DBS,FS_CUSTOMER_DEPOSITS,DBS_2Q25_performance_summary,2Q25,total::fixed_deposits,Fixed deposits,Total > Fixed deposits,
DBS,FS_CUSTOMER_DEPOSITS,DBS_2Q25_performance_summary,2Q25,total::savings_accounts,Savings accounts,Total > Savings accounts,
DBS,FS_CUSTOMER_DEPOSITS,DBS_2Q25_performance_summary,2Q25,total::current_accounts,Current accounts,Total > Current accounts,
DBS,FS_CUSTOMER_DEPOSITS,DBS_2Q25_performance_summary,2Q25,total::others,Others,Total > Others,
DBS,FS_CUSTOMER_DEPOSITS,DBS_2Q22_performance_summary,2Q22,total::fixed_deposits,Fixed deposits,Total > Fixed deposits,
DBS,FS_CUSTOMER_DEPOSITS,DBS_2Q22_performance_summary,2Q22,total::savings_accounts,Savings accounts,Total > Savings accounts,
DBS,FS_CUSTOMER_DEPOSITS,DBS_2Q22_performance_summary,2Q22,total::current_accounts,Current accounts,Total > Current accounts,
DBS,FS_CUSTOMER_DEPOSITS,DBS_2Q22_performance_summary,2Q22,total::others,Others,Total > Others,
DBS,FS_CUSTOMER_DEPOSITS,DBS_4Q22_performance_summary,4Q22,by_currency_and_product::others::total,Total,By currency and product > Others > Total,by_currency_and_product::others
DBS,FS_CUSTOMER_DEPOSITS,DBS_4Q22_performance_summary,4Q22,total::fixed_deposits,Fixed deposits,Total > Fixed deposits,
DBS,FS_CUSTOMER_DEPOSITS,DBS_4Q22_performance_summary,4Q22,total::savings_accounts,Savings accounts,Total > Savings accounts,
DBS,FS_CUSTOMER_DEPOSITS,DBS_4Q22_performance_summary,4Q22,total::current_accounts,Current accounts,Total > Current accounts,
DBS,FS_CUSTOMER_DEPOSITS,DBS_4Q22_performance_summary,4Q22,total::others,Others,Total > Others,
DBS,FS_DEBTS_ISSUED,DBS_2Q22_performance_summary,2Q22,covered_bonds,Covered bonds²,Covered bonds,
DBS,FS_CAPITAL_ADEQUACY,DBS_2Q25_performance_summary,2Q25,tier_1_capital::credit_rwa,Credit RWA,Tier 1 capital > Credit RWA,tier_1_capital
DBS,FS_CAPITAL_ADEQUACY,DBS_2Q25_performance_summary,2Q25,tier_1_capital::market_rwa,Market RWA,Tier 1 capital > Market RWA,tier_1_capital
DBS,FS_CAPITAL_ADEQUACY,DBS_2Q25_performance_summary,2Q25,tier_1_capital::operational_rwa,Operational RWA,Tier 1 capital > Operational RWA,tier_1_capital
DBS,FS_CAPITAL_ADEQUACY,DBS_2Q25_performance_summary,2Q25,tier_1_capital::common_equity_tier_1_cet_1,Common Equity Tier 1 (CET-1)¹,Tier 1 capital > Common Equity Tier 1 (CET-1),tier_1_capital
DBS,FS_CAPITAL_ADEQUACY,DBS_2Q25_performance_summary,2Q25,tier_1_capital::tier,Tier 1¹,Tier 1 capital > Tier,tier_1_capital
DBS,FS_CAPITAL_ADEQUACY,DBS_2Q25_performance_summary,2Q25,tier_1_capital::total,Total¹,Tier 1 capital > Total,tier_1_capital
DBS,FS_CAPITAL_ADEQUACY,DBS_2Q25_performance_summary,2Q25,tier_1_capital::fully_phased_in_cet,Fully phased-in CET-1²,Tier 1 capital > Fully phased-in CET-,tier_1_capital
DBS,FS_CAPITAL_ADEQUACY,DBS_2Q25_performance_summary,2Q25,tier_1_capital::cet,CET-1,Tier 1 capital > CET-,tier_1_capital
DBS,FS_CAPITAL_ADEQUACY,DBS_2Q25_performance_summary,2Q25,tier_1_capital::effective_tier,Effective Tier 1,Tier 1 capital > Effective Tier,tier_1_capital
DBS,FS_CAPITAL_ADEQUACY,DBS_2Q25_performance_summary,2Q25,tier_1_capital::effective_total,Effective Total,Tier 1 capital > Effective Total,tier_1_capital
DBS,FS_CAPITAL_ADEQUACY,DBS_2Q22_performance_summary,2Q22,capital_adequacy_ratio_car::common_equity_tier,Common Equity Tier 1,Capital Adequacy Ratio (“CAR”) > Common Equity Tier,capital_adequacy_ratio_car::common_equity_tier_1_cet_1
DBS,FS_CAPITAL_ADEQUACY,DBS_2Q22_performance_summary,2Q22,minimum_car_including_buffer_requirements::common_equity_tier,Common Equity Tier 1,Minimum CAR including Buffer Requirements > Common Equity Tier,minimum_car_including_buffer_requirements::cet
OCBC,FS_OTHER_NONII_DETAIL,OCBC_1H25_Media_Release_Financial_Highlights,2Q25,gross_fee_and_commission_income::gross_fee_and_commission_income_total,Gross fee and commission income total,Gross fee and commission income > Gross fee and commission income total,gross_fee_and_commission_income::brokerage
OCBC,FS_OTHER_NONII_DETAIL,OCBC_1H25_Media_Release_Financial_Highlights,2Q25,income_from_life_and_general_insurance::sub_total_income_from_life_and_general_insurance,Sub-total (Income from life and general insurance),Income from life and general insurance > Sub-total (Income from life and general insurance),income_from_life_and_general_insurance::insurance_service_results_from_life_insurance
OCBC,FS_OTHER_NONII_DETAIL,OCBC_1H25_Media_Release_Financial_Highlights,2Q25,other_income::sub_total_other_income,Sub-total (Other income),Other income > Sub-total (Other income),other_income::disposal_of_investment_securities
OCBC,FS_EXPENSES_DETAIL,OCBC_1H25_Media_Release_Financial_Highlights,2Q25,property_and_equipment::depreciation,Depreciation,Property and equipment > Depreciation,
OCBC,FS_EXPENSES_DETAIL,OCBC_1H25_Media_Release_Financial_Highlights,2Q25,property_and_equipment::maintenance_and_rental,Maintenance and rental,Property and equipment > Maintenance and rental,
OCBC,FS_EXPENSES_DETAIL,OCBC_1H25_Media_Release_Financial_Highlights,2Q25,property_and_equipment::others,Others,Property and equipment > Others,
OCBC,FS_EXPENSES_DETAIL,OCBC_1H25_Media_Release_Financial_Highlights,2Q25,property_and_equipment::property_and_equipment_total,Property and equipment total,Property and equipment > Property and equipment total,
OCBC,FS_EXPENSES_DETAIL,OCBC_1H25_Media_Release_Financial_Highlights,2Q25,property_and_equipment::other_operating_expenses,Other operating expenses,Property and equipment > Other operating expenses,
OCBC,FS_EXPENSES_DETAIL,OCBC_1H25_Media_Release_Financial_Highlights,2Q25,property_and_equipment::total_operating_expenses,Total operating expenses,Property and equipment > Total operating expenses,
OCBC,FS_EXPENSES_DETAIL,OCBC_1H25_Media_Release_Financial_Highlights,2Q25,property_and_equipment::depreciation,Depreciation,Property and equipment > Depreciation,
OCBC,FS_EXPENSES_DETAIL,OCBC_1H25_Media_Release_Financial_Highlights,2Q25,property_and_equipment::maintenance_and_rental,Maintenance and rental,Property and equipment > Maintenance and rental,
OCBC,FS_EXPENSES_DETAIL,OCBC_1H25_Media_Release_Financial_Highlights,2Q25,property_and_equipment::others,Others,Property and equipment > Others,
OCBC,FS_EXPENSES_DETAIL,OCBC_1H25_Media_Release_Financial_Highlights,2Q25,property_and_equipment::property_and_equipment_total,Property and equipment total,Property and equipment > Property and equipment total,
OCBC,FS_EXPENSES_DETAIL,OCBC_1H25_Media_Release_Financial_Highlights,2Q25,property_and_equipment::other_operating_expenses,Other operating expenses,Property and equipment > Other operating expenses,
OCBC,FS_EXPENSES_DETAIL,OCBC_1H25_Media_Release_Financial_Highlights,2Q25,property_and_equipment::total_operating_expenses,Total operating expenses,Property and equipment > Total operating expenses,
OCBC,FS_NPA_COVERAGE,OCBC_1H25_Media_Release_Financial_Highlights,2Q25,singapore,30 Jun 2025,Singapore,
OCBC,FS_NPA_COVERAGE,OCBC_1H25_Media_Release_Financial_Highlights,2Q25,singapore,31 Dec 2024,Singapore,
OCBC,FS_NPA_COVERAGE,OCBC_1H25_Media_Release_Financial_Highlights,2Q25,singapore,30 Jun 2024,Singapore,
OCBC,FS_NPA_COVERAGE,OCBC_1H25_Media_Release_Financial_Highlights,2Q25,malaysia,30 Jun 2025,Malaysia,
OCBC,FS_NPA_COVERAGE,OCBC_1H25_Media_Release_Financial_Highlights,2Q25,malaysia,31 Dec 2024,Malaysia,
OCBC,FS_NPA_COVERAGE,OCBC_1H25_Media_Release_Financial_Highlights,2Q25,malaysia,30 Jun 2024,Malaysia,
OCBC,FS_NPA_COVERAGE,OCBC_1H25_Media_Release_Financial_Highlights,2Q25,indonesia,30 Jun 2025,Indonesia,
OCBC,FS_NPA_COVERAGE,OCBC_1H25_Media_Release_Financial_Highlights,2Q25,indonesia,31 Dec 2024,Indonesia,
OCBC,FS_NPA_COVERAGE,OCBC_1H25_Media_Release_Financial_Highlights,2Q25,indonesia,30 Jun 2024,Indonesia,
OCBC,FS_NPA_COVERAGE,OCBC_1H25_Media_Release_Financial_Highlights,2Q25,greater_china,30 Jun 2025,Greater China,
OCBC,FS_NPA_COVERAGE,OCBC_1H25_Media_Release_Financial_Highlights,2Q25,greater_china,31 Dec 2024,Greater China,
OCBC,FS_NPA_COVERAGE,OCBC_1H25_Media_Release_Financial_Highlights,2Q25,greater_china,30 Jun 2024,Greater China,
OCBC,FS_NPA_COVERAGE,OCBC_1H25_Media_Release_Financial_Highlights,2Q25,other_asia_pacific,30 Jun 2025,Other Asia Pacific,
OCBC,FS_NPA_COVERAGE,OCBC_1H25_Media_Release_Financial_Highlights,2Q25,other_asia_pacific,31 Dec 2024,Other Asia Pacific,
OCBC,FS_NPA_COVERAGE,OCBC_1H25_Media_Release_Financial_Highlights,2Q25,other_asia_pacific,30 Jun 2024,Other Asia Pacific,
OCBC,FS_NPA_COVERAGE,OCBC_1H25_Media_Release_Financial_Highlights,2Q25,rest_of_the_world,30 Jun 2025,Rest of the World,
OCBC,FS_NPA_COVERAGE,OCBC_1H25_Media_Release_Financial_Highlights,2Q25,rest_of_the_world,31 Dec 2024,Rest of the World,
OCBC,FS_NPA_COVERAGE,OCBC_1H25_Media_Release_Financial_Highlights,2Q25,rest_of_the_world,30 Jun 2024,Rest of the World,
OCBC,FS_NPA_COVERAGE,OCBC_1H25_Media_Release_Financial_Highlights,2Q25,group,30 Jun 2025,Group,
OCBC,FS_NPA_COVERAGE,OCBC_1H25_Media_Release_Financial_Highlights,2Q25,group,31 Dec 2024,Group,
OCBC,FS_NPA_COVERAGE,OCBC_1H25_Media_Release_Financial_Highlights,2Q25,group,30 Jun 2024,Group,
OCBC,FS_NPA_COVERAGE,OCBC_1H25_Media_Release_Financial_Highlights,2Q25,singapore,30 Jun 2025,Singapore,
OCBC,FS_NPA_COVERAGE,OCBC_1H25_Media_Release_Financial_Highlights,2Q25,singapore,31 Dec 2024,Singapore,
OCBC,FS_NPA_COVERAGE,OCBC_1H25_Media_Release_Financial_Highlights,2Q25,singapore,30 Jun 2024,Singapore,
OCBC,FS_NPA_COVERAGE,OCBC_1H25_Media_Release_Financial_Highlights,2Q25,malaysia,30 Jun 2025,Malaysia,
OCBC,FS_NPA_COVERAGE,OCBC_1H25_Media_Release_Financial_Highlights,2Q25,malaysia,31 Dec 2024,Malaysia,
OCBC,FS_NPA_COVERAGE,OCBC_1H25_Media_Release_Financial_Highlights,2Q25,malaysia,30 Jun 2024,Malaysia,
OCBC,FS_NPA_COVERAGE,OCBC_1H25_Media_Release_Financial_Highlights,2Q25,indonesia,30 Jun 2025,Indonesia,
OCBC,FS_NPA_COVERAGE,OCBC_1H25_Media_Release_Financial_Highlights,2Q25,indonesia,31 Dec 2024,Indonesia,
OCBC,FS_NPA_COVERAGE,OCBC_1H25_Media_Release_Financial_Highlights,2Q25,indonesia,30 Jun 2024,Indonesia,
OCBC,FS_NPA_COVERAGE,OCBC_1H25_Media_Release_Financial_Highlights,2Q25,greater_china,30 Jun 2025,Greater China,
OCBC,FS_NPA_COVERAGE,OCBC_1H25_Media_Release_Financial_Highlights,2Q25,greater_china,31 Dec 2024,Greater China,
OCBC,FS_NPA_COVERAGE,OCBC_1H25_Media_Release_Financial_Highlights,2Q25,greater_china,30 Jun 2024,Greater China,
OCBC,FS_NPA_COVERAGE,OCBC_1H25_Media_Release_Financial_Highlights,2Q25,other_asia_pacific,30 Jun 2025,Other Asia Pacific,
OCBC,FS_NPA_COVERAGE,OCBC_1H25_Media_Release_Financial_Highlights,2Q25,other_asia_pacific,31 Dec 2024,Other Asia Pacific,
OCBC,FS_NPA_COVERAGE,OCBC_1H25_Media_Release_Financial_Highlights,2Q25,other_asia_pacific,30 Jun 2024,Other Asia Pacific,
OCBC,FS_NPA_COVERAGE,OCBC_1H25_Media_Release_Financial_Highlights,2Q25,rest_of_the_world,30 Jun 2025,Rest of the World,
OCBC,FS_NPA_COVERAGE,OCBC_1H25_Media_Release_Financial_Highlights,2Q25,rest_of_the_world,31 Dec 2024,Rest of the World,
OCBC,FS_NPA_COVERAGE,OCBC_1H25_Media_Release_Financial_Highlights,2Q25,rest_of_the_world,30 Jun 2024,Rest of the World,
OCBC,FS_NPA_COVERAGE,OCBC_1H25_Media_Release_Financial_Highlights,2Q25,group,30 Jun 2025,Group,
OCBC,FS_NPA_COVERAGE,OCBC_1H25_Media_Release_Financial_Highlights,2Q25,group,31 Dec 2024,Group,
OCBC,FS_NPA_COVERAGE,OCBC_1H25_Media_Release_Financial_Highlights,2Q25,group,30 Jun 2024,Group,
OCBC,FS_NPA_COVERAGE,OCBC_1H25_Media_Release_Financial_Highlights,2Q25,singapore,30 Jun 2025,Singapore,
OCBC,FS_NPA_COVERAGE,OCBC_1H25_Media_Release_Financial_Highlights,2Q25,singapore,31 Dec 2024,Singapore,
OCBC,FS_NPA_COVERAGE,OCBC_1H25_Media_Release_Financial_Highlights,2Q25,singapore,30 Jun 2024,Singapore,
OCBC,FS_NPA_COVERAGE,OCBC_1H25_Media_Release_Financial_Highlights,2Q25,malaysia,30 Jun 2025,Malaysia,
OCBC,FS_NPA_COVERAGE,OCBC_1H25_Media_Release_Financial_Highlights,2Q25,malaysia,31 Dec 2024,Malaysia,
OCBC,FS_NPA_COVERAGE,OCBC_1H25_Media_Release_Financial_Highlights,2Q25,malaysia,30 Jun 2024,Malaysia,
OCBC,FS_NPA_COVERAGE,OCBC_1H25_Media_Release_Financial_Highlights,2Q25,indonesia,30 Jun 2025,Indonesia,
OCBC,FS_NPA_COVERAGE,OCBC_1H25_Media_Release_Financial_Highlights,2Q25,indonesia,31 Dec 2024,Indonesia,
OCBC,FS_NPA_COVERAGE,OCBC_1H25_Media_Release_Financial_Highlights,2Q25,indonesia,30 Jun 2024,Indonesia,
OCBC,FS_NPA_COVERAGE,OCBC_1H25_Media_Release_Financial_Highlights,2Q25,greater_china,30 Jun 2025,Greater China,
OCBC,FS_NPA_COVERAGE,OCBC_1H25_Media_Release_Financial_Highlights,2Q25,greater_china,31 Dec 2024,Greater China,
OCBC,FS_NPA_COVERAGE,OCBC_1H25_Media_Release_Financial_Highlights,2Q25,greater_china,30 Jun 2024,Greater China,
OCBC,FS_NPA_COVERAGE,OCBC_1H25_Media_Release_Financial_Highlights,2Q25,other_asia_pacific,30 Jun 2025,Other Asia Pacific,
OCBC,FS_NPA_COVERAGE,OCBC_1H25_Media_Release_Financial_Highlights,2Q25,other_asia_pacific,31 Dec 2024,Other Asia Pacific,
OCBC,FS_NPA_COVERAGE,OCBC_1H25_Media_Release_Financial_Highlights,2Q25,other_asia_pacific,30 Jun 2024,Other Asia Pacific,
OCBC,FS_NPA_COVERAGE,OCBC_1H25_Media_Release_Financial_Highlights,2Q25,rest_of_the_world,30 Jun 2025,Rest of the World,
OCBC,FS_NPA_COVERAGE,OCBC_1H25_Media_Release_Financial_Highlights,2Q25,rest_of_the_world,31 Dec 2024,Rest of the World,
OCBC,FS_NPA_COVERAGE,OCBC_1H25_Media_Release_Financial_Highlights,2Q25,rest_of_the_world,30 Jun 2024,Rest of the World,
OCBC,FS_NPA_COVERAGE,OCBC_1H25_Media_Release_Financial_Highlights,2Q25,group,30 Jun 2025,Group,
OCBC,FS_NPA_COVERAGE,OCBC_1H25_Media_Release_Financial_Highlights,2Q25,group,31 Dec 2024,Group,
OCBC,FS_NPA_COVERAGE,OCBC_1H25_Media_Release_Financial_Highlights,2Q25,group,30 Jun 2024,Group,
OCBC,FS_ASSET_QUALITY,OCBC_1H25_Media_Release_Financial_Highlights,2Q25,non_performing_assets_npas::non_performing_loan_npl_ratio,Non-performing loan (NPL) ratio,Non-performing assets (NPAs) > Non-performing loan (NPL) ratio,non_performing_assets_npas
OCBC,FS_ASSET_QUALITY,OCBC_1H25_Media_Release_Financial_Highlights,2Q25,non_performing_assets_npas::total_npa_coverage,Total NPA coverage,Non-performing assets (NPAs) > Total NPA coverage,non_performing_assets_npas
OCBC,FS_ASSET_QUALITY,OCBC_1H25_Media_Release_Financial_Highlights,2Q25,non_performing_assets_npas::non_performing_loan_npl_ratio,Non-performing loan (NPL) ratio,Non-performing assets (NPAs) > Non-performing loan (NPL) ratio,non_performing_assets_npas
OCBC,FS_ASSET_QUALITY,OCBC_1H25_Media_Release_Financial_Highlights,2Q25,non_performing_assets_npas::total_npa_coverage,Total NPA coverage,Non-performing assets (NPAs) > Total NPA coverage,non_performing_assets_npas
