doc_id,institution,concept_key_or_label,dimension,axis,n_members,verified,member_sample
DBS_2Q25_performance_summary,DBS Group Holdings Ltd,bs.assets.iea_average,unlabeled,row,4,True,Customer non-trade loans; Trade assets; Interbank assets2; Securities and others
DBS_2Q25_performance_summary,DBS Group Holdings Ltd,bs.assets.total,30 Jun 2024,row,2,True,Total assets before goodwill and intangibles assets; Goodwill and intangible assets
DBS_2Q25_performance_summary,DBS Group Holdings Ltd,bs.assets.total,30 Jun 2025,row,2,True,Total assets before goodwill and intangible assets; Goodwill and intangible assets
DBS_2Q25_performance_summary,DBS Group Holdings Ltd,bs.assets.total,31 Dec 2024,row,2,True,Total assets before goodwill and intangible assets; Goodwill and intangible assets
DBS_2Q25_performance_summary,DBS Group Holdings Ltd,bs.assets.total,Assets,row,12,True,Cash and balances with central banks; Government securities and treasury bills; Due from banks; Derivative assets; Bank and corporate securities
DBS_2Q25_performance_summary,DBS Group Holdings Ltd,bs.equity.shareholders,Equity,row,4,True,Share capital; Other equity instruments; Other reserves; Revenue reserves
DBS_2Q25_performance_summary,DBS Group Holdings Ltd,bs.liabilities.total,segment,col,4,True,Consumer Banking/ Wealth Management; Institutional Banking; Others; Trading
DBS_2Q25_performance_summary,DBS Group Holdings Ltd,bs.liabilities.total,Liabilities,row,7,True,Due to banks; Deposits and balances from customers; Derivative liabilities; Other liabilities; Due to subsidiaries
DBS_2Q25_performance_summary,DBS Group Holdings Ltd,label:amortisation of intangible assets,segment,col,4,True,Consumer Banking/ Wealth Management; Institutional Banking; Others; Trading
DBS_2Q25_performance_summary,DBS Group Holdings Ltd,label:balance at 30 june 2024,Balance at 1 January 2024,row,8,True,Balance at 1 January 2024; Purchase of treasury shares; Draw-down of share plan reserves upon vesting of performance shares; Cost of share-based payments; Dividends to shareholders
DBS_2Q25_performance_summary,DBS Group Holdings Ltd,label:balance at end of period,Issued Ordinary shares,row,3,True,Balance at beginning of period; Shares repurchased and cancelled; Issue of bonus shares
DBS_2Q25_performance_summary,DBS Group Holdings Ltd,label:balance at end of period,Treasury shares,row,3,True,Balance at beginning of period; Issue of bonus shares; Shares transferred pursuant to DBSH Share Plan
DBS_2Q25_performance_summary,DBS Group Holdings Ltd,label:capital expenditure for 1st half 2024,segment,col,4,True,Consumer Banking/ Wealth Management; Institutional Banking; Others; Trading
DBS_2Q25_performance_summary,DBS Group Holdings Ltd,label:capital expenditure for 1st half 2025,segment,col,4,True,Consumer Banking/ Wealth Management; Institutional Banking; Others; Trading
DBS_2Q25_performance_summary,DBS Group Holdings Ltd,label:capital expenditure for 2nd half 2024,segment,col,4,True,Consumer Banking/ Wealth Management; Institutional Banking; Others; Trading
DBS_2Q25_performance_summary,DBS Group Holdings Ltd,label:cash and cash equivalents at end of period,Cash flows from financing activities,row,2,True,Net change in cash and cash equivalents² (1)+(2)+(3)+; Cash and cash equivalents at beginning of period
DBS_2Q25_performance_summary,DBS Group Holdings Ltd,label:depreciation for 1st half 2024,segment,col,4,True,Consumer Banking/ Wealth Management; Institutional Banking; Others; Trading
DBS_2Q25_performance_summary,DBS Group Holdings Ltd,label:depreciation for 1st half 2025,segment,col,4,True,Consumer Banking/ Wealth Management; Institutional Banking; Others; Trading
DBS_2Q25_performance_summary,DBS Group Holdings Ltd,label:depreciation for 2nd half 2024,segment,col,4,True,Consumer Banking/ Wealth Management; Institutional Banking; Others; Trading
DBS_2Q25_performance_summary,DBS Group Holdings Ltd,label:interest bearing liabilities,unlabeled,row,2,True,Customer deposits; Other borrowings
DBS_2Q25_performance_summary,DBS Group Holdings Ltd,label:net cash used in financing activities,Cash flows from financing activities,row,6,True,Interest paid on subordinated term debts; Purchase of treasury shares; Dividends paid to shareholders of the Company; Repayment of lease liabilities; Redemption of perpetual capital securities
DBS_2Q25_performance_summary,DBS Group Holdings Ltd,label:net cash used in investing activities,Cash flows from investing activities,row,6,True,Dividends from associates and joint ventures; Acquisition of interests in associates and joint ventures; Return of capital from associates and joint ventures; Proceeds from disposal of properties and other fixed assets; Proceeds from disposal of associates
DBS_2Q25_performance_summary,DBS Group Holdings Ltd,label:profit after allowances and amortisation,Income,row,3,True,Profit before allowances and amortisation; Amortisation of intangible assets; Allowances for credit and other losses
DBS_2Q25_performance_summary,DBS Group Holdings Ltd,label:profit before allowances and amortisation,Selected income statement items ($m),row,2,True,Total income; Expenses
DBS_2Q25_performance_summary,DBS Group Holdings Ltd,label:share of profits losses of associates and jvs,segment,col,4,True,Consumer Banking/ Wealth Management; Institutional Banking; Others; Trading
DBS_2Q25_performance_summary,DBS Group Holdings Ltd,label:total,By period overdue,row,4,True,Not overdue; Within 90 days; Over 90 to180 days; Over 180 days
DBS_2Q25_performance_summary,DBS Group Holdings Ltd,label:total,Interest and similar income,row,4,True,Customer non-trade loans; Trade assets; Interbank assets; Securities and others
DBS_2Q25_performance_summary,DBS Group Holdings Ltd,label:total,Interest expense,row,2,True,Customer deposits; Other borrowings
DBS_2Q25_performance_summary,DBS Group Holdings Ltd,label:total,Non-performing assets,row,3,True,Substandard; Doubtful; Loss
DBS_2Q25_performance_summary,DBS Group Holdings Ltd,label:total,Of which: restructured assets,row,3,True,Substandard; Doubtful; Loss
DBS_2Q25_performance_summary,DBS Group Holdings Ltd,label:total,unlabeled,row,6,True,Subordinated term debts; Negotiable certificates of deposit; Senior medium term notes; Commercial papers; Covered bonds and other secured notes
DBS_2Q25_performance_summary,DBS Group Holdings Ltd,label:total assets before goodwill and intangible assets,segment,col,4,True,Consumer Banking/ Wealth Management; Institutional Banking; Others; Trading
DBS_2Q25_performance_summary,DBS Group Holdings Ltd,label:total assets before goodwill and intangibles assets,segment,col,4,True,Consumer Banking/ Wealth Management; Institutional Banking; Others; Trading
DBS_2Q25_performance_summary,DBS Group Holdings Ltd,label:total comprehensive income attributable,Other comprehensive income,row,2,True,Shareholders; Non-controlling interests
DBS_2Q25_performance_summary,DBS Group Holdings Ltd,label:total equity,Equity,row,2,True,Shareholders’ funds; Non-controlling interests
DBS_2Q25_performance_summary,DBS Group Holdings Ltd,label:total gross,By business unit,row,3,True,Consumer Banking/Wealth Management; Institutional Banking; Others
DBS_2Q25_performance_summary,DBS Group Holdings Ltd,label:total gross,By currency,row,6,True,Singapore dollar; US dollar; Hong Kong dollar; Taiwan dollar; Chinese yuan
DBS_2Q25_performance_summary,DBS Group Holdings Ltd,label:total gross,By geography,row,5,True,Singapore; Hong Kong; Rest of Greater China; South and Southeast Asia; Rest of the World
DBS_2Q25_performance_summary,DBS Group Holdings Ltd,label:total gross,By industry,row,8,True,"Manufacturing; Building and construction; Housing loans; General commerce; Transportation, storage & communications"
DBS_2Q25_performance_summary,DBS Group Holdings Ltd,label:total non performing assets npa,By business unit,row,2,True,"Total non-performing loans (NPL); Debt securities, contingent liabilities & others"
DBS_2Q25_performance_summary,DBS Group Holdings Ltd,label:total non performing assets npa,By geography,row,2,True,"Total non-performing loans (NPL); Debt securities, contingent liabilities & others"
DBS_2Q25_performance_summary,DBS Group Holdings Ltd,label:total non performing assets npa,unlabeled,row,2,True,"Total non-performing loans; Debt securities, contingent liabilities & others"
DBS_2Q25_performance_summary,DBS Group Holdings Ltd,label:total non performing loans,unlabeled,row,8,True,"Manufacturing; Building and construction; Housing loans; General commerce; Transportation, storage & communications"
DBS_2Q25_performance_summary,DBS Group Holdings Ltd,label:total non performing loans npl,By business unit,row,2,True,Consumer Banking/ Wealth Management; Institutional Banking and Others
DBS_2Q25_performance_summary,DBS Group Holdings Ltd,label:total non performing loans npl,By geography,row,5,True,Singapore; Hong Kong; Rest of Greater China; South and Southeast Asia; Rest of the World
DBS_2Q25_performance_summary,DBS Group Holdings Ltd,pnl.income.total,segment,col,4,True,Consumer Banking/ Wealth Management; Institutional Banking; Others; Trading
DBS_2Q25_performance_summary,DBS Group Holdings Ltd,pnl.income.total,1st Half 2024,row,3,True,Net interest income; Net fee and commission income; Other non-interest income
DBS_2Q25_performance_summary,DBS Group Holdings Ltd,pnl.income.total,1st Half 2025,row,3,True,Net interest income; Net fee and commission income; Other non-interest income
DBS_2Q25_performance_summary,DBS Group Holdings Ltd,pnl.income.total,2nd Half 2024,row,3,True,Net interest income; Net fee and commission income; Other non-interest income
DBS_2Q25_performance_summary,DBS Group Holdings Ltd,pnl.income.total,Selected income statement items ($m),row,2,True,Commercial book total income; Markets trading income
DBS_2Q25_performance_summary,DBS Group Holdings Ltd,pnl.nii.net,segment,col,4,True,Consumer Banking/ Wealth Management; Institutional Banking; Others; Trading
DBS_2Q25_performance_summary,DBS Group Holdings Ltd,pnl.nii.net,Income,row,2,True,Interest and similar income; Interest expense
DBS_2Q25_performance_summary,DBS Group Holdings Ltd,pnl.nii.net,Interest expense,row,2,True,Net impact on net interest income; Due to change in number of days
DBS_2Q25_performance_summary,DBS Group Holdings Ltd,pnl.noninterest.fee_commission,segment,col,4,True,Consumer Banking/ Wealth Management; Institutional Banking; Others; Trading
DBS_2Q25_performance_summary,DBS Group Holdings Ltd,pnl.noninterest.fee_commission,unlabeled,row,5,True,Investment banking; Transaction services; Loan-related; Cards; Wealth management
DBS_2Q25_performance_summary,DBS Group Holdings Ltd,pnl.noninterest.total,segment,col,4,True,Consumer Banking/ Wealth Management; Institutional Banking; Others; Trading
DBS_2Q25_performance_summary,DBS Group Holdings Ltd,pnl.noninterest.total,Income,row,4,True,Net fee and commission income; Net trading income; Net income from investment securities; Other income
DBS_2Q25_performance_summary,DBS Group Holdings Ltd,pnl.opex.total,segment,col,4,True,Consumer Banking/ Wealth Management; Institutional Banking; Others; Trading
DBS_2Q25_performance_summary,DBS Group Holdings Ltd,pnl.opex.total,Income,row,2,True,Employee benefits; Other expenses
DBS_2Q25_performance_summary,DBS Group Holdings Ltd,pnl.profit.net_attributable,1st Half 2024,row,2,True,Profit before tax; Income tax expense and non-controlling interests
DBS_2Q25_performance_summary,DBS Group Holdings Ltd,pnl.profit.net_attributable,1st Half 2025,row,2,True,Profit before tax; Income tax expense and non-controlling interests
DBS_2Q25_performance_summary,DBS Group Holdings Ltd,pnl.profit.net_attributable,2nd Half 2024,row,2,True,Profit before tax; Income tax expense and non-controlling interests
DBS_2Q25_performance_summary,DBS Group Holdings Ltd,pnl.profit.net_attributable,Attributable to:,row,2,True,Shareholders; Non-controlling interests
DBS_2Q25_performance_summary,DBS Group Holdings Ltd,pnl.profit.net_attributable,Income,row,2,True,Profit before tax; Income tax expense
DBS_2Q25_performance_summary,DBS Group Holdings Ltd,pnl.profit.net_attributable,Selected income statement items ($m),row,3,True,Net profit; Citi Integration; Provision for CSR
DBS_2Q25_performance_summary,DBS Group Holdings Ltd,pnl.profit.pretax,segment,col,4,True,Consumer Banking/ Wealth Management; Institutional Banking; Others; Trading
DBS_2Q25_performance_summary,DBS Group Holdings Ltd,pnl.profit.pretax,1st Half 2024,row,5,True,Total income; Expenses; Amortisation of intangible assets; Allowances for credit and other losses; Share of profits/losses of associates and JVs
DBS_2Q25_performance_summary,DBS Group Holdings Ltd,pnl.profit.pretax,1st Half 2025,row,5,True,Total income; Expenses; Amortisation of intangible assets; Allowances for credit and other losses; Share of profits/losses of associates and JVs
DBS_2Q25_performance_summary,DBS Group Holdings Ltd,pnl.profit.pretax,2nd Half 2024,row,5,True,Total income; Expenses; Amortisation of intangible assets; Allowances for credit and other losses; Share of profits/losses of associates and JVs
DBS_2Q25_performance_summary,DBS Group Holdings Ltd,pnl.profit.pretax,Income,row,2,True,Profit after allowances and amortisation; Share of profits/losses of associates and JVs
DBS_2Q25_performance_summary,DBS Group Holdings Ltd,pnl.profit.pretax,Selected income statement items ($m),row,4,True,Profit before allowances and amortisation; Amortisation of intangible assets; Allowances for credit and other losses; Share of profits/losses of associates and JVs
DBS_2Q25_performance_summary,DBS Group Holdings Ltd,pnl.provisions.total,segment,col,4,True,Consumer Banking/ Wealth Management; Institutional Banking; Others; Trading
DBS_2Q25_performance_summary,DBS Group Holdings Ltd,pnl.provisions.total,unlabeled,row,2,True,ECL Stage 3 (SP); ECL Stage 1 and 2 (GP)
DBS_2Q25_performance_summary,DBS Group Holdings Ltd,reg.capital.rwa,Risk-Weighted Assets (“RWA”),row,3,True,Credit RWA; Market RWA; Operational RWA
OCBC_4Q25_Condensed_Financial_Statements,Oversea-Chinese Banking Corporation Ltd,bs.assets.npa,segment,col,5,True,Global Consumer/ Private Banking; Global Wholesale Banking; Global Markets; Insurance; Others
OCBC_4Q25_Condensed_Financial_Statements,Oversea-Chinese Banking Corporation Ltd,bs.assets.total,ASSETS,row,3,True,Subtotal Assets; Investment securities for life insurance funds; Other assets for life insurance funds
OCBC_4Q25_Condensed_Financial_Statements,Oversea-Chinese Banking Corporation Ltd,bs.assets.total,At 31 December 2024,row,3,True,Segment assets; Unallocated assets; Elimination
OCBC_4Q25_Condensed_Financial_Statements,Oversea-Chinese Banking Corporation Ltd,bs.assets.total,At 31 December 2025,row,3,True,Segment assets; Unallocated assets; Elimination
OCBC_4Q25_Condensed_Financial_Statements,Oversea-Chinese Banking Corporation Ltd,bs.liabilities.total,At 31 December 2024,row,3,True,Segment liabilities; Unallocated liabilities; Elimination
OCBC_4Q25_Condensed_Financial_Statements,Oversea-Chinese Banking Corporation Ltd,bs.liabilities.total,At 31 December 2025,row,3,True,Segment liabilities; Unallocated liabilities; Elimination
OCBC_4Q25_Condensed_Financial_Statements,Oversea-Chinese Banking Corporation Ltd,bs.liabilities.total,LIABILITIES,row,2,True,Subtotal Liabilities; Insurance contract liabilities and other liabilities for life insurance funds
OCBC_4Q25_Condensed_Financial_Statements,Oversea-Chinese Banking Corporation Ltd,label:,Other comprehensive income:,row,2,True,Equity holders of the Bank; Non-controlling interests
OCBC_4Q25_Condensed_Financial_Statements,Oversea-Chinese Banking Corporation Ltd,label:amortisation of intangible assets,segment,col,5,True,Global Consumer/ Private Banking; Global Wholesale Banking; Global Markets; Insurance; Others
OCBC_4Q25_Condensed_Financial_Statements,Oversea-Chinese Banking Corporation Ltd,label:at end of period year,unlabeled,row,6,True,At beginning of period/year; Share buyback; Cancellation of shares; Share Option Scheme; Share Purchase Plan
OCBC_4Q25_Condensed_Financial_Statements,Oversea-Chinese Banking Corporation Ltd,label:attributable to equity holders of the bank total,EQUITY,row,5,True,Share capital; Other equity instruments; Capital reserves; Fair value reserves; Revenue reserves
OCBC_4Q25_Condensed_Financial_Statements,Oversea-Chinese Banking Corporation Ltd,label:attributable to total,unlabeled,row,2,True,Equity holders of the Bank; Non-controlling interests
OCBC_4Q25_Condensed_Financial_Statements,Oversea-Chinese Banking Corporation Ltd,label:capital expenditure,segment,col,5,True,Global Consumer/ Private Banking; Global Wholesale Banking; Global Markets; Insurance; Others
OCBC_4Q25_Condensed_Financial_Statements,Oversea-Chinese Banking Corporation Ltd,label:cash and cash equivalents at 31 december,Cash flows from financing activities,row,3,True,Net change in cash and cash equivalents; Net currency translation adjustments; Cash and cash equivalents at 1 January
OCBC_4Q25_Condensed_Financial_Statements,Oversea-Chinese Banking Corporation Ltd,label:deposits of non bank customers total,Deposits of non-bank customers,row,4,True,Fixed deposits; Savings deposits; Current accounts; Others
OCBC_4Q25_Condensed_Financial_Statements,Oversea-Chinese Banking Corporation Ltd,label:depreciation,segment,col,5,True,Global Consumer/ Private Banking; Global Wholesale Banking; Global Markets; Insurance; Others
OCBC_4Q25_Condensed_Financial_Statements,Oversea-Chinese Banking Corporation Ltd,label:fees and commissions net,Gross fee and commission income,row,2,True,Gross fee and commission income total; Fee and commission expense
OCBC_4Q25_Condensed_Financial_Statements,Oversea-Chinese Banking Corporation Ltd,label:gross fee and commission income total,Gross fee and commission income,row,10,True,Brokerage; Credit card; Fund management; Guarantees; Investment banking
OCBC_4Q25_Condensed_Financial_Statements,Oversea-Chinese Banking Corporation Ltd,label:gross non bank loans,segment,col,5,True,Global Consumer/ Private Banking; Global Wholesale Banking; Global Markets; Insurance; Others
OCBC_4Q25_Condensed_Financial_Statements,Oversea-Chinese Banking Corporation Ltd,label:net cash provided by operating activities,Cash flows from operating activities,row,2,True,Cash provided by operating activities; Income tax paid
OCBC_4Q25_Condensed_Financial_Statements,Oversea-Chinese Banking Corporation Ltd,label:net cash used in investing activities,Cash flows from investing activities,row,9,True,"Net cash outflow from acquisition of subsidiary; Dividends from associates; Purchases of debt and equity securities; Purchases of investment securities for life insurance funds; Purchases of property, plant and equipment"
OCBC_4Q25_Condensed_Financial_Statements,Oversea-Chinese Banking Corporation Ltd,label:net cash used in provided by financing activities,Cash flows from financing activities,row,9,True,Changes in non-controlling interests; Buy-back of shares for holding as treasury shares/cancellation; Dividends and distributions paid; Net (redemption)/issue of other debt issued; Net proceeds from perpetual capital securities issued
OCBC_4Q25_Condensed_Financial_Statements,Oversea-Chinese Banking Corporation Ltd,label:operating profit after allowances and amortisation,segment,col,5,True,Global Consumer/ Private Banking; Global Wholesale Banking; Global Markets; Insurance; Others
OCBC_4Q25_Condensed_Financial_Statements,Oversea-Chinese Banking Corporation Ltd,label:operating profit after allowances and amortisation,Half year ended 31 December 2024,row,3,True,Operating profit before allowances and amortisation; Amortisation of intangible assets; Allowances for loans and other assets
OCBC_4Q25_Condensed_Financial_Statements,Oversea-Chinese Banking Corporation Ltd,label:operating profit after allowances and amortisation,Half year ended 31 December 2025,row,3,True,Operating profit before allowances and amortisation; Amortisation of intangible assets; Allowances for loans and other assets
OCBC_4Q25_Condensed_Financial_Statements,Oversea-Chinese Banking Corporation Ltd,label:operating profit after allowances and amortisation,Year ended 31 December 2024,row,3,True,Operating profit before allowances and amortisation; Amortisation of intangible assets; Allowances for loans and other assets
OCBC_4Q25_Condensed_Financial_Statements,Oversea-Chinese Banking Corporation Ltd,label:operating profit after allowances and amortisation,Year ended 31 December 2025,row,3,True,Operating profit before allowances and amortisation; Amortisation of intangible assets; Allowances for loans and other assets
OCBC_4Q25_Condensed_Financial_Statements,Oversea-Chinese Banking Corporation Ltd,label:operating profit after allowances and amortisation,unlabeled,row,3,True,Operating profit before allowances and amortisation; Amortisation of intangible assets; Allowances for loans and other assets
OCBC_4Q25_Condensed_Financial_Statements,Oversea-Chinese Banking Corporation Ltd,label:operating profit before allowances and amortisation,segment,col,5,True,Global Consumer/ Private Banking; Global Wholesale Banking; Global Markets; Insurance; Others
OCBC_4Q25_Condensed_Financial_Statements,Oversea-Chinese Banking Corporation Ltd,label:operating profit before allowances and amortisation total,Operating profit before allowances and amortisation,row,6,True,Singapore; Malaysia; Indonesia; Greater China; Other Asia Pacific
OCBC_4Q25_Condensed_Financial_Statements,Oversea-Chinese Banking Corporation Ltd,label:other income,unlabeled,row,6,True,"Disposal of investment securities; Disposal/liquidation of subsidiaries and associates; Disposal of property, plant and equipment; Rental and property-related income; Dividends from FVOCI securities"
OCBC_4Q25_Condensed_Financial_Statements,Oversea-Chinese Banking Corporation Ltd,label:profit before income tax total,Profit before income tax,row,6,True,Singapore; Malaysia; Indonesia; Greater China; Other Asia Pacific
OCBC_4Q25_Condensed_Financial_Statements,Oversea-Chinese Banking Corporation Ltd,label:profit for the period year,unlabeled,row,2,True,Profit before income tax; Income tax expense
OCBC_4Q25_Condensed_Financial_Statements,Oversea-Chinese Banking Corporation Ltd,label:property plant and equipment total,"Property, plant and equipment",row,3,True,Depreciation; Maintenance and rental; Others
OCBC_4Q25_Condensed_Financial_Statements,Oversea-Chinese Banking Corporation Ltd,label:segment assets,segment,col,5,True,Global Consumer/ Private Banking; Global Wholesale Banking; Global Markets; Insurance; Others
OCBC_4Q25_Condensed_Financial_Statements,Oversea-Chinese Banking Corporation Ltd,label:segment liabilities,segment,col,5,True,Global Consumer/ Private Banking; Global Wholesale Banking; Global Markets; Insurance; Others
OCBC_4Q25_Condensed_Financial_Statements,Oversea-Chinese Banking Corporation Ltd,label:share of results of associates net of tax,segment,col,5,True,Global Consumer/ Private Banking; Global Wholesale Banking; Global Markets; Insurance; Others
OCBC_4Q25_Condensed_Financial_Statements,Oversea-Chinese Banking Corporation Ltd,label:subtotal assets,ASSETS,row,14,True,Cash and placements with central banks; Singapore government treasury bills and securities; Other government treasury bills and securities; Placements with and loans to banks; Loans to customers
OCBC_4Q25_Condensed_Financial_Statements,Oversea-Chinese Banking Corporation Ltd,label:subtotal liabilities,LIABILITIES,row,10,True,Deposits of non-bank customers; Deposits and balances of banks; Due to subsidiaries; Due to associates; Trading portfolio liabilities
OCBC_4Q25_Condensed_Financial_Statements,Oversea-Chinese Banking Corporation Ltd,label:total,Financial assets,row,3,True,Equity securities; Derivative receivables; Assets for life insurance funds
OCBC_4Q25_Condensed_Financial_Statements,Oversea-Chinese Banking Corporation Ltd,label:total,Financial assets measured at fair value,row,5,True,Placements with and loans to banks; Debt and equity securities; Derivative receivables; Government treasury bills and securities; Assets for life insurance funds
OCBC_4Q25_Condensed_Financial_Statements,Oversea-Chinese Banking Corporation Ltd,label:total,Financial liabilities,row,2,True,Derivative payables; Debt issued
OCBC_4Q25_Condensed_Financial_Statements,Oversea-Chinese Banking Corporation Ltd,label:total,Financial liabilities measured at fair value,row,4,True,Derivative payables; Trading portfolio liabilities; Debt issued/other deposits; Other liabilities for life insurance funds
OCBC_4Q25_Condensed_Financial_Statements,Oversea-Chinese Banking Corporation Ltd,label:total,Non-financial assets measured at fair value,row,2,True,Investment properties for life insurance funds; Associates
OCBC_4Q25_Condensed_Financial_Statements,Oversea-Chinese Banking Corporation Ltd,label:total assets total,Total assets,row,6,True,Singapore; Malaysia; Indonesia; Greater China; Other Asia Pacific
OCBC_4Q25_Condensed_Financial_Statements,Oversea-Chinese Banking Corporation Ltd,label:total comprehensive income for the year,unlabeled,row,2,True,Profit for the year; Other comprehensive income
OCBC_4Q25_Condensed_Financial_Statements,Oversea-Chinese Banking Corporation Ltd,label:total contributions by and distributions to owners,"Transactions with owners, recorded directly in equity",row,11,True,Transfers; Buy-back of shares for holding as treasury shares; Cancellation of shares; Dividends and distributions; DSP reserve from dividends on unvested shares
OCBC_4Q25_Condensed_Financial_Statements,Oversea-Chinese Banking Corporation Ltd,label:total debt issued by maturity,unlabeled,row,2,True,Within one year; Over one year
OCBC_4Q25_Condensed_Financial_Statements,Oversea-Chinese Banking Corporation Ltd,label:total deposits,Deposits of non-bank customers,row,2,True,Deposits of non-bank customers total; Deposits and balances of banks
OCBC_4Q25_Condensed_Financial_Statements,Oversea-Chinese Banking Corporation Ltd,label:total equity,EQUITY,row,3,True,Attributable to equity holders of the Bank (Total); Other equity instruments issued by subsidiary; Non-controlling interests
OCBC_4Q25_Condensed_Financial_Statements,Oversea-Chinese Banking Corporation Ltd,label:total income total,Total income,row,6,True,Singapore; Malaysia; Indonesia; Greater China; Other Asia Pacific
OCBC_4Q25_Condensed_Financial_Statements,Oversea-Chinese Banking Corporation Ltd,label:total other operating expenses,"Property, plant and equipment",row,2,True,"Property, plant and equipment total; Other operating expenses"
OCBC_4Q25_Condensed_Financial_Statements,Oversea-Chinese Banking Corporation Ltd,pnl.income.total,segment,col,5,True,Global Consumer/ Private Banking; Global Wholesale Banking; Global Markets; Insurance; Others
OCBC_4Q25_Condensed_Financial_Statements,Oversea-Chinese Banking Corporation Ltd,pnl.income.total,Half year ended 31 December 2024,row,2,True,Net interest income; Non-interest income
OCBC_4Q25_Condensed_Financial_Statements,Oversea-Chinese Banking Corporation Ltd,pnl.income.total,Half year ended 31 December 2025,row,2,True,Net interest income; Non-interest income
OCBC_4Q25_Condensed_Financial_Statements,Oversea-Chinese Banking Corporation Ltd,pnl.income.total,Year ended 31 December 2024,row,2,True,Net interest income; Non-interest income
OCBC_4Q25_Condensed_Financial_Statements,Oversea-Chinese Banking Corporation Ltd,pnl.income.total,Year ended 31 December 2025,row,2,True,Net interest income; Non-interest income
OCBC_4Q25_Condensed_Financial_Statements,Oversea-Chinese Banking Corporation Ltd,pnl.nii.interest_expense,Interest expense,row,3,True,Deposits of non-bank customers; Deposits and balances of banks; Other borrowings
OCBC_4Q25_Condensed_Financial_Statements,Oversea-Chinese Banking Corporation Ltd,pnl.nii.interest_income,Interest income,row,3,True,Loans to customers; Placements with and loans to banks; Other interest-earning assets
OCBC_4Q25_Condensed_Financial_Statements,Oversea-Chinese Banking Corporation Ltd,pnl.nii.net,segment,col,5,True,Global Consumer/ Private Banking; Global Wholesale Banking; Global Markets; Insurance; Others
OCBC_4Q25_Condensed_Financial_Statements,Oversea-Chinese Banking Corporation Ltd,pnl.noninterest.total,segment,col,5,True,Global Consumer/ Private Banking; Global Wholesale Banking; Global Markets; Insurance; Others
OCBC_4Q25_Condensed_Financial_Statements,Oversea-Chinese Banking Corporation Ltd,pnl.noninterest.total,unlabeled,row,7,True,Insurance service results from life insurance; Net investment income from life insurance; Net insurance financial result from life insurance; Insurance service results from general insurance; Fees and commissions (net)
OCBC_4Q25_Condensed_Financial_Statements,Oversea-Chinese Banking Corporation Ltd,pnl.opex.total,unlabeled,row,2,True,Staff costs; Other operating expenses
OCBC_4Q25_Condensed_Financial_Statements,Oversea-Chinese Banking Corporation Ltd,pnl.profit.pretax,Half year ended 31 December 2024,row,2,True,"Operating profit after allowances and amortisation; Share of results of associates, net of tax"
OCBC_4Q25_Condensed_Financial_Statements,Oversea-Chinese Banking Corporation Ltd,pnl.profit.pretax,Half year ended 31 December 2025,row,2,True,"Operating profit after allowances and amortisation; Share of results of associates, net of tax"
OCBC_4Q25_Condensed_Financial_Statements,Oversea-Chinese Banking Corporation Ltd,pnl.profit.pretax,Year ended 31 December 2024,row,2,True,"Operating profit after allowances and amortisation; Share of results of associates, net of tax"
OCBC_4Q25_Condensed_Financial_Statements,Oversea-Chinese Banking Corporation Ltd,pnl.profit.pretax,Year ended 31 December 2025,row,2,True,"Operating profit after allowances and amortisation; Share of results of associates, net of tax"
OCBC_4Q25_Condensed_Financial_Statements,Oversea-Chinese Banking Corporation Ltd,pnl.profit.pretax,unlabeled,row,2,True,"Operating profit after allowances and amortisation; Share of results of associates, net of tax"
OCBC_4Q25_Condensed_Financial_Statements,Oversea-Chinese Banking Corporation Ltd,pnl.provisions.total,segment,col,5,True,Global Consumer/ Private Banking; Global Wholesale Banking; Global Markets; Insurance; Others
OCBC_4Q25_Condensed_Financial_Statements,Oversea-Chinese Banking Corporation Ltd,pnl.provisions.total,unlabeled,row,4,True,Impaired loans; Impaired other assets; Non-impaired loans; Non-impaired other assets
UOB_1Q25_performance-highlights,United Overseas Bank Ltd,label:net profit before tax,Selected income statement items (S$m),row,4,True,Operating profit; Less: Amortisation of intangible assets; Allowance for credit and other losses; Add: Share of profit of associates and joint ventures
UOB_1Q25_performance-highlights,United Overseas Bank Ltd,label:operating profit,Selected income statement items (S$m),row,2,True,Total income; Less: Total expenses
UOB_1Q25_performance-highlights,United Overseas Bank Ltd,label:operating profit,unlabeled,row,2,True,Total income; Less: Total expenses
UOB_1Q25_performance-highlights,United Overseas Bank Ltd,label:total,Key financial ratios (%),row,2,True,General; Specific
UOB_1Q25_performance-highlights,United Overseas Bank Ltd,pnl.income.total,Selected income statement items (S$m),row,3,True,Net interest income; Net fee income; Other non-interest income
UOB_1Q25_performance-highlights,United Overseas Bank Ltd,pnl.income.total,unlabeled,row,3,True,Net interest income; Net fee income; Other non-interest income
UOB_1Q25_performance-highlights,United Overseas Bank Ltd,pnl.profit.net_attributable,Selected income statement items (S$m),row,2,True,Net profit before tax; Less: Tax and non-controlling interests
UOB_3Q25_Performance_Highlights,United Overseas Bank Ltd,label:net profit before tax,Selected income statement items (S$m),row,4,True,Operating profit; Less: Amortisation of intangible assets; Allowance for credit and other losses; Add: Share of profit of associates and joint ventures
UOB_3Q25_Performance_Highlights,United Overseas Bank Ltd,label:operating profit,Selected income statement items (S$m),row,2,True,Total income; Less: Total expenses
UOB_3Q25_Performance_Highlights,United Overseas Bank Ltd,label:operating profit,unlabeled,row,2,True,Total income; Less: Total expenses
UOB_3Q25_Performance_Highlights,United Overseas Bank Ltd,label:total,Key financial ratios (%),row,2,True,General; Specific
UOB_3Q25_Performance_Highlights,United Overseas Bank Ltd,pnl.income.total,Selected income statement items (S$m),row,3,True,Net interest income; Net fee income; Other non-interest income
UOB_3Q25_Performance_Highlights,United Overseas Bank Ltd,pnl.income.total,unlabeled,row,3,True,Net interest income; Net fee income; Other non-interest income
UOB_3Q25_Performance_Highlights,United Overseas Bank Ltd,pnl.profit.net_attributable,Selected income statement items (S$m),row,2,True,Net profit before tax; Less: Tax and non-controlling interests
UOB_4Q25_condensed-financial-statements,United Overseas Bank Ltd,bs.assets.customer_loans_gross,segment,col,4,True,GR; GWB; GM; Others
UOB_4Q25_condensed-financial-statements,United Overseas Bank Ltd,bs.assets.npa,segment,col,4,True,GR; GWB; GM; Others
UOB_4Q25_condensed-financial-statements,United Overseas Bank Ltd,bs.assets.total,segment,col,4,True,GR; GWB; GM; Others
UOB_4Q25_condensed-financial-statements,United Overseas Bank Ltd,bs.assets.total,1H25,row,2,True,Total assets before intangible assets; Intangible assets
UOB_4Q25_condensed-financial-statements,United Overseas Bank Ltd,bs.assets.total,2024,row,2,True,Total assets before intangible assets; Intangible assets
UOB_4Q25_condensed-financial-statements,United Overseas Bank Ltd,bs.assets.total,2025,row,2,True,Total assets before intangible assets; Intangible assets
UOB_4Q25_condensed-financial-statements,United Overseas Bank Ltd,bs.assets.total,2H24,row,2,True,Total assets before intangible assets; Intangible assets
UOB_4Q25_condensed-financial-statements,United Overseas Bank Ltd,bs.assets.total,2H25,row,2,True,Total assets before intangible assets; Intangible assets
UOB_4Q25_condensed-financial-statements,United Overseas Bank Ltd,bs.assets.total,Assets,row,16,True,"Cash, balances and placements with central banks; Singapore Government treasury bills and securities; Other government treasury bills and securities; Trading securities; Placements and balances with banks"
UOB_4Q25_condensed-financial-statements,United Overseas Bank Ltd,bs.assets.total,At 30 June 2025,row,3,True,Segment assets; Intangible assets; Investment in associates and joint ventures
UOB_4Q25_condensed-financial-statements,United Overseas Bank Ltd,bs.assets.total,At 31 December 2024,row,3,True,Segment assets; Intangible assets; Investment in associates and joint ventures
UOB_4Q25_condensed-financial-statements,United Overseas Bank Ltd,bs.assets.total,At 31 December 2025,row,3,True,Segment assets; Intangible assets; Investment in associates and joint ventures
UOB_4Q25_condensed-financial-statements,United Overseas Bank Ltd,bs.assets.total,Dec 24,row,2,True,Total financial assets; Non-financial assets
UOB_4Q25_condensed-financial-statements,United Overseas Bank Ltd,bs.assets.total,Dec 25,row,2,True,Total financial assets; Non-financial assets
UOB_4Q25_condensed-financial-statements,United Overseas Bank Ltd,bs.liabilities.total,Dec 24,row,2,True,Total financial liabilities; Non-financial liabilities
UOB_4Q25_condensed-financial-statements,United Overseas Bank Ltd,bs.liabilities.total,Dec 25,row,2,True,Total financial liabilities; Non-financial liabilities
UOB_4Q25_condensed-financial-statements,United Overseas Bank Ltd,bs.liabilities.total,Liabilities,row,9,True,Deposits and balances of banks; Deposits and balances of customers; Deposits and balances of subsidiaries; Bills and drafts payable; Derivative financial liabilities
UOB_4Q25_condensed-financial-statements,United Overseas Bank Ltd,label:,By security,row,4,True,Properties; Shares and debentures; Fixed deposits; Others
UOB_4Q25_condensed-financial-statements,United Overseas Bank Ltd,label:,Investment securities,row,4,True,Deposits and balances of banks and customers; Derivative financial liabilities; Other liabilities; Debts issued
UOB_4Q25_condensed-financial-statements,United Overseas Bank Ltd,label:,unlabeled,row,2,True,Equity holders of the Bank; Non-controlling interests
UOB_4Q25_condensed-financial-statements,United Overseas Bank Ltd,label:1 884,Other non-interest income,row,4,True,Net trading income; Net gain/(loss) from investment; Rental income; Other income
UOB_4Q25_condensed-financial-statements,United Overseas Bank Ltd,label:2 569,Net fee and commission income,row,2,True,"3,464; Less: Fee and commission expenses"
UOB_4Q25_condensed-financial-statements,United Overseas Bank Ltd,label:3 464,Net fee and commission income,row,6,True,Credit card 1; Fund management; Wealth management; Loan-related 2; Trade-related 3
UOB_4Q25_condensed-financial-statements,United Overseas Bank Ltd,label:additional tier 1 capital at1,unlabeled,row,1,True,Perpetual capital securities/others
UOB_4Q25_condensed-financial-statements,United Overseas Bank Ltd,label:additions to fixed assets,segment,col,4,True,GR; GWB; GM; Others
UOB_4Q25_condensed-financial-statements,United Overseas Bank Ltd,label:allowance for write back of credit and other losses,segment,col,4,True,GR; GWB; GM; Others
UOB_4Q25_condensed-financial-statements,United Overseas Bank Ltd,label:amortisation of intangible assets,segment,col,4,True,GR; GWB; GM; Others
UOB_4Q25_condensed-financial-statements,United Overseas Bank Ltd,label:balance at end of period,Ordinary shares,row,2,True,Balance at beginning of period; Shares re-purchased - cancelled
UOB_4Q25_condensed-financial-statements,United Overseas Bank Ltd,label:balance at end of period,Treasury shares,row,3,True,Balance at beginning of period; Shares re-purchased - held in treasury; Shares issued under share-based compensation plan
UOB_4Q25_condensed-financial-statements,United Overseas Bank Ltd,label:cash and cash equivalents at end of the financial year,Cash flows from financing activities,row,2,True,Net decrease in cash and cash equivalents; Cash and cash equivalents at beginning of the financial year
UOB_4Q25_condensed-financial-statements,United Overseas Bank Ltd,label:common equity tier 1 capital cet1,unlabeled,row,3,True,Share capital; Disclosed reserves/others; Regulatory adjustments
UOB_4Q25_condensed-financial-statements,United Overseas Bank Ltd,label:depreciation of assets,segment,col,4,True,GR; GWB; GM; Others
UOB_4Q25_condensed-financial-statements,United Overseas Bank Ltd,label:equity attributable to equity holders of the bank,Equity,row,3,True,Share capital and other capital; Retained earnings; Other reserves
UOB_4Q25_condensed-financial-statements,United Overseas Bank Ltd,label:intangible assets,segment,col,4,True,GR; GWB; GM; Others
UOB_4Q25_condensed-financial-statements,United Overseas Bank Ltd,label:investment in associates and joint ventures,segment,col,4,True,GR; GWB; GM; Others
UOB_4Q25_condensed-financial-statements,United Overseas Bank Ltd,label:net cash provided by used in operating activities,Cash flows from operating activities,row,2,True,Cash generated from/(used in) operations; Income tax paid
UOB_4Q25_condensed-financial-statements,United Overseas Bank Ltd,label:net cash used in investing activities,Cash flows from investing activities,row,5,True,Capital injection into associates and joint ventures; Proceeds from disposal of associates and joint ventures; Distribution from associates and joint ventures; Purchase of properties and other fixed assets; Disposal of properties and other fixed assets
UOB_4Q25_condensed-financial-statements,United Overseas Bank Ltd,label:net cash used in provided by financing activities,Cash flows from financing activities,row,9,True,Issuance of debts issued; Redemption of debts issued; Shares re-purchased - cancelled; Shares re-purchased - held in treasury; Change in non-controlling interests
UOB_4Q25_condensed-financial-statements,United Overseas Bank Ltd,label:non performing assets npa,unlabeled,row,2,True,"Loans (""NPL""); Debt securities and others"
UOB_4Q25_condensed-financial-statements,United Overseas Bank Ltd,label:operating income,segment,col,4,True,GR; GWB; GM; Others
UOB_4Q25_condensed-financial-statements,United Overseas Bank Ltd,label:operating income,1H25,row,2,True,Net interest income; Non-interest income
UOB_4Q25_condensed-financial-statements,United Overseas Bank Ltd,label:operating income,2024,row,2,True,Net interest income; Non-interest income
UOB_4Q25_condensed-financial-statements,United Overseas Bank Ltd,label:operating income,2025,row,2,True,Net interest income; Non-interest income
UOB_4Q25_condensed-financial-statements,United Overseas Bank Ltd,label:operating income,2H24,row,2,True,Net interest income; Non-interest income
UOB_4Q25_condensed-financial-statements,United Overseas Bank Ltd,label:operating income,2H25,row,2,True,Net interest income; Non-interest income
UOB_4Q25_condensed-financial-statements,United Overseas Bank Ltd,label:operating profit,Selected income statement items ($m),row,2,True,Total income; Less: Operating expenses
UOB_4Q25_condensed-financial-statements,United Overseas Bank Ltd,label:operating profit after allowance and amortisation,unlabeled,row,3,True,Operating profit before allowance and amortisation; Less: Amortisation of intangible assets; Allowance for credit and other losses
UOB_4Q25_condensed-financial-statements,United Overseas Bank Ltd,label:other operating expenses total,unlabeled,row,4,True,Revenue-related; IT-related; Occupancy-related; Others
UOB_4Q25_condensed-financial-statements,United Overseas Bank Ltd,label:profit for the financial period,1H25,row,2,True,Profit/(Loss) before tax; Tax
UOB_4Q25_condensed-financial-statements,United Overseas Bank Ltd,label:profit for the financial period,2H24,row,2,True,Profit/(Loss) before tax; Tax
UOB_4Q25_condensed-financial-statements,United Overseas Bank Ltd,label:profit for the financial period,2H25,row,2,True,Profit/(Loss) before tax; Tax
UOB_4Q25_condensed-financial-statements,United Overseas Bank Ltd,label:profit for the financial period,unlabeled,row,2,True,Profit before tax; Less: Tax
UOB_4Q25_condensed-financial-statements,United Overseas Bank Ltd,label:profit for the financial year,2024,row,2,True,Profit/(Loss) before tax; Tax
UOB_4Q25_condensed-financial-statements,United Overseas Bank Ltd,label:profit for the financial year,2025,row,2,True,Profit/(Loss) before tax; Tax
UOB_4Q25_condensed-financial-statements,United Overseas Bank Ltd,label:profit loss before tax,segment,col,4,True,GR; GWB; GM; Others
UOB_4Q25_condensed-financial-statements,United Overseas Bank Ltd,label:profit loss before tax,1H25,row,5,True,Operating income; Operating expenses; Amortisation of intangible assets; (Allowance for)/Write-back of credit and other losses; Share of profit/(loss) of associates and joint ventures
UOB_4Q25_condensed-financial-statements,United Overseas Bank Ltd,label:profit loss before tax,2024,row,5,True,Operating income; Operating expenses; Amortisation of intangible assets; (Allowance for)/Write-back of credit and other losses; Share of profit/(loss) of associates and joint ventures
UOB_4Q25_condensed-financial-statements,United Overseas Bank Ltd,label:profit loss before tax,2025,row,5,True,Operating income; Operating expenses; Amortisation of intangible assets; (Allowance for)/Write-back of credit and other losses; Share of profit/(loss) of associates and joint ventures
UOB_4Q25_condensed-financial-statements,United Overseas Bank Ltd,label:profit loss before tax,2H24,row,5,True,Operating income; Operating expenses; Amortisation of intangible assets; (Allowance for)/Write-back of credit and other losses; Share of profit/(loss) of associates and joint ventures
UOB_4Q25_condensed-financial-statements,United Overseas Bank Ltd,label:profit loss before tax,2H25,row,5,True,Operating income; Operating expenses; Amortisation of intangible assets; (Allowance for)/Write-back of credit and other losses; Share of profit/(loss) of associates and joint ventures
UOB_4Q25_condensed-financial-statements,United Overseas Bank Ltd,label:segment assets,segment,col,4,True,GR; GWB; GM; Others
UOB_4Q25_condensed-financial-statements,United Overseas Bank Ltd,label:segment liabilities,segment,col,4,True,GR; GWB; GM; Others
UOB_4Q25_condensed-financial-statements,United Overseas Bank Ltd,label:share capital and other capital of the bank and the group,Treasury shares,row,6,True,Ordinary share capital; 3.58% non-cumulative non-convertible perpetual capital securities issued on 17 July 2019; 2.25% non-cumulative non-convertible perpetual capital securities issued on 15 January 2021; 2.55% non-cumulative non-convertible perpetual capital securities issued on 22 June 2021; 4.25% non-cumulative non-convertible perpetual capital securities issued on 4 July 2022
UOB_4Q25_condensed-financial-statements,United Overseas Bank Ltd,label:share of profit loss of associates and joint ventures,segment,col,4,True,GR; GWB; GM; Others
UOB_4Q25_condensed-financial-statements,United Overseas Bank Ltd,label:subtotal other comprehensive income that will not be reclassified,Other comprehensive income that will not be reclassified to income statement,row,4,True,Net gain/(loss) on equity instruments at fair value through other comprehensive income; Fair value changes on financial liabilities designated at fair value due to the Bank's own credit risk; Remeasurement of defined benefit obligation; Related tax on items at fair value through other comprehensive income
UOB_4Q25_condensed-financial-statements,United Overseas Bank Ltd,label:tier 2 capital,unlabeled,row,2,True,Subordinated notes; Provisions/others
UOB_4Q25_condensed-financial-statements,United Overseas Bank Ltd,label:total,By ageing,row,4,True,Current; Within 90 days; Over 90 to 180 days; Over 180 days
UOB_4Q25_condensed-financial-statements,United Overseas Bank Ltd,label:total,By currency,row,6,True,Singapore Dollar; US Dollar; Malaysian Ringgit; Thai Baht; Indonesian Rupiah
UOB_4Q25_condensed-financial-statements,United Overseas Bank Ltd,label:total,By grading,row,3,True,Substandard; Doubtful; Loss
UOB_4Q25_condensed-financial-statements,United Overseas Bank Ltd,label:total,By maturity,row,4,True,Within 1 year; Over 1 year but within 3 years; Over 3 years but within 5 years; Over 5 years
UOB_4Q25_condensed-financial-statements,United Overseas Bank Ltd,label:total,By product,row,4,True,Fixed deposits; Savings deposits; Current accounts; Others
UOB_4Q25_condensed-financial-statements,United Overseas Bank Ltd,label:total,By security,row,2,True,; Unsecured
UOB_4Q25_condensed-financial-statements,United Overseas Bank Ltd,label:total,Interest bearing assets,row,3,True,Customer loans; Interbank balances; Securities
UOB_4Q25_condensed-financial-statements,United Overseas Bank Ltd,label:total,Interest bearing liabilities,row,2,True,Customer deposits; Interbank balances/others
UOB_4Q25_condensed-financial-statements,United Overseas Bank Ltd,label:total,Interest expense,row,2,True,Customer deposits; Interbank balances/others
UOB_4Q25_condensed-financial-statements,United Overseas Bank Ltd,label:total,Interest income,row,3,True,Customer loans; Interbank balances; Securities
UOB_4Q25_condensed-financial-statements,United Overseas Bank Ltd,label:total,Key financial ratios (%),row,2,True,General; Specific
UOB_4Q25_condensed-financial-statements,United Overseas Bank Ltd,label:total,Secured,row,2,True,Due within 1 year; Due after 1 year
UOB_4Q25_condensed-financial-statements,United Overseas Bank Ltd,label:total,Total allowance,row,2,True,General; Specific
UOB_4Q25_condensed-financial-statements,United Overseas Bank Ltd,label:total,unlabeled,row,8,True,"Transport, storage and communication; Building and construction; Manufacturing; Financial institutions, investment and holding companies; General commerce"
UOB_4Q25_condensed-financial-statements,United Overseas Bank Ltd,label:total comprehensive income attributable to equity holders and non controlling interests,Other comprehensive income that may be subsequently reclassified to income statement,row,2,True,Equity holders of the Bank; Non-controlling interests
UOB_4Q25_condensed-financial-statements,United Overseas Bank Ltd,label:total equity,Equity,row,2,True,Equity attributable to equity holders of the Bank; Non-controlling interests
UOB_4Q25_condensed-financial-statements,United Overseas Bank Ltd,label:total financial liabilities,Dec 24,row,5,True,Deposits and balances of banks and customers; Bills and drafts payable; Derivative financial liabilities; Other liabilities; Debts issued
UOB_4Q25_condensed-financial-statements,United Overseas Bank Ltd,label:total financial liabilities,Dec 25,row,5,True,Deposits and balances of banks and customers; Bills and drafts payable; Derivative financial liabilities; Other liabilities; Debts issued
UOB_4Q25_condensed-financial-statements,United Overseas Bank Ltd,label:total gross,By currency,row,6,True,Singapore Dollar; US Dollar; Malaysian Ringgit; Thai Baht; Indonesian Rupiah
UOB_4Q25_condensed-financial-statements,United Overseas Bank Ltd,label:total gross,By geography,row,6,True,Singapore; Malaysia; Thailand; Indonesia; Greater China
UOB_4Q25_condensed-financial-statements,United Overseas Bank Ltd,label:total gross,By industry,row,8,True,"Transport, storage and communication; Building and construction; Manufacturing; Financial institutions, investment and holding companies; General commerce"
UOB_4Q25_condensed-financial-statements,United Overseas Bank Ltd,label:total gross,By maturity,row,4,True,Within 1 year; Over 1 year but within 3 years; Over 3 years but within 5 years; Over 5 years
UOB_4Q25_condensed-financial-statements,United Overseas Bank Ltd,pnl.income.total,Selected income statement items ($m),row,3,True,Net interest income; Net fee and commission income; Other non-interest income
UOB_4Q25_condensed-financial-statements,United Overseas Bank Ltd,pnl.nii.net,segment,col,4,True,GR; GWB; GM; Others
UOB_4Q25_condensed-financial-statements,United Overseas Bank Ltd,pnl.nii.net,unlabeled,row,2,True,Interest income; Less: Interest expense
UOB_4Q25_condensed-financial-statements,United Overseas Bank Ltd,pnl.noninterest.total,segment,col,4,True,GR; GWB; GM; Others
UOB_4Q25_condensed-financial-statements,United Overseas Bank Ltd,pnl.noninterest.total,unlabeled,row,5,True,Net fee and commission income; Net trading income; Net gain/(loss) from investment securities; Rental income; Other income
UOB_4Q25_condensed-financial-statements,United Overseas Bank Ltd,pnl.opex.total,segment,col,4,True,GR; GWB; GM; Others
UOB_4Q25_condensed-financial-statements,United Overseas Bank Ltd,pnl.opex.total,unlabeled,row,2,True,Less: Staff costs; Other operating expenses
UOB_4Q25_condensed-financial-statements,United Overseas Bank Ltd,pnl.profit.net_attributable,Selected income statement items ($m),row,2,True,Net profit before tax; Less: Tax and non-controlling interests
UOB_4Q25_condensed-financial-statements,United Overseas Bank Ltd,pnl.profit.pretax,1H25,row,5,True,Operating income; Operating expenses; Amortisation of intangible assets; (Allowance for)/Write-back of credit and other losses; Share of profit/(loss) of associates and joint ventures
UOB_4Q25_condensed-financial-statements,United Overseas Bank Ltd,pnl.profit.pretax,2024,row,5,True,Operating income; Operating expenses; Amortisation of intangible assets; (Allowance for)/Write-back of credit and other losses; Share of profit/(loss) of associates and joint ventures
UOB_4Q25_condensed-financial-statements,United Overseas Bank Ltd,pnl.profit.pretax,2025,row,5,True,Operating income; Operating expenses; Amortisation of intangible assets; (Allowance for)/Write-back of credit and other losses; Share of profit/(loss) of associates and joint ventures
UOB_4Q25_condensed-financial-statements,United Overseas Bank Ltd,pnl.profit.pretax,2H24,row,5,True,Operating income; Operating expenses; Amortisation of intangible assets; (Allowance for)/Write-back of credit and other losses; Share of profit/(loss) of associates and joint ventures
UOB_4Q25_condensed-financial-statements,United Overseas Bank Ltd,pnl.profit.pretax,2H25,row,5,True,Operating income; Operating expenses; Amortisation of intangible assets; (Allowance for)/Write-back of credit and other losses; Share of profit/(loss) of associates and joint ventures
UOB_4Q25_condensed-financial-statements,United Overseas Bank Ltd,pnl.profit.pretax,unlabeled,row,2,True,Operating profit after allowance and amortisation; Share of profit of associates and joint ventures
